A0039616ADOZ0KMWQRNX	0
A101C2665VHZ7E	3
A102ABZF13SEY3	2
A103B5CCPS04JZ	3
A105LKVNPLAUI8	1
A108TM6JIPEPIC	2
A10AYKX0VARJP8	1
A10BSJ3VULGHSX	3
A10BXI441RIG3E	0
A10CGTF3GZ2V65	3
A10CRW7XRJBJ2G	0
A10CXN30QESV2P	2
A10E96SMA4Z9HV	2
A10EGQ9E4RNAH9	0
A10F15DU5XF86H	3
A10FHRP5FRAEUU	2
A10IQOLWLV5JG7	2
A10J4FAHSKLY1A	1
A10J501WHPACLY	2
A10LIHFA4SSK3F	1
A10LQVM2DXHRLG	2
A10NXGLR5OVG49	1
A10O03WA13RUU0	2
A10O2N1P60AVHN	1
A10OMZPEEVEIAN	2
A10QIV2NCUF5JK	3
A10VVD2S6W6ICO	3
A10W3MOS0SK8PR	3
A10XEZE8282PEO	0
A110HKL1BEAZ9A	0
A110M2KRZB0IS3	2
A111NGJ54UA7P8	1
A1132FTD26QAMH	1
A113NTB33VRXCI	1
A114CAD225LE9R	2
A117MV0HUKFBTJ	3
A117Q3W4LPC9VL	2
A11OHHI0OTDS1O	0
A11PRR9MH232DA	2
A11RIT79IRA0G	2
A11RKUW0CWHM42	2
A11TL78PNBS336	2
A11YCTS27037PE	1
A11Z4T6V45G4WV	3
A121FEVXZ8AEF2	3
A123879TGBH5LB	0
A124Z4U0M9LYRU	0
A128AUTW4BV5PK	0
A12945RSJ6UKPM	3
A1294HX1Q9ITHL	2
A129AMZAPS5AVU	0
A129K5G1RWD1AB	2
A129RG6M8FK6X4	2
A12BLL6A4RSVT6	2
A12E0Y0J6584RT	1
A12H16YQ8LCTUZ	0
A12IKGICRWZB8V	0
A12LS74R1VSW8P	2
A12MQC2RK8STW5	1
A12OS9SFFPVDTY	1
A12T879N5BH5S1	1
A12U7SMFO9A3EA	0
A12XEC6JZGEF1C	2
A12XN0OWPHP3IR	0
A12YHPYIGPWORQ	1
A12YRN8C7Z2J52	2
A12YSUHTXNY9D	0
A12ZSSIXMEKS6Y	2
A12ZWZ4LSG3Y4O	3
A130UVK8O9OL09	0
A130Y004D49GW1	1
A1338XYDPMM60Y	0
A137GSDGWFMPYH	2
A1397DQN386E18	3
A13A1QD0I3G7PS	3
A13CAA06E8EZ5T	0
A13CHYH1CGJ0T4	1
A13CIKH3UXEKTP	1
A13CVE1T2SPYJW	3
A13D12ZCO48TFI	1
A13E8LUTO0RD4Q	0
A13G1TKIKHGV3F	3
A13GZJFMDL3N6Q	1
A13JXUSM8LBRVS	3
A13K3427UOLWTM	1
A13LF5H5LGKLY	1
A13QOK3SKIT9QL	3
A13SGS8WVW3AHB	1
A13Z6Z0CSPC45V	1
A13ZBVP39YRG7P	1
A1411TPFIDGE5G	3
A141FW9KFSBRD0	2
A145GAPU58YKFX	0
A147IUKM21QP3Y	0
A147YWI1H90RHQ	0
A148Z0GAPZRHM0	3
A1495LBHT9UJ2K	1
A149QPGARP90L9	1
A14CRLBLX6JI1C	2
A14EXULVMJGDFJ	0
A14HY9Q6YP6A4R	2
A14J4O0OENU4WO	3
A14JS60X130HW7	2
A14KT9JQH718BF	3
A14MLWH24VOIA	0
A14PVW2N5YBWSA	1
A14QRX6H54S9XY	0
A14QZB5UN72CRN	3
A14RI643SRLVW4	2
A14SM4DIPN22MI	2
A14ZFX4R4V531P	0
A14ZUWQKAZUWLX	1
A1501C38OCSEMA	1
A150YGMFVCMQE7	1
A152UFLXEWD78Z	2
A153DUZNW9ZI1E	0
A1549N12WU81AS	3
A154LF7THOX5E2	2
A1579PMWWO8JTI	2
A158O14L8EHIXX	1
A159N08WJAF683	3
A159WCF5886K3M	2
A15CDUCJVFPNOB	0
A15CRKT74XSOYP	2
A15E6K4ZILA22P	1
A15ENCZ5GRYG0B	1
A15GTJCCAVVFKP	1
A15I376IYIWAM5	1
A15IM5461HBLTH	1
A15J313X9WRDNR	3
A15LOTBKMJQ01X	2
A15MNSG479AU4S	3
A15NQIJ8G9LZ4W	2
A15PDPK6GRMKPB	1
A15RL5IYZ0536U	0
A15TPMGVDKLKVU	3
A15ZTSBNL56ME0	3
A160PW94TGPQN0	2
A162VOJ6CEW8KK	3
A1630NB3IQ2B7V	2
A165SOQVP59FU0	0
A166E6VIEMDQG1	0
A167HQBMKCQPZG	0
A167LI5AE1K00H	3
A16BFX66AW4EA5	3
A16E2NDY0BNEZR	3
A16ERMJK7CN7T1	0
A16FBEJW3ZCFJQ	0
A16H7WMCQHISMJ	0
A16HTRUA6UK6A1	3
A16LX0WS2L5DGL	2
A16NH50TOP4LLC	2
A16U5IPQUPMEXY	2
A16Y2L5VQCGYAB	2
A16ZROYKG27HYY	3
A1725QP6PFK31V	0
A172OCT7EH9YG5	2
A174HNP78HTXWK	2
A177L1HOSEVXQ2	3
A178LMUI4Y1RBZ	2
A178P2JNCGTILX	2
A179W82ZRC7D6T	2
A17ABLG3PP2P8V	1
A17ADRC42O22P1	0
A17AZ60KXC862U	0
A17B0OMTGBSRW9	1
A17BBFA5H439J9	3
A17CF9OT0639S5	0
A17DFH9XTXN4X6	3
A17E3NBADNTI3X	2
A17JX1FM0UH0VX	1
A17M8T8G034IVZ	2
A17N49XU8Z8R2L	2
A17NX7T7DW6KL2	0
A17OSCJ0LDO3GD	1
A17PQ7FSO34RX1	3
A17Q5KPQ2UYE8V	1
A17QA527FEBNO2	2
A17QTNWS98HSPU	0
A17UFHKP0RVNJK	2
A17XUEYBXQ6TFX	1
A17XVESWRKAAM1	0
A17Y35R1W2WMZF	2
A183VX9JGPARDF	2
A1864GYFQ2O2G0	0
A18A1IL4PX2MV3	0
A18CJ6F3GVH8UQ	1
A18DI7OM4K7A0S	1
A18E6Q2C3Y6JHO	1
A18FDJ9Q9II2BY	3
A18IDLDIFLBMPD	0
A18IYKERP0TV7Z	0
A18J2EN2VAKHQX	2
A18N1CVQJM6FD3	2
A18SIT75V72X7S	0
A18U5O2HGNVZQX	1
A18UD1PH9SYR55	2
A18WKEP1NZZN68	2
A18X4KF9OVKWXY	1
A18YNBJYMLD1SI	1
A19284DX9QYBYI	3
A1933E1UMQGLOP	1
A19A3PVE3OM3CZ	2
A19H2QSSZEZDND	3
A19LREJRBTEOGG	1
A19MC9L4XIFO5R	2
A19NHSE5MIB2AB	2
A19NYI5N6T479S	1
A19RX1385OIKRI	1
A19WEEGB05YAZ3	3
A19XM9DIPHOBBL	0
A19YHHGPQ45P83	0
A1A11IG5FO55TM	3
A1A2NZCNHI0S29	1
A1A36G5Y28L0F9	0
A1A5HRQWSF1QTZ	1
A1A6GFCU3GJ5XT	3
A1A8JOD97WCQB4	2
A1ABWTXGRDOQR5	1
A1AERHSYCE0WIA	1
A1AIK0L7NOF85Y	0
A1AM22D7KFJRXR	1
A1AMJB2NZKCGJV	0
A1AMS02KVZ81GK	2
A1AODA0DCSV4WY	2
A1AOG14D07H0C3	3
A1ARZ97SQA4ERB	2
A1AY3QFDTS3ZZQ	2
A1B1NRB23SZLJA	1
A1B1QSO9D555DL	1
A1B2GCF26JM1XL	1
A1B2TIX9F7RG8Y	3
A1B30D2NSWQA3F	2
A1B5MXKVQHLDI1	0
A1BAC58U4QZ2KO	2
A1BDO8IJDZCP9	3
A1BFYSPSU0F8L7	2
A1BGMU4POIUSP9	3
A1BHQKJH7J3NPL	1
A1BIRXGJFUW3YH	0
A1BJUHUP2Z53AE	3
A1BKH7WGI7N5RN	2
A1BL9ZPHVUMDS4	1
A1BMFJCCN4VOZC	3
A1BNHVMROVZ3P8	0
A1BOC7RS4R3NFO	1
A1BQD247VSY7YI	2
A1BTNM09VAVMFB	1
A1BUFEA9Y7EEFA	3
A1BXXEC61UEY94	1
A1BY3X5VLBBBQC	3
A1C1D90EVIA4Y	2
A1C6FWJETHAMSC	2
A1C6Q6919G7TQ8	0
A1C955T0YL4POA	3
A1CA4C0PPTHVWU	0
A1CA6WP9QZYKQ	1
A1CANGVKCCXCHG	3
A1CDHB4QASOJT7	0
A1CGX97N84N4PG	1
A1CHLH4C26NU40	3
A1CI6B8F98QSU8	1
A1CI6J1UA4UBEK	1
A1CILYTWYFCOCC	0
A1CIQEJQBMP6MD	2
A1CIUVH219FZC1	0
A1CLOF3PUWJUKZ	3
A1CMWDLOMHP7PQ	0
A1CQ582JDNIMS9	3
A1CSD31W1OTDF	3
A1CSOV3XIVPP61	0
A1CVX4MNZTOH7S	3
A1CX0EXRMEKW5	3
A1D0BYYTRHT0XC	1
A1D1KHYQ8EN3JP	1
A1D2AGLK0ZJS2K	0
A1D2NDKVAS8NG1	0
A1D34PWBMF8OIC	0
A1D5UIZD890BID	2
A1D8JRD6VMDYN0	0
A1D8KV88A3D7IZ	1
A1DAHDBQZR7N0K	0
A1DBU1X381Z9UE	2
A1DDPM0B6PRHGW	0
A1DE59A1A0802B	3
A1DEFZJIFSZ5II	2
A1DGZ4K92VEPEC	2
A1DH93XJGWKR4G	2
A1DIZ1QKN6GVSN	1
A1DKPQLKD01H5L	1
A1DMU07D5NMQY8	3
A1DN7BFJCQVOHO	2
A1DPK8HQ0YS0GZ	1
A1DR5ASXWI9UNJ	3
A1DSDZH0O6I72R	1
A1DSW5XRE615F6	2
A1DUF1G9JLKPST	3
A1DUZ012R1NDJF	3
A1DVOBTTQCEUGF	1
A1DWTRFHUT40RI	2
A1E1612O8GUPIH	1
A1E1OXZ26E2S9	1
A1E4FO21A296FN	1
A1E6HRGLBQ5ZRI	1
A1EBE397YDGR3B	0
A1EDJIFWMNCRVE	0
A1EFO68URD5M9Q	1
A1EGUVF9JA7N1W	0
A1EHUV4XKICEVK	1
A1EJ4YRE7P2Z3K	0
A1ENGDWZMUH0IC	3
A1EOXNA2SGT34A	2
A1ERFTLFT1C946	1
A1EYBP3CS1YS0W	2
A1F18ZBP8EX834	2
A1F460NLF8A7BF	2
A1F5TTC2OVAF6O	0
A1F7YU6O5RU432	1
A1F8OW9O90PQ82	0
A1FD6K0KE4LOKC	0
A1FDRF4X6XK7YB	2
A1FEOW0CMG3WG5	1
A1FFTE8O92RZF7	2
A1FFWZK7N6MRAQ	0
A1FI7VOVA8UH8Y	1
A1FKEBK0JW5H54	0
A1FMWLZ9YY91XI	0
A1FN0LOYNUZ3XS	0
A1FP2KJC61SIXE	1
A1FPJTFUR74J18	2
A1FPW39SQOWEO8	1
A1FQAQO2VKWRN	3
A1FSDVI5NC5OZW	3
A1FVMGXU0OWDJQ	0
A1FW39QZNGXH3A	0
A1FWDOPAG2TUHT	1
A1FZDW2H4OJGO4	2
A1G3LQTNG8V4HU	3
A1G60ANYI0HMEU	2
A1G6DBE43E0K9J	1
A1G6N1TUV3RLZF	0
A1GCCGOEMQFE5Q	0
A1GD15M60TBDYO	3
A1GD1VY01DFZ8R	1
A1GDGX206VQVP4	0
A1GEI1VM550LQA	1
A1GF1FJ7TK5D9H	0
A1GFBJIP26BYHT	1
A1GJLPT1BOBUQ9	1
A1GJSWM4GF9Y9H	1
A1GL5MUTLM5IDL	0
A1GLO039G5VVBM	0
A1GMJ9NVQZL9C	1
A1GNH16F36FDNQ	2
A1GP7SFKQ719HI	3
A1GPGF6Z5XY5JQ	0
A1GS9JE88E6JJS	1
A1GT1QTHBFOGOW	2
A1GWG83O0FNB1T	1
A1H0P7ESJE2109	0
A1H2VSW753RFLA	1
A1H2WJSALF3E9U	3
A1H4D9AB1SJCPE	3
A1HAIYQFY54VBD	3
A1HBEOZEYHJ8I0	2
A1HBQZEEGCULC4	2
A1HCVZAHPRAO6O	3
A1HDAOQ1O6OUEM	2
A1HDKLA7UB0276	0
A1HDQXBXT8QR2T	3
A1HEBBV9LQT1H8	3
A1HHFEAS8M5K77	2
A1HI2HJ01AJHOV	1
A1HJCE84P50B8T	2
A1HM9ZCU43N6XD	2
A1HNXVJFCGIDZ5	1
A1HOIJ5QX2ATY8	2
A1HPXZPXE50KKI	3
A1HS3ZRAEYAXLE	2
A1HSYKR9P4CIGP	1
A1HTN4QNENZL2S	0
A1HTOF10X31LKV	0
A1HW58ZPHSG39U	3
A1HZ3E0K3OSXNH	0
A1HZSQPD9FMO1F	0
A1I2Y1ADOUZU0M	0
A1I3HC9KFXPHD8	0
A1I57DBBYG9TGA	1
A1I6S4061SH9A	0
A1I8GFP6RLH988	0
A1I8V2D3QPMSXA	2
A1I9IXJ8FF2F55	2
A1IAOAENI96AM6	1
A1ICNJNMQ3B7K6	0
A1IE6EZPNUWKBW	0
A1IEQH75LCDIR3	0
A1IGV6P7AVHJFQ	0
A1IH8362AKZX4W	1
A1II2ZRPKZAQQD	0
A1IKAU0JXRM4ZN	0
A1IKBIWNTIC6KA	3
A1IOJ3D38A6VK2	3
A1IOVHQ2GM88TB	1
A1IVH9FJ77G0Y4	0
A1IYNA974ZAI0T	2
A1J41G572BIEXL	0
A1J7OLE6AMQ3RN	0
A1J81924NJU06G	0
A1J9LW078SZFQQ	1
A1JC0BR1N8ZFSU	3
A1JIHHK858CZ1P	2
A1JIXAJ1HVTDM3	3
A1JOANG98KBFKU	3
A1JPWUFBU7ADLW	3
A1JRR70W88X7ZO	0
A1JV4RDIF1QTIJ	3
A1JWCMWSKDDQC4	1
A1JWKEIRE7TNKN	3
A1JWXP6CF31OA1	3
A1JXPJQMJJ7K5Q	3
A1JZLGD25SZ54A	2
A1K1A9YP6LD83S	1
A1K1K123BLIFO2	2
A1K2MC6NMBC3V3	2
A1K3BCUBHOCQMB	0
A1K4RDT9ERE5RW	2
A1K5965WQSAL9	1
A1K6X1QXYIZ2NN	2
A1K8YIE417UERX	1
A1K9XSXX1MOV3O	1
A1KBJCZXDBULKM	2
A1KBVJDNXHU8M1	3
A1KDDP0A12OR3L	0
A1KFETW4PU0NRM	3
A1KGJYZTTISKX9	1
A1KHWRJY1LKKW3	0
A1KIHI72Z4FY0S	3
A1KKYMJO7JOUHE	3
A1KMV1HTZW5QOH	1
A1KTONH2QMMZ59	3
A1KTUN83EOUTGU	2
A1KTYZ2U91M9EL	3
A1KV8QHOF6ULJJ	1
A1KW4RA07S6RI7	1
A1KWPH58C8RPSM	1
A1L00EILJ8RSCR	0
A1L2BXW6QLR42U	0
A1L2W7CQPVIU80	0
A1L3C40W4PRMHD	0
A1L6PD52EJ98IK	3
A1LA4K5JF78BER	1
A1LAQZGU2SXVIL	1
A1LBYNNA0N9675	2
A1LI2ATMNI61I9	1
A1LJD46EET097	1
A1LNNL67MI7HKI	2
A1LNO09JFZN003	2
A1LPXW0AG9PDZB	2
A1LQ8WKERJ49KS	3
A1LRBGM3T7RPV3	1
A1LSIZSCPRUWT7	2
A1LTACSBR25MWW	2
A1LV1RB7XTAM83	1
A1LV9WFFOA3OBZ	2
A1LXXVFHS0HB66	1
A1LZ6KITXV1WTB	1
A1LZ6SX4P0T4SB	3
A1M0GNYX2UU86	1
A1M1ZZCMOH111Y	1
A1M5DXLAYRLXX	2
A1M66AD1QS02VQ	2
A1M7FBQNALQ7V6	2
A1M83GICZ9T7JO	0
A1MBZOI8FJ2VNC	3
A1MFSU988EPN8E	0
A1MG7E74MOU4U1	1
A1MHVXGUHO5KP8	1
A1ML1ZUEVTL9IG	1
A1MLBMJSFK6BIJ	2
A1MM0PTPU44TY8	1
A1MNL6EPKGAEWP	3
A1MNSVIV6JAB3X	0
A1MPEA6KPF8CRG	1
A1MPRNZ820L6Q1	1
A1MQNUZLV1HBAQ	1
A1MR0YFHCSYADT	3
A1MTVCGAP6CBJH	1
A1MZSNQ28IA9FR	0
A1N0WLRUY1WAJD	2
A1N1SLW6LN0YSY	3
A1N1Y8HKMWDOKQ	3
A1N48A650JW0QH	0
A1N57Q26L0G3F	2
A1N60284MDFKRV	2
A1N883KAZECGRP	2
A1N98SH8G0P6B0	0
A1NJ9OSQZOZB02	2
A1NJX0AL4YLUF3	1
A1NJZ0JFK22BFN	1
A1NKTV949O5F3S	1
A1NLNI8A6G0DT2	1
A1NPFGJBVLC2JM	0
A1NQLTN01DG1K2	3
A1NTJFYIY6DT3L	1
A1NVOAF2YE4Y5N	2
A1NW6WL4CH3XZN	3
A1NWGP62BZ12UA	0
A1NWQUWPMC20MC	3
A1NX4IQ6TYWYFB	0
A1NXVR61ZRYJTB	1
A1NZWP9R0ZOEN8	0
A1NZXC57K4LU3S	2
A1O2GI8HY753QN	1
A1O30HOQ0DHVBE	1
A1O3A6GS1L73FS	3
A1O3IFGYJIV9OR	0
A1O5CHSBQUHFXK	2
A1O5XICSN3MDBK	3
A1O6L57A65PMOY	2
A1O7GS4P9Y12GO	3
A1O7P5HEIWQSVQ	0
A1O86FG7GU7T3M	2
A1O997I0SSI9UW	1
A1OBNNKJ44I9I	1
A1OCSXPDHLKWNF	0
A1OD2E7OCW8TVP	2
A1OECWWF9LDU4S	2
A1OFE9UKC3IZVI	3
A1OGUSVDTTWLS9	3
A1OKNIKI54VQ1K	1
A1OKZQU7P8WVEJ	2
A1OLL5LSNFYOC5	1
A1ONQB8YT2GUVD	0
A1ONWT7G0B1MKT	1
A1ORMKHT7076MO	0
A1OTCNDCWN7XZN	3
A1OXB70YIFU89C	3
A1OXCD0BV1ATC4	3
A1OXHZQKIINXGO	1
A1OXMWMT1KDUQY	2
A1OYE818TLQVRX	1
A1OZKW2L2CP6QN	1
A1P1LIJJWWCKTU	0
A1P2J0O4YFATGT	1
A1P46ZUN8P8T7H	0
A1P62PK6QVH8LV	3
A1P6H6YINSK9HF	0
A1P7P3KS6Q9MLH	0
A1P8STS1S97WT9	2
A1PAGHECG401K1	0
A1PAWK44WSZD83	3
A1PBVAS4IQZZ9F	3
A1PC2G2UJ5H4WC	3
A1PM6SK9DFY9C5	1
A1PMTMUG5JOACR	2
A1PN6IM9VJ1FPU	0
A1PNQBECG6A907	3
A1PPITE3FR4M6K	2
A1PPUCP32K8LBI	2
A1PRZPMYZ03TYA	1
A1PTG3ZYN5ZCJA	3
A1PTNPLE0UQLQI	3
A1PYZO1C37E3	0
A1Q21ZNXVA3GL1	1
A1Q4QSC47IL4Z3	0
A1Q6BKOJ230RM6	2
A1Q7J89DIVOAXD	1
A1Q8KRGN5G048F	0
A1Q9UVHD2PGCVU	3
A1QBOYGFYFEFGK	1
A1QC1HQHXR8RPH	1
A1QCDKT5XOECY4	2
A1QCULR3SQ9IIP	0
A1QGN1MJB76GX2	0
A1QJ6G5B7VRAYP	2
A1QNCQMHBMKPH5	2
A1QPTMBQ65JDND	2
A1QT59E0CX088V	1
A1R00L5UDF8U2O	2
A1R1BFJCMWX0Y3	3
A1R2ZEPU3OZBPR	2
A1R3B9ONNDC6E3	2
A1R3NZ5YF1AU3F	3
A1R56WGS6ZU0V1	1
A1R5BJD094DDS6	1
A1R72XQ3L6DIEP	3
A1R802O360CKD6	2
A1R8MKQ66MP1SU	0
A1R9DTU6B2XJK0	0
A1R9U2OOP95CQY	3
A1RA699WDHL266	2
A1RC1LLML179F7	1
A1RDM8SEQSL8AG	2
A1RDXV1JDK4YX5	3
A1REJLZGOVCH0P	2
A1RGHQ7MGULXY6	0
A1RI4ZMD5JY56S	0
A1RLQXYNCMWRWN	2
A1RN061R8U3Q35	1
A1RNN36I8SRZN9	0
A1RO56A7EAYL3Q	2
A1RPF1X31BXJ24	0
A1RPVFGX9DAA42	3
A1RQA300MOSSM7	1
A1RQE5UK32DX18	2
A1RRABVF0BJ0P2	2
A1RS61X6DFPUCL	3
A1RTATNIUEATS8	2
A1RUBG997D1RKH	1
A1RXJD5B0PF3Y1	3
A1RY5J3MZ5H9IG	3
A1RZLTY4BR8N4Q	0
A1S36VOW98EHM6	1
A1S6XQFHUYXUW2	2
A1S92LXMF2Z9GQ	1
A1SBUM00RCDDF0	3
A1SDDXPBGU6KPJ	1
A1SFQR9PFRO215	0
A1SGKV9YQI2WGI	2
A1SGZO8UDGYLMP	3
A1SJNYL5G5X29D	2
A1SO9973NWUMJ	1
A1SY8LLI0IJJEC	0
A1SZ3RTWBYNQQ0	3
A1SZNUM63S73WW	0
A1SZUQFCE7EK3Z	0
A1T02GVM1RLT3W	3
A1T3E7YIDSUR8R	1
A1T4H85SQ8SBX1	3
A1T5NTG8IMZ5MW	1
A1T79JVV0YPGHL	2
A1T801A08HCRJT	2
A1T9QKDSI3F43X	2
A1T9VRUCUKIVRD	2
A1TAM2LUBMOOF4	3
A1TBBNB1TC7RXZ	2
A1TBLHXFVWYQ0B	3
A1TCBV4E5R44DX	3
A1TDOSL2IW356	2
A1THKO8CLGF5WO	1
A1THXLK8F5EX0F	3
A1TI9R7BAF7XJV	0
A1TK18XISJCST8	2
A1TKQHJD1LPVM2	0
A1TLB53RUGAT99	2
A1TM1FUT1WF0EP	1
A1TPBBYCYETMAI	0
A1TPWGBNIYJ76F	1
A1TQ36QKQT2N93	3
A1TQA6YZYQVJBC	3
A1TRBBXLH7IJBL	1
A1TSXR8925E2DE	2
A1TTZD2SRBE8K2	3
A1TW0RARVFGASN	1
A1TYNCGMWYLOI1	3
A1TZ1QV2QD7QZV	2
A1U4B1237XI3NH	0
A1U5H9EUQUBNI5	1
A1U7X676VKNKKG	2
A1U8ITI3W13QFE	2
A1U8XJ70B95KBV	3
A1UA6M8KXWPKOM	1
A1UGTL408O21XS	0
A1UGX53S8ZKSGJ	2
A1UKXSFULX0VS5	1
A1UOVYR0ED4C94	2
A1UQUDT2Q0YENM	2
A1UQYXX3UZMH89	2
A1USFSPFVGX3UF	1
A1UUSXLM8A5B1Y	2
A1UUTZ3CJM9UZT	3
A1UXO90ETPLIBC	0
A1UXYIWSQDS4JE	0
A1V034KMB5IM27	0
A1V23UPYC2NPHX	1
A1V3VTD58XHCZ	0
A1V4M6VGORCL16	0
A1V9ZZWIBSX0BI	0
A1VAHZVYDI6SYZ	2
A1VBSVWWJVPQQH	3
A1VHJ0L4XAZA25	1
A1VHZC3YC95MH7	1
A1VJ5U2PKLFDRS	1
A1VM0DU10K0DE6	0
A1VMMMFNAMF87S	3
A1VR27AT4Q7OIQ	2
A1VT4BAXU8WTRB	3
A1VU9Q4VTFH0U3	2
A1VUR9OSP0HGK7	0
A1VVIW0FLKQSNW	1
A1VWQSLSXSI4AD	1
A1VXLNSVU0FSRI	1
A1VYHMT27TY4DC	0
A1W2QUQJOH6MP	2
A1W3Q2YIJU79CF	0
A1W5DT8R96DWQ3	1
A1W6947O0W7SFK	3
A1W6S7OXUIHMBN	0
A1WAZ8A8GCA1PZ	1
A1WC73HPU6FL1H	0
A1WDQXFG1VB9MG	0
A1WEXZBHVK0WKX	3
A1WFFHWCSLYUD	1
A1WGDEQCX7C852	3
A1WJNMN676RP7R	2
A1WND56CIWDEI1	1
A1WO3NF40ZOYL7	2
A1WOLYSTSPL4FK	3
A1WPO8LZHY3YN2	0
A1WQFGEIHAHHJZ	0
A1WSWZABHWUMQL	1
A1WUDZE1V1SEKL	1
A1WVFMUVW6KTMK	0
A1WXI7CNL53RZU	3
A1WYP9Q7GTMUY9	1
A1WYPL0OTLHH7Z	0
A1WZ976N4OCHUI	1
A1WZW62Y25EEC	3
A1X0N1I8PTOBYW	1
A1X4GCKIHYE2N3	1
A1X5K5AFPF2LNJ	3
A1X5MLAVX8LO3I	0
A1X6B7HHJIFKHO	1
A1X9RE3J400EBG	2
A1X9TDA1QLX63M	2
A1XA7YL1WK5Y7B	1
A1XGS9XDLLRADG	3
A1XI8W0Z63RWLJ	2
A1XM5DQ8Q4JNZD	2
A1XM64QY9AF7T4	1
A1XMLDELA2WROU	2
A1XO14IVF1X1FT	2
A1XPEFX0FAQ4EO	1
A1XRT0AQUYSXW2	1
A1XSJY8O6AOWM8	1
A1XSQPFFOID3I1	2
A1XWYDYTJYWXQP	1
A1XXEP0R83K13A	3
A1XXFQL2L385LL	2
A1XYBW0ENDP5GN	1
A1XYL66JRJNFQV	0
A1Y03DOSTP3ZWD	3
A1Y0ED0DZMD1OS	1
A1Y0IW3RYX3SWE	0
A1Y3CJ4DTAZXR8	0
A1Y5LKQWZOW0UE	3
A1Y6XEK1GVCG9A	3
A1YEVA9TUKZ1YA	0
A1YEWAQK5VHDZZ	0
A1YGDHN09USR72	1
A1YGF6C1I3QA4G	3
A1YGH7UJZIJXUZ	0
A1YGTSI3GGWL9S	1
A1YIWB8X544YMP	0
A1YM09VJF71ING	2
A1YOAHJAQ3KNDZ	1
A1YS0ZM8HAAB58	1
A1YS5RLYZOECTW	1
A1YSZDVNKBGZ67	0
A1YW2LXWU8MZFZ	2
A1YX507RY36O7Y	0
A1YXVLZKRQ3ZJE	0
A1YY59E939WE23	0
A1YYBHHV9ALB3P	1
A1Z03DZN5BQOVY	1
A1Z0M14CYMVW75	2
A1Z0XZHCGZNNS0	3
A1Z1METEPCQ50U	0
A1Z2XJLN6CH4TC	0
A1Z5RFY5AYTSP9	2
A1Z5WRHOERLUXJ	0
A1Z9XI85MV7BLO	0
A1Z9XQ6N0NERE9	1
A1ZDJ65ZVFU11I	2
A1ZE56EBLYAKBL	3
A1ZF39HYSMINEF	3
A1ZF3IVQUQX3VE	0
A1ZG2PZGBZ2DLN	0
A1ZGYR8O1IU3JQ	3
A1ZHJL1OQEGUKH	1
A1ZI2AYFJISEGH	0
A1ZILSMQWL01NZ	0
A1ZIU77BFIZ16P	1
A1ZKC6PM7K0HM8	2
A1ZMXZMAUJQS6B	0
A1ZN2OD5419P7D	0
A1ZNNVJEM3Z8CT	1
A1ZTGDHEKNO86M	2
A1ZVMD0IG00D6S	0
A1ZYIJPYNVEZPN	0
A204RNV7KWUNYN	2
A208M3NWFPOS43	0
A208Y1ZPM9OUNF	3
A209E8DH9CO99R	1
A20C788JESBFIM	2
A20D2ZFUVB06QI	2
A20FT6YUDSGZ4S	2
A20G7L1QN5FCUV	2
A20H3GJ9QVJ7YQ	1
A20HHN3GKPY2S7	0
A20JVK430FJK1Y	0
A20L0I8RB5XCMT	1
A20M625JHPQUQ9	0
A20M7W2JZBBIL2	1
A20O95CT3UCL8K	2
A20PAC3AUDY9KE	0
A20Q7MA30524QI	3
A20R5KJ9XKQKU3	0
A20SHWNY89U5K5	3
A20U6VK8RTVZCZ	1
A20UWEPFJ32EP0	0
A20WMVSZP1S63A	0
A20YPJGVCQ5W6J	2
A212FU3V1GBB9V	3
A212XU6UWSE09O	0
A215WH6RUDUCMP	2
A2161FSD1VAOYG	3
A216SKRFFQU4ZM	0
A2187ZD3U90738	1
A218YZQCYF04RH	3
A219N9MB3EDWKE	1
A21ACKP1NWDCDJ	0
A21AGX262NNTNO	0
A21CK5ZZM6SCM5	3
A21CXMNADO5YCS	1
A21HVTDJI4XRGS	1
A21MKF9PZH16AM	0
A21R8JYHVCJOV5	1
A21RVVY0WNSPD	1
A21SEHWKBOATQ0	1
A21STIH8VQ9I7X	2
A21VXRW49LDWNV	1
A22243BX28C8PK	0
A222FK0Y3J0GIL	3
A22546AON5ZG9X	2
A225L8NTXN221E	2
A225Z87QLC1AAW	2
A226VGZWOEBPGL	3
A2279PSP7M8DJQ	0
A227FZFWWJUPJF	0
A228BUXXQ7SP4B	3
A22AWU9NUVE0IZ	0
A22CW0ZHY3NJH8	2
A22DAAC80X5NM0	3
A22E52JF4GGL4S	0
A22EDNAXKD73S	1
A22G64MP2WZHO0	0
A22GN9ZQJ6MHL5	0
A22H0VM1D2K93H	3
A22H1CVJMBR01R	0
A22HIWG4NIZW05	1
A22JYCQLD9X0CY	2
A22RGI7ZRQ8ZWL	3
A22RLA634EOB46	3
A22UXPEPDIO2JV	2
A22UYJG20MFH1T	1
A22X1I8LT7G346	0
A22Y5CLJ7UZHCS	0
A231LBC8EGPO5L	3
A231TIF54F0L7L	1
A232X3CFKAQVQT	1
A2330TT8537PQQ	2
A235YCL6N5H485	2
A2371CXE95KLG6	0
A237PG5L4HJ54Q	0
A2394OBNZ226S5	3
A2394RT0LN8QI4	2
A2397Q5FC93EFN	0
A239UMY0K8RDF	1
A23C3GWI1ITI87	3
A23C6JAQEGDI48	0
A23DZ4UZF62LGT	2
A23EX7DR46MW5K	3
A23H2PFUJ98LDX	0
A23KJ3E6MUPIMD	1
A23OP9UIE28F47	0
A23TDL0WBGBMRZ	0
A23TNDVW6L0JOF	1
A23UCZ7S0N8BI7	2
A23WE733QT4WGJ	1
A23YGJWPJ7JEQ1	3
A241OTD9QZ0Q0H	3
A242ADDCE3YB3U	2
A242BISFVXPN4Y	3
A2484F5697Z1GB	1
A249FFW3PGLIZD	2
A24AVH6Y1P8Y66	2
A24B2SXKEBZT7I	0
A24D3WAE2W0PNG	1
A24DXJ2BLNA1OD	3
A24FQ4VIE98WVL	2
A24G62OMEFDAM8	3
A24HPX50XSOTXF	1
A24J5SATTU8KQH	1
A24NHILYTLWA87	3
A24OJFE3D9WU2K	2
A24PJD3IU4AR0P	1
A24Q6EJWVWNOLP	2
A24R2T2F2PQF6R	0
A24RCBRDXRXR0Y	1
A24RQOJKSS5HC5	2
A24T2P7NW63GOG	2
A24T8OY1AE0MHL	3
A24TKI6L5RKZWK	0
A24WNSFMU28T2T	1
A24XZUSD5TAKUL	1
A24ZI3MAG5H8WO	0
A2503LT8PZIHAD	3
A250GLG6ZR9PQX	1
A256ETJUW8C9BQ	3
A259AKFES47VYJ	2
A259U7E2COXEE0	2
A25CYJ1NFIY2J8	3
A25EM40MFLKFWT	0
A25F46LSUTLS4E	0
A25FPP54N27G00	0
A25FQ93ZKLC7ZZ	1
A25G0KJXAR5HB5	1
A25JFWB1JAFT52	2
A25L4C2DUZNGMV	1
A25LDRX8AJN5SE	0
A25LUVMU38IFWP	0
A25M0ZCALO1J57	2
A25MOB0DSP3S37	3
A25N1DTJOUMN7P	3
A25N1OCRPOMZL	2
A25NXMKVEQOVQS	2
A25SF3QWQOJLUK	1
A25UA49T51HDJ6	0
A25XQLJGGA4EWP	3
A25Y99OJ59YFH9	0
A262OFS18KH8YO	0
A263LD08LLTRC8	0
A263R480TEV86D	0
A264MBH6IHCFNX	0
A264XUQY755NPT	0
A26775N0COJ8XR	0
A267XCR8NWLIH1	2
A268SGYAWBGUZR	0
A268WUHQ6CYR2Z	0
A26AJD7134R2I8	1
A26BDXG9KVH7SU	1
A26C72DWWYGUEF	1
A26EQ8U96JA92T	3
A26GFPRH3K92PH	0
A26IAWIOK1ZIII	1
A26JAQOV8CCQCQ	1
A26L9EZ9NVTKFN	2
A26OUN1PN6FVRB	2
A26PQWNHILNYQP	1
A26R40Y5W3CUQ7	3
A26R58ZEJXCM3S	1
A26SQX0XNXY42X	2
A26TBK48L5D5XO	2
A26TYI1UEQ2EY9	2
A26U2W3KKN6WS9	1
A26WHR1IP0A250	3
A26XQ560ONOYCU	3
A26YVJ57N8SD7D	1
A272M47F02R35K	0
A272UIPJFLLX56	1
A273QY96ZJHQRI	0
A276OI0NHBYORX	3
A276RHM6BBPDTY	3
A278544YHUSEZO	3
A2794DTNJX7SR3	3
A2795IHMF2VIZY	1
A27B7BLC8S3K8M	2
A27B89565BHT6L	1
A27FBG8NXUK1D5	1
A27G2VX10I2DIB	1
A27HJEHC62OTQ4	0
A27IELEAAISD54	3
A27ITQZGKQGEPQ	1
A27J2Y7F97MNJB	3
A27LY7GY9Z3RS9	0
A27NZGDZXYPZWG	1
A27PS10MW4O83I	0
A27Q1VGAXOCO34	2
A27T7LW9O29PU3	1
A27WGWACHNQUR4	3
A27WNOGQ087MBO	1
A27XH49VOAK167	3
A27YO0IV0OU5YL	3
A27YPHTNU7N5AK	1
A27YWM76PA3FWS	0
A28075V58MT085	1
A281R6UQT78HTU	2
A2821JHS6G012Y	3
A284PKE0ZFBOMV	0
A287KE2I1VSAK2	2
A288N1B4QZEC6Q	0
A288OIPO7ZECYI	3
A28D0HKPYRENXL	2
A28D2PDS4GDE57	1
A28GD7XSI40W4E	2
A28H6QEP122GIF	1
A28K1R7XISSCWP	3
A28LFDIEUNH4GI	1
A28LNO8FI24ANE	1
A28LTA9UPL1A8C	0
A28M21AGN18JV3	3
A28M65QIZE9TYE	1
A28MP7UG64FG5N	1
A28NS9DKMV22G5	2
A28PEDHPKW8LS5	2
A28QQBP9051CFU	1
A28SYHTF60P3JW	2
A28XC9S72C1DWB	2
A28XVLY0EQN2MF	1
A28Y4DAZH0VXKW	3
A290AAW9DWN4ZY	2
A2917FV4XPTDDP	1
A29381YVBY63P5	3
A293DNFD7CVRIL	1
A294W48TKRR57P	0
A29A7G2BZKELLT	3
A29BHW9YT2FZ77	0
A29CEX7EC3C093	0
A29D65FWH0ZD24	3
A29FLXUCXT8VNK	1
A29FZTD3412PW1	0
A29GFUF468GAI4	3
A29GK1C2HF5N51	0
A29JZ68RPB0GI5	2
A29LWKSZAGEAE3	0
A29N1B370UZAIW	3
A29P321J1N7Y0A	0
A29PKN4LL05QGF	1
A29Q0OHIK5VOLQ	2
A29R6EF8YWGY4I	2
A29U8EASOWZ7CV	1
A29USV7RNW5RN7	1
A29VG90T649CSU	1
A29Y9A04FE6N17	2
A2A34X2X14KH8A	2
A2A444MFNFFYAV	0
A2A4JX4VK40HWI	1
A2A7BRILAQ4OI2	3
A2A7KXM9B4XW90	0
A2A8JTMILJ5FQH	2
A2ACU5N0GZ87GF	2
A2AF2AJGRS1BM9	0
A2AGCW9F202N4G	3
A2AJNPYXTVSSTR	2
A2AL582V4PXFWL	3
A2ALW1HP7H85IR	2
A2AO9GGMG6BXPF	1
A2ARGSLO1MBNOV	1
A2ARQUQHHSQWP9	2
A2AWAXPNKJT5TE	0
A2AXUXCIT8IRBT	1
A2B1O5K18LC81W	3
A2B35MXYEJPVWR	2
A2B55FV6ZOCV2C	1
A2B5608Y1QTOVB	0
A2B7RR5H4JBN0F	1
A2B9U8PM51PQK2	2
A2BC4FSNKK3SDK	0
A2BD4PA680QAY1	0
A2BE308HHODTFS	0
A2BEOM8XY43OT2	3
A2BF74G3UIWVHH	0
A2BGNDKRT0423B	1
A2BGZHGYJTMC3A	2
A2BHK9O173K52M	3
A2BI17R30EEPX7	2
A2BJGIMQ44K1JI	3
A2BLXPFKFZE4ZJ	1
A2BM098YJZ33O	1
A2BMJUI1IAPCI2	1
A2BMZYOIFB9BSJ	1
A2BNUB123I2GQ3	0
A2BSQYAG3UM6QF	1
A2BUFJATR2IG9B	1
A2BUPFYUOFL8WH	2
A2BVQQG3NMMUF2	0
A2BVRTOS8B6K3	0
A2BVWIKJ39KIFO	2
A2BXQZ4ZT9IV4K	1
A2BY4WIS1J6CDA	2
A2BYPTJWDMBGJD	2
A2BZ16RKE13PKV	2
A2C0KQLB84PQGG	1
A2C25Z1J3DYFOU	3
A2C652Z72ZMFG5	0
A2C6NG7V7ELOKG	3
A2C728305OOX52	0
A2C8HJJV21AOI9	2
A2C8X5GJ18AKRP	0
A2C9NF3X1YZHQE	1
A2CA396S96A8PQ	0
A2CA7IYFIW9CI7	0
A2CDMQQELK4VML	3
A2CDULZ7C2VNGP	1
A2CFY7XVQUFOUG	1
A2CGI9IB8WD9I4	0
A2CL9HAHSV4BIC	1
A2CN4W7WER75VM	3
A2CNW01VDMU189	1
A2CPSLKW6DC416	1
A2CSEP3PHBAZTA	0
A2CSV9CERNYUA	1
A2CV9JWP8HZQ3L	2
A2CWNOKHJJ0MIX	1
A2CXH7WCC2XYKD	2
A2CZS4016XB22K	0
A2D1BTBNO5Z6ZE	1
A2D6Q8USRXIJAC	1
A2D7L2YX25O25R	2
A2D81IOWXGD3AW	3
A2D9J11ABBRCNL	0
A2DBTXTUPU97ZR	2
A2DD1K2URQ2CGB	3
A2DGMBU95VLFEZ	2
A2DHBOLCVKTKNU	2
A2DLFARWWFAU7E	2
A2DOT7N5PVYN8K	1
A2DP0A04WM5H70	3
A2DTA3P6BGNF1Y	2
A2DVZALB8C2955	3
A2DWSBW6PQ8WC7	2
A2DZXABJPTOXB5	2
A2E04TTQ5BMGE7	0
A2E20GZYBH18XP	2
A2E4K4E6H0K1DY	2
A2E4L0YXNXBG8P	0
A2E4M5PIKDFI2V	2
A2E4PZM2S7ETMI	2
A2E6MLDVHD7AZ2	1
A2E829OI2WYQV3	2
A2E8TK122AADUG	0
A2E9CNXACTEHLT	0
A2E9LVZ51TXBOL	0
A2EAOKEBPBTJL1	1
A2EC4861EOT72E	3
A2EDP785O0T7EU	1
A2EEHCSVK7T2IP	2
A2EF6PMM6MHOLX	0
A2EG8HE11LJ607	1
A2EHO9K020IF4C	2
A2EHPMD0D39IU7	0
A2EJTDGBG03JTJ	1
A2EKCQPP31988K	2
A2EKKVI841KAC7	3
A2EL9PXGSDY2HZ	0
A2EM5IHRZDOZQA	0
A2EMNXKUPGIIYG	3
A2EQKXCDOXJ6HJ	2
A2ERXGKYG74VKG	2
A2ESG4AYM4Z6AB	2
A2EU2P3XVM91A5	3
A2EV5VS4518MAQ	2
A2EZG2OANP5R53	3
A2F06AN5TRPWY0	0
A2F12SWF5B8ZNH	0
A2F142AZ11029K	2
A2F24DKF3EF4EG	2
A2F29ZE6OSBCUZ	3
A2F2DC7KL40QWI	0
A2F7KPIXQHYKNT	3
A2F97CEJXIH3PD	0
A2FAHW9XUHAIIK	1
A2FBR1RNKF2GFH	1
A2FCL1CKPWR3FP	1
A2FCOJC1HAXRBO	2
A2FHX4ODHRHGLK	1
A2FIR7IL2KSG3J	3
A2FN9NRMH551OH	3
A2FOKTH7IZX388	0
A2FT6SS295GODF	2
A2FXPS2AKD51C7	2
A2FXQC6IJHWI16	0
A2FYS34YQD1ZQ9	1
A2FZ41BQ47HSIM	0
A2G1XHSBTXY9WJ	2
A2G449X3YMO7G9	2
A2G5GEB5F5RUEB	3
A2G5NSIBZ4YST5	2
A2G7THP7QR9NSR	3
A2G9AVNR3TJW7F	2
A2GBB8U6KRJC7M	0
A2GBND1BNZM7KO	0
A2GCK3BWODX4AG	1
A2GHCO7AQPZFVU	2
A2GHRHRWXB9056	3
A2GIG4HWMI7YLK	2
A2GJS33NKKILU7	1
A2GLAJFTPESNTE	2
A2GN32FPTYJK4B	3
A2GNZITHG06UE3	3
A2GPAYZTHWPA32	0
A2GSMBVYNDX62N	2
A2GT1QSBIY6HK2	1
A2GWL2LQZR5EHM	0
A2GZIFFMU3BMDN	2
A2GZN03T095CX6	0
A2H1EWITTXSX30	0
A2H3H0E115ZJ36	1
A2H851GWML3MKC	2
A2H8O4HU55MLNN	2
A2H9CMEP32LTAJ	1
A2H9H3BVFNS3Y0	3
A2H9PP1PX1E474	0
A2H9S086DNYQDY	1
A2HB3GULDVCRX5	0
A2HC9549CZAKNN	3
A2HDXVFWJ7PRBE	1
A2HEVX13H1FLTO	1
A2HG56M832Q6DF	3
A2HGVE0PJEL1R7	1
A2HH0YXGZLFUZT	2
A2HH3M2CYRIPN5	0
A2HHD9IDAQF323	2
A2HIFGGSUCF7J4	3
A2HOI4JAQDNPS	3
A2HPBG4XL0UX0H	2
A2HRZIJM3VA0UT	2
A2HWPPZX0Y9I3B	1
A2I1F8B3Y09VTQ	3
A2I3UTH49P3QME	2
A2I3Y4SMOPGO1A	1
A2I58BOPAXK8AO	2
A2I5J3H0S5H0P9	0
A2I781D8HX5ZYF	0
A2I9AU7129X6F6	0
A2IAB7WQQEPWME	2
A2IAPRWOQP5KTI	1
A2IAWF5MGTH6A7	2
A2IBR184AVO0NH	0
A2IBRPLKEWYK4S	0
A2IE6LCN9W5DXE	3
A2IHISYDY6CYJA	0
A2IIHYLKO4OUB1	1
A2IK2U7FT7X21	0
A2ILXAK4MXSH5L	0
A2IO3UU2VTPHDT	2
A2IPYL0W65M17	1
A2IQJODU9ZEOOI	3
A2IQKC3UDJHGUJ	1
A2ITZZV0Q6PWQM	2
A2IUQDMI14ZT0K	3
A2IXK1CBLA4GS4	2
A2J4379WD8VURN	0
A2J4ZDJ21VAPFO	1
A2J5ZPTTZY4EWL	0
A2J64ACNT1PTIJ	2
A2JAFQIM3EYVED	2
A2JF3FZZ3PN5DK	3
A2JI6CDLFCHXJ1	1
A2JJ3OUK1I8GLH	0
A2JJURYIBIKMYZ	1
A2JM0QU96GOMKE	0
A2JOG30L4PEIDY	1
A2JPIGOUCMCOBD	3
A2JQ0Z6NTTIZ73	2
A2JROMDHVIUSKB	3
A2JSR4LCTUTV6Y	3
A2JT76EESAXP6E	0
A2JXCOUGYS5Y4J	1
A2K3WEMJDTNE48	1
A2K7NVRKQHLMFR	0
A2K89R0B20LYHB	1
A2K8M9PJWLO9K9	1
A2K9WN3GENPWF3	2
A2KCCLAKYKFV1P	1
A2KCD73ACNX8AJ	1
A2KDP39XARSZTI	0
A2KETUOZTO0MN9	3
A2KGTSC9I8MY3E	0
A2KH3EOZO3DRCO	2
A2KK3KCSA118PF	2
A2KL3RHALFSTEI	3
A2KL5GZMT3TOV7	1
A2KN0KNJD6AGC7	1
A2KNB31SNXN0MR	0
A2KNN1DSGPCBT3	3
A2KSVU0XQPTJ9G	0
A2KTC0AMI3ACBS	1
A2KU03VFQC2KLI	1
A2KUCUF6UEMTK5	3
A2KUDL8WG3M64F	3
A2KW9XU0KYRTQ8	2
A2KWLOBY7GABA0	2
A2KWQGFVIXEO34	2
A2L0NZR1CSYSBP	3
A2L33L3AJ5YDOZ	2
A2L60101TGHENM	0
A2LACW1KRHHYQ8	1
A2LAS014NSRW72	3
A2LAZKE6APCL1F	3
A2LC6LT5CGDODT	3
A2LDPM3FVUNQV8	2
A2LFILFQAOS2DW	0
A2LGUWB6VUQPT6	1
A2LJWZL116W226	0
A2LK6490UUFH64	0
A2LKJDDKVC87WL	2
A2LLSPKW8VKKW8	1
A2LMPURH0Y63AW	0
A2LQWDVAZ0RUV1	2
A2LTTDNALI5484	2
A2LVQ5M00EGJJY	3
A2LVYIO2XB7MXH	3
A2LW5AL0KQ9P1M	2
A2LXF9TZQU8F8W	1
A2LY4B3VOG7JQC	3
A2M3UHYJC94GZC	1
A2M4RQ3APT4MNV	0
A2M6X960TCN7ZE	1
A2M7SF04WEDW4W	2
A2MEQUWD446KP3	0
A2MG1K70UE421G	1
A2MGKKRXNW2F80	3
A2MJBATBZJL6T1	3
A2MKM3QGS58TWT	0
A2MLA2QEIERMOZ	3
A2MOC1BBYEG8B	1
A2MOZ04B0RC0OJ	0
A2MQQ9N0EVQPOE	1
A2MQX901J7FBR9	1
A2MQYDVGSMDVBK	1
A2MRH36J6P1IQH	1
A2MRN95306ESHE	1
A2MT0JI6R2V66M	1
A2MT52B8SVEOVF	2
A2MXEAOG7S0CDV	2
A2MZVAHJ5U4OUT	3
A2N4HN48AQDG6E	0
A2N4QQNVTDKWPE	2
A2N720GRIHXHO5	0
A2N7MQ7L28NNX9	2
A2N9MHGD60KED5	0
A2NACR3A9H5A0I	0
A2NDK2SUP5GOID	0
A2NETUE76V8M0P	3
A2NFU49HMGF9LM	1
A2NGKFLVSQA6A4	1
A2NJ7DGM5HGGJ6	0
A2NM6383S01M2N	0
A2NMVE97436PEN	1
A2NN4AKCKID6NT	0
A2NOARZAAEHMEZ	2
A2NQ40MZHUGVH0	1
A2NQOZG9JN8BAE	1
A2NTWX8K7X6XR	0
A2NYAXTQ9HDUWA	3
A2NZJI8OTG3SZK	2
A2O2822VQN2HFG	3
A2O2E4BSYIPUPV	0
A2O3GLW7K6PW48	0
A2O433DVDDGHF3	0
A2O59ABAZIE8UT	3
A2O7AA4V5XW18G	0
A2O8RFK5OC7HO	1
A2O9LFD2BNR0GA	2
A2O9MTL5739QGV	2
A2OCJM08MMWNB2	2
A2OE7MZGXWBPQO	3
A2OEXLB318TWAW	1
A2OGQH9KQJOX4	2
A2OHF2SXFB88WJ	1
A2OI872PG2IBOC	0
A2OIPC2V5JCKJP	2
A2OJ6MTCZS4G1Y	1
A2OLXMXUGD9KAW	0
A2OMZBBW8SE8HC	3
A2OQQT3X2H8BVB	3
A2OS7CFQI4DWPT	3
A2OUHYRX01WDXW	0
A2OVAHUCB6QE9Y	3
A2OYJODQBZH81O	2
A2OZFHUJOYUVVH	3
A2P22QY43N471Q	0
A2P5ZUWQPMAGYI	1
A2P6S3T8AU68J7	2
A2P86DEND7WJG0	1
A2PCSSR6RD36FS	0
A2PD1M6UF72HPK	2
A2PF64RBR1G1SZ	3
A2PFW91Y4WFEXU	0
A2PHH4B1XM5ILX	0
A2PHU93HM4AIJ7	3
A2PJT6YJNP8HQS	1
A2PKXH1QGTYXBO	3
A2PLVAA3H6SGOP	0
A2PMSR5ABAALQA	2
A2PQ6WTIUCXVEO	1
A2PV6CPP3WMVYV	2
A2PWOJ24VCHO5V	1
A2PXVMF9DH8NDZ	0
A2PZ6X5Q285RKA	1
A2Q5N7MJSZUOON	1
A2Q8ZLO9SKG28J	3
A2QBX4LEIF5V29	0
A2QBYH2IR46YUP	2
A2QDFKU0CZ9ZX9	0
A2QDOJFFLFGF18	3
A2QFQY819Z4VX8	1
A2QHTHGY1918Q7	3
A2QIGB4WRW0YP	1
A2QJAZ43HK74KF	1
A2QJFPXJGKSR06	2
A2QKX9F80EOHFW	0
A2QKXW3LDQ66P5	3
A2QN1A5JN9NZI0	0
A2QOIJUIN8X4DZ	2
A2QPY7AWL38XY8	1
A2QPYK7GSMQN4Y	3
A2QQIT6WIOQJCD	0
A2QX0PHFZD7F79	1
A2QXHPM0C3SZAS	2
A2R4J4BAZ2MPOR	1
A2R736CNTSMZA9	1
A2R9DX606YXDZG	1
A2R9POT2D3G05R	2
A2REIU20P3S7SG	3
A2REWGVQ206NX	3
A2RF72UWZCHYT5	2
A2RF836ZH9YY9	0
A2RI0U344RENSI	3
A2RI7PHRATJ3NM	1
A2RI7SHTM3D7CQ	2
A2RIAVIXTSI645	1
A2RJ2A8GEIXJWP	0
A2RMFWSJ1OH1DA	1
A2RNQ6GZV5IZY4	2
A2RPBEE75O71E1	1
A2RQVB09DQ0OV0	3
A2RT9GPAMSKPQW	3
A2RUJURWWC44NS	2
A2RV3KDUMFM7KL	2
A2RYCINE2OR8ZN	0
A2RYJBGBV98W7P	2
A2RYWPOL4NN2KG	3
A2S291XBLP9WLA	0
A2S2KHYZ144DL3	3
A2S2PW6ESHF2H5	1
A2S2S9H5IZ7Z6Q	0
A2S64ATHNEVAIM	2
A2S6QCNNN8AK91	3
A2S8GDYIGBYWJ3	2
A2S8TS1ZHTH61M	0
A2S99XJ7JQYF5M	1
A2SAP0F6B8LM8L	3
A2SBNIVJ5TMUUX	3
A2SBVU6NGOLJDY	1
A2SE5EJ7B6Z8NP	2
A2SEHIJC27YC4L	1
A2SFE5B5OXREZK	0
A2SGFN46GSA5TM	1
A2SH2AM8NXTLBF	1
A2SJYTHP18V4HN	2
A2SL2YME2NKGPQ	1
A2SLINMZ4ZN53V	3
A2SP2MSY3PU58P	0
A2SPL8MTWBWH7F	2
A2SR5AQGOB5XGU	2
A2SSMQAVHKPQN7	0
A2STE16F6N76GC	0
A2T0IZ7C68B185	2
A2T0ZETE0SA971	0
A2T3XG9LJWA1LB	2
A2T4WRUVHNM495	2
A2T5Y8LR73LYSK	2
A2T7WVG9ZU5VRM	2
A2T83XXA4GNC4W	3
A2TA6QSDWYU949	1
A2TGC4LW59CSF4	2
A2TJ26HEF5S3W8	2
A2TJWH8FMHJNLE	0
A2TPO27M6H33RH	3
A2TQWP8GLAIHGB	2
A2TU18N1IEG0OF	0
A2TUEJE3CTOJ5W	0
A2U4HXZL3OACUB	1
A2U4X79OA54D37	0
A2U65XOK057RNL	3
A2U9AJM68PT914	0
A2U9BFDJGG3Q23	2
A2U9N8KO0K2WVT	1
A2U9QULN4YDCTV	2
A2UC4PRXWJQVKK	0
A2UFI637FCK3GO	3
A2UFJAAI4GABTA	1
A2UGMA0VH20SOG	3
A2UGSSW5BH8YEU	3
A2UJLU4U9VLJUD	1
A2UL15CMBEYDNE	2
A2UMQYMN4EF161	3
A2UNJOHMSNMVQ0	3
A2UO9F5JGMYNCE	1
A2URB7B09I2CD9	2
A2UT40AEM12EW5	3
A2UV8A1ZO6VA9D	0
A2UVD2FFFAJ8SS	1
A2UW8BT3ECYVTJ	3
A2UX15KI4PFBEI	1
A2UY0ANL5CLYON	1
A2UZ2KGXPSX4GF	1
A2V17EFFAPKSJS	0
A2V4V27W1XPZ3N	1
A2V5C2L3EDQ93C	2
A2V9DTXTQ5YIMK	3
A2VAZN41X1SE4T	2
A2VC0DLWVIU5O	1
A2VCJ4V7BCFDJP	0
A2VCR5P989HB0D	1
A2VCR7FJGYW61L	0
A2VF9VXXYYH2TY	1
A2VFD2FKRS7GMD	2
A2VFEY7LF1P0XC	1
A2VGSERYPBGHLV	2
A2VGZGUNW0MNP7	1
A2VH4MV6N6O0HT	3
A2VI3F4S881Y3L	3
A2VIGP8GKLRWQI	2
A2VKC5BSW6H53D	3
A2VN2HWQWICVUT	0
A2VOA53Q9I6BE4	0
A2VOV9EC3GIP5Q	2
A2VP7TYKGKRZB2	0
A2VV27TAXN0US2	0
A2VWJ5GBAVX06L	1
A2VY0KKY033E1G	2
A2W13VOVIQVF1Y	2
A2W19FQ3AJNS1Z	1
A2W1YM1T54N0SD	2
A2W31Q06MFO6AC	2
A2W4YUCM6MZIJ1	3
A2W5TO1D65ESLG	2
A2W82EQ9HXNTLJ	2
A2W89DJXDEVCKP	3
A2W8LNKKP5AQ2G	0
A2W9S2CXYV9P1B	1
A2WBB8QN9S617	1
A2WBV8TTRSE8CP	1
A2WC0XEPGB7KLB	2
A2WDZ4SENX5KKI	2
A2WI0AW48ZBVQ9	3
A2WKD1P3MP2WIM	2
A2WM486YXQ8D5K	3
A2WS8FM02592VE	1
A2WUHKA1I75SL3	2
A2WUHVJ0UIGIXY	2
A2WW57XX2UVLM6	0
A2WWU1TK8ZU4NZ	2
A2WY52YD5GAEIB	3
A2WYSHL1HYNFIP	3
A2WZMBKZILC20T	2
A2X16QA3E37LVC	0
A2X52ZZ0CVVTSJ	2
A2X6B1ZK96NFNA	0
A2X9UVBGLYQZTN	1
A2XC7BWUEMSQMC	2
A2XCLJRGFANRC	2
A2XCS1RTTMO94F	2
A2XHZ7VYREN2DT	0
A2XKSFI53BAEML	1
A2XOQINDKII7TM	0
A2XOV71CHXRGEV	0
A2XQEU59A2IOJ9	3
A2XS57CN4N96N7	1
A2XTSPMB8FVIZ7	1
A2XU0WA0ZTOLY0	3
A2XUTCK61FM8XF	1
A2XV7VO7B2296N	3
A2XVFXB26S5KZQ	1
A2XWCJ4PW16LR0	1
A2XWY76V0JYE1D	3
A2XYH18KF65EWU	1
A2XZP9KDZX5OM6	3
A2Y1JVSWVND8EX	1
A2Y1UTAMTXEQFT	2
A2Y4B01NHL4Z6N	1
A2Y4QT3UW4AHZW	2
A2Y4RC56DWV5JH	3
A2Y7YNZC0CRFIG	1
A2Y8GWZ7JJE445	0
A2YASAUDRBLQDN	0
A2YCOFKWL7MBCU	0
A2YE5PXBPKG5FK	2
A2YF8LVVQUMAJW	1
A2YFR0Z4G857LA	2
A2YIBH6HVHG7N8	2
A2YOUG4EGWHVVO	2
A2YQVN092JW8DR	0
A2YSD0XVG18P7X	2
A2YUBOAQR751ME	0
A2YUVB4HHT04R9	1
A2YW37LJM8FYIH	3
A2YXNMGY33ND0K	2
A2YXQMZ32BY8XH	1
A2YYXZHT4RHW6Z	2
A2Z1I4XIP3RZ2B	2
A2Z1N62W8YH606	3
A2Z349JWDHEVR9	3
A2Z8O42XYS2NOS	1
A2Z9I5UGMYDYVC	1
A2ZAFIWPFIQGC4	3
A2ZAU8G3XBQW23	0
A2ZD99TN9M1NU9	2
A2ZGP3XBG19CIL	2
A2ZJGK4PCXOOVN	3
A2ZM4FOYUQYHA7	1
A2ZMIPCEHWJTAP	0
A2ZMK1T6NBWIAP	1
A2ZNE47HOMJ90N	0
A2ZNQYYHQUTUXG	0
A2ZOJ6XDUKZNHP	3
A2ZQJN7DWTHAB	0
A2ZTY03XVC7OEU	0
A2ZXRGS1W431YW	2
A2ZY49IDE6TY5I	0
A2ZZVWDEDN4MR9	3
A303S36GXJ7O65	2
A3054XMTV2PK0G	1
A3067IZ1N8TUTA	3
A306MLIAG11BG5	0
A308XENZZDHCBC	0
A309Q7UF99S18Y	3
A30BG6QRRGZ540	1
A30FPY23SCYMSB	2
A30HA64NMODCZ	2
A30JFIDG2BKLZC	2
A30Q5EEU4MTW0W	2
A30Q7HNAJAMQXU	2
A30QELDLUM4N9L	0
A30R4P4X21P4FM	1
A30RVAYZZTRYRT	1
A30S2XWHFQZ8X0	1
A30SQ028C0I38D	0
A30T8LAWFZCEQL	2
A30VOS1GL2PDSO	3
A3105GEXKWA32A	2
A310DN3GUDS1M0	1
A315PGQ04GC4PL	2
A315QOU416TETY	2
A31AGN83M5XE77	2
A31CR3UBOAYHVB	1
A31FL8I2C1WV32	3
A31G2PHJ8Y8RU9	0
A31GJ9G99SOLLF	1
A31HE83MU98GBV	2
A31IJ57UEOSQ0C	0
A31IMVK6YAEGS1	2
A31KX4DOWBTSH8	3
A31LW4NG1QG4HM	3
A31M8CG34UV6RW	0
A31NZ1ARHAH11Y	1
A31OA8TJN41JGD	0
A31OESX3HDY3GF	1
A31PUGHMRLFF3	1
A31QF68PV1XWGK	2
A31XU9F08HSNG9	3
A320BTSBIAO9AM	2
A321GFVMF8K6P	3
A321ILAZ4B47MC	0
A321Q67YOHHWVX	0
A323U91FOLDB4A	0
A3258AIQI17ZEU	3
A326JIBGBWQ1NO	1
A32770NBCKH5WT	1
A327EG9HV115CU	0
A327H4CANO3HUZ	1
A3280PC7IJ2Y80	0
A328O77SVJIAS6	3
A32DG75E1ES1ML	0
A32DLMQJRF8XJZ	3
A32E7EQ2D0ALTG	1
A32HDUN67ALXJI	2
A32IP925VQMR87	1
A32IZ93T0Z726W	0
A32KA00LA92P6A	0
A32KVQ3FN5NCA7	0
A32LKFZQJWZYCJ	1
A32LKHQGJ8Q9A0	2
A32LKZTI1E8OST	0
A32NG5NI0A7JUP	3
A32Q726D4KHNHH	2
A32X6K24OYOWWY	3
A32XFXSK2NSWYC	2
A32ZTT0LVX9HMP	2
A32ZXYVB3SB2BY	3
A330MBCMIKVFH5	2
A3328AZHVFGA3S	0
A334PVK3R9HFZM	3
A334ZOF1ZD11Y3	1
A3355TU2GYGQQ3	3
A33675BZVNCWHD	2
A336NN57HXAVYV	1
A337QRWT1HDUD1	2
A337T56JH8J5YZ	1
A339268DP3G4U1	2
A33A7UGT42OPOF	0
A33BIN0VIKPF3A	0
A33EG7L5QB8ZC8	1
A33FE8NR17Y1AE	3
A33FOXW120HLUQ	2
A33G6MSGJ5KDQS	1
A33KB7TEN9FR40	2
A33KI6NGIAXW34	3
A33NG20U55YMZS	1
A33NQKGRUIE0C1	2
A33R8AU7NXRLDH	1
A33RRXT4UWW8EY	0
A33UJFFBM248KM	2
A33URLKONJIC70	2
A33YMH7S919NHQ	0
A33ZQAI5SUB533	3
A33ZSHYSYX5KH2	1
A343GABY8YYUT1	1
A34668BHXEL287	1
A346P3I5VZBJAN	2
A347E4VFX2VETK	3
A348SM4GINP09X	1
A34AHOC0OXMR2K	1
A34C7Y32JRDB9D	1
A34CE623TDL7LU	2
A34D3AJW1ZZAJL	1
A34EG8CUS171K9	1
A34GG4NWK9NRY1	1
A34JTJ7YP3BC0	1
A34NSY0ZZ3KZD1	2
A34NYI54WWYAAK	2
A34P606KOQFAZG	1
A34QTP68ZWCXK5	1
A34SPFZIHHN907	3
A34TJWAE58M0PS	2
A34UHLDAL6YI2Q	1
A34UXWA3X3GIGG	2
A34WOFKCX1UE10	1
A34XCEWBQE0E9L	1
A34XDRSWYY0LKC	2
A34XESX1FSG7VK	3
A3513EK5LRMUXJ	0
A3519AWEF70TDB	0
A351VBR74THM0Z	2
A356GM5OM8GAS7	3
A3587YMSMQ6KHP	0
A35AQV3M6YS6JI	3
A35BVC0ZG17QJ1	3
A35F3JHVORP0YO	2
A35FG9ESMA8BWK	1
A35H40TLDOUOGB	1
A35I8XPEGXCBXO	3
A35J8V529D6MM8	3
A35JVJVRFVWGH3	2
A35QM64B5N3UX6	3
A35RIALIL53ETV	2
A35V0T6ZAD21TH	3
A35VWMULW2JDPG	2
A35WAE3S8KAV9E	1
A35XBZCM771TU5	0
A35XT01IKES9TD	1
A35YUEP6EIKDFX	0
A35Z0OLXH3GC00	2
A35ZZBQG29OAL0	0
A3617TIA0J5W2P	3
A3646Y6S21EKFC	2
A36A6U0RLUN7C3	3
A36CL0UNF90IXC	2
A36DCKZLRR9KWU	3
A36GMSB9VZU6C2	2
A36HTG0DARLDVD	2
A36IPIXTD35SMF	2
A36K8CNDU2XN9Q	0
A36KI378NMS09P	3
A36KYFK5WJ212D	1
A36LUC5RV0Z98R	3
A36OB5RLDIK2MW	2
A36RB7ABVG2PFJ	2
A36RK0WE9U57BZ	1
A36SNDSBGJESBV	1
A36TDD9XV7N1U3	2
A36UJWG5TZ20TJ	0
A36V2BSTCSU76G	1
A36W18FJZKWEZS	2
A36X607D43CYU	3
A36XV158NALZV	1
A36XWFUJLHM0LY	3
A36ZJJGK4UHOC5	1
A3718PDT2WSKP9	2
A3719IMXC3P7O9	3
A372JAYQJU1F79	3
A373UBXW5XCFJ8	1
A374PA18DCGS5Y	2
A37524E9L9CSI1	1
A378IT708JRHL	3
A37AHASAXAYPK2	1
A37CW30CLJRAJQ	2
A37HSDRQJ71Z3N	2
A37I944YYCOMCL	2
A37JXJ5T2DJ8U3	2
A37KO5Q59W8M46	0
A37L8P406GDGS9	0
A37MO3NZXK3DHQ	0
A37QXCPVBKH8A2	1
A37V5O0REIWMAT	2
A37YCFO1YGFP7Z	0
A37ZG4QLIBE61L	2
A3807ERH6GYJT7	2
A380ZPLUKSC0PG	1
A383ASQ4OO7XX5	2
A3845G5NW1T2WB	2
A38488JTLCFI9N	0
A3881AIBQM8LWD	1
A38B3C5EMRO71M	0
A38B9KDG9WKKL5	3
A38BZGTYUUX4P9	2
A38CJBU391WLWS	3
A38CT0KEQ21MXW	1
A38EGOWSOIG6TU	2
A38EVPZMWKB4LE	2
A38GHD4XDOS9XN	0
A38GR6SXRN5VZS	2
A38I0D8BI3UCEF	3
A38K9LXWKBXRBA	3
A38LN9DPLUYGFR	2
A38LTTW9THOHMN	1
A38MVBNUJNB0D2	1
A38NHXL5257E3B	3
A38QLESOXKL2P9	2
A38SA5M7U22T6J	0
A38UE0W0FG9GBO	3
A38VAJH2E4NAT4	3
A38WKKM4BPEQWA	2
A38XBQHS6DO5RQ	2
A38ZKHI5RPTJBT	0
A38ZLOU0IJHJRH	3
A392QFLHRT17IW	1
A393EYHG86ZH0L	1
A3967Z0ABRLBIM	2
A397CWU6DM3O5G	0
A39ANVSTOM4L6H	1
A39B10EMFTS0BM	3
A39CL85SE8O7WZ	1
A39DCHLXZ6E8H3	0
A39DDJHR5HAF4X	1
A39E9K6NF13GX4	1
A39GNW9BXKLK0Q	2
A39H1GO9E3YQIB	3
A39IF6GZAC3X0P	1
A39LFGHRFZMIDY	2
A39MU947PNXRW6	3
A39OACM41MG4I4	2
A39ON8YQHXP1MB	3
A39PSG0TME2UTA	0
A39QVWAGD2O9VS	3
A39RPXY0B0J5KT	1
A39T2J2WGZ73YH	0
A39U6NH56FPQKM	3
A39WK6DH0C8LIM	3
A39WSZEXPRJN6L	1
A39WYLMTNCSA54	0
A39Y3JBEKBQ0CY	2
A39YF9AKNEHMDS	2
A39YMP9YKW2AJF	0
A39ZU2IJ0W1JO0	0
A39ZZBPZXUJLC	1
A3A19D9UM3ADCI	0
A3A54LIOMG2KR4	2
A3A54YXQY59CF6	0
A3A8IC74GLUDUS	1
A3A8OS0ZSIZINZ	0
A3AA9BC5QEKHKO	3
A3ABJPUPYIZD44	1
A3AC9YUDEAWFD7	1
A3ADRJDP3XQIGP	2
A3AE40IFAR9385	3
A3AFCTBPJ2D08O	3
A3AGLWCGTR5JCH	3
A3AHD0JYKU8NLF	2
A3AN7WHP4DJDN7	2
A3ANCT19IF7M1C	0
A3AODQ8WGF2MA2	0
A3APVXFQQSZGN5	1
A3AQ13Q4XZICS1	2
A3AQDCLYPN8RRD	3
A3AQN7QNLPN221	3
A3ASE1FZGL3JNK	0
A3ASPWBGNUIJ2A	2
A3AU5EOD16G0V3	0
A3AU8KKOEQOY67	2
A3AXU558VDN7WQ	0
A3AZPPL9YXI6MT	3
A3B0KW1H2PJT3C	1
A3B3H5U4AER3WF	1
A3B4P0CGGDN8LQ	2
A3B5OH9EE8WX1	1
A3B7OVQT0VNHBH	2
A3B7V3JZGOHQTP	0
A3BCPZSP0NZX2D	3
A3BD122EPHIO8W	3
A3BF7NP172I3WA	3
A3BID3TD3LBOHA	0
A3BISZB7NGPNMD	2
A3BJ4TU1ZK6WL1	3
A3BK4D2VQ9HYFZ	2
A3BK8RSFSFZ7RJ	2
A3BM49GNHZYNVQ	2
A3BNR62S6U1011	0
A3BO846100XCSJ	0
A3BSTS7JENQKNA	0
A3BU3JIWYIXUEW	0
A3BUVUH2OZFG7F	3
A3BW05IGCD5P9S	1
A3BWHX8I2R4FKB	0
A3BX2GDD2QBPWY	3
A3BZQYHU0087BT	0
A3BZUQXA2QHDI2	3
A3C0AMK32BZJG1	3
A3C17UI3NYAOB1	1
A3C2NH2Y296R4B	3
A3C2Y1K7UXKI9E	0
A3C6ECCMS00GK	0
A3C6F4SJNV2VY9	2
A3C81TIM97JB2L	2
A3C8MN2Y4N5KFX	3
A3CA89RZ04MEMV	2
A3CAOD3ZTIVTUP	3
A3CC0WU8IQD97S	0
A3CCTUWVIXOXDX	3
A3CDSUYJZ682D6	2
A3CE4GLQLP5O0O	3
A3CEPBL4DMYA7M	0
A3CFNJ41VB7KYL	0
A3CHDYI6EHGD0X	2
A3CKR7UEZ29I0R	2
A3CLPDZ9Z06C1N	0
A3CQ2RBRDLGJO1	1
A3CR00VXZOVHZI	2
A3CSJTKRMTAOY7	1
A3CTM44BRINEVH	2
A3CUJ8XL1V0W7Q	1
A3CV684WT2FKJS	3
A3CYFVMEJRWEL7	0
A3CYRFIHPO8J5C	3
A3CZ58RD25XSNN	1
A3D0DHSNHSE70C	1
A3D1CJV6TKQUTD	3
A3D36TWP0B3D6K	2
A3D9NLH8OVBNUU	1
A3DES0CCH5J5BP	3
A3DJ65FO98AX3H	1
A3DNWYJCZHJC0W	2
A3DOFQR5H41K5P	0
A3DP4X98YRTFWS	2
A3DRUNLXWWD7U2	2
A3DS6M8K0BFIYV	0
A3DSO7X7L31K9	0
A3DUOZ5B78UEC4	0
A3EAE1CJA9B3YV	2
A3EAFC1TUNUCOB	1
A3EAY4LFSF14V7	1
A3EBCOCAZV2VJC	2
A3ECY2MV6623WC	2
A3EGK6MTW6N7JG	1
A3EJ7LLALZAK3R	0
A3EKM2HG43G223	0
A3ENHGE7VQJ3BL	1
A3EO101IX93AYU	0
A3ERXP7YM4LG8A	1
A3ES644U91HF7U	2
A3EVG6Q0SZJ5W6	0
A3EX3KNSSWRBP5	0
A3EZQU682NYRHF	2
A3F0OOS1TNRF5E	0
A3F0PXHV48J6WW	2
A3F1GM4M940BXH	2
A3F3C1IAWHBRYT	1
A3F48KYE3EX9R	0
A3F5Y6O5DSETMB	1
A3F69HNLEEWH11	0
A3F81HOEN1GCU3	2
A3F8LKCPTS5A2M	1
A3FBBNENDCQ7H8	3
A3FEAPR9HUW4DJ	3
A3FJBJH73JXTJ8	1
A3FK32NEOIJ2N5	2
A3FKAA5R50MQVM	1
A3FMDN9ZO1I5MO	2
A3FMPT5IH0CJ50	2
A3FOS9Y3750XVS	0
A3FSZN6ZHIGI2H	0
A3FWSW4583061A	1
A3G2BKZDSDP3NW	2
A3G2JW3KQKC0BG	2
A3G45PZ02WDZJE	2
A3G5MOHY1U635N	0
A3G8T4D5526VBB	2
A3G90I0W2YQ3EK	0
A3G9M1U9LZJG11	3
A3GBB0YVJK8H6Z	2
A3GEKT2LS4QLR5	2
A3GKZQNLTIE3DT	3
A3GOPXU6AK0K0Y	2
A3GPR4SKRP0QNR	3
A3GR8UON9KJK8A	2
A3GRB1PT4G5ZRM	1
A3GZQTVBTECQQ3	1
A3H17XPNHXX9TP	1
A3H5HB46QB4DAI	0
A3H8JMFZXZ5ERQ	3
A3HB7HP4SRLAFJ	0
A3HF96IRV5WP7M	1
A3HJGIVPDZS1KW	2
A3HJUIZWB224KZ	1
A3HM0QTWRG4KZD	2
A3HO2KGZWWCJAW	0
A3HP7DN53XL7F6	1
A3HR4JULMIX4H	2
A3HR85INTD4FIW	3
A3HSXR6K93IZ4G	0
A3HVKQHWHWVL81	1
A3HYHM1RUS4HG	2
A3HZMOBFFPQ1CB	3
A3I2V0BWE5Q9RW	2
A3I3MHV3XID20G	3
A3I4HAW0KSUARH	0
A3I72ON8PGD0G3	0
A3I8QOGCMQUBAN	1
A3I95GGCQIITYL	1
A3I9L8VZPB1ZQ1	0
A3I9XZGYARBLS4	0
A3IDRTYT0ANDFQ	1
A3IGTULPP3TRBM	0
A3IHKEJ4VPICD2	1
A3IJLUK4XS790Q	0
A3IK4LVT9OD9LH	3
A3IM3VXD13HCE5	2
A3IRFMUE3GTQA1	0
A3ISXAH2PLIG28	2
A3ITRT8GMLWN7F	1
A3IUXWR0MZC60M	3
A3IW9TTG36O24X	2
A3J0J584BCJZA9	2
A3J23PJTYBN8EH	3
A3J3JP3GPV7YB4	1
A3J4OY2KFHO5TU	3
A3J4ZS5GJVGL8Z	2
A3J53QSAALL2QB	2
A3J5GBMT4S2OWA	2
A3J5UTJJDF0QHM	1
A3J5XBZ9ZNEZOC	3
A3J6TNWUJ11W39	1
A3J7RY6IKYOXCH	2
A3JEMJ9KMUPLKI	0
A3JGAG3TYIGUY1	1
A3JJY85ZCNVBLR	3
A3JK5V7MLETTNA	3
A3JL3G7SU01JDP	2
A3JQ0W6ULQ7YJP	0
A3JSIR3TGB7TI7	1
A3JSOOSCB09VQJ	3
A3JTP3J2H1LC49	0
A3JZ81N3CB5PIP	1
A3JZU9HMOHSI00	2
A3K1BNR4M6T64D	2
A3K1EZH55S4UPB	1
A3K1ZKDRPE7OQ6	2
A3K4T8MT0LTQSC	0
A3K5O04VHT53TQ	1
A3K6DBAF8BZQ44	2
A3K6ECZV05NJVL	1
A3K9ALI928DPT4	1
A3K9R4AXK5O6NS	2
A3KC3R651RVH8M	2
A3KDHHLMSF9H7O	2
A3KDVT5PXEH6ND	1
A3KFDHWRGV2ONT	1
A3KIGCIMU0J2WY	3
A3KJ7KNVXVQRXB	2
A3KK5D7UCDCPJB	1
A3KL84BPQ51QWC	3
A3KM0D78RGEM3V	2
A3KP80ROO50I4K	0
A3KPA8VMBBYV4J	3
A3KPK5QK8GNXSU	2
A3KPZ745IQH28W	3
A3KQQY9BGBWI0W	3
A3KRF7OYCO3V71	3
A3KRJRLGW41H3C	1
A3KRKS0PRCPRX9	2
A3KTO2A8FIR6Q8	0
A3KUSTDTGAWL54	2
A3KVNISXEE3XXM	1
A3KVROPADT1POK	0
A3KW4B9O46WOIO	2
A3KXSYT9L78F4	3
A3KY6OMYYCAKMK	0
A3KYBUK9FW05DJ	1
A3KZLIEGCSSM5L	3
A3L1XRVU17Q449	2
A3L2ZBKEM50GAV	3
A3L59EOEXSU9NJ	0
A3L59THVBRZ4O3	1
A3L9VM2XJX7VP6	2
A3LB4B48ZJ73P8	0
A3LBT5VPKHPXAE	3
A3LBTNCTSO057P	1
A3LBZIB9EXZHZF	1
A3LGBCY3SBJ3JH	0
A3LGJB5VCT0Z4T	3
A3LGQM5TWG65CT	1
A3LI0OYFGYP0E6	0
A3LT4LL5ASVU3I	0
A3LT856RNKA6VW	0
A3LV42NBFM829N	3
A3LVPFRLDSYIZA	1
A3LZRAY4U05WHB	1
A3M0BHU3JTYPI2	0
A3M0DO6Q8008OX	2
A3M143YJ0HRZXA	2
A3M3B3UAXZZN03	1
A3M3I2AHCGQV7F	3
A3M4FONT8B9Q2B	2
A3M4OT1Z9Q4DZ2	2
A3M8V6OKL30923	0
A3M9VIPMZAHVKH	0
A3MC00T0V5BY8R	0
A3MC0KI0MRENRY	2
A3MD8UJOOMPHJK	2
A3MERXZZ5BW2YL	0
A3MF9WNO9YDGO5	3
A3MGJOV0KNML7H	1
A3MI7BJPX43R4X	0
A3MKF08D37MS5G	0
A3MMBLQ4200L8H	1
A3MMOBS2664G4U	2
A3MN1SXVT87M1K	1
A3MNRP173CUD4S	1
A3MNRPZ1ZWNV5L	0
A3MP9CVUWQ1LQC	2
A3MRHFOLLIL0AZ	0
A3MW93I43BV8DD	2
A3MWSTZ430MSSO	2
A3MX64R8F542RZ	1
A3MXBI4J0XVOBD	0
A3MYBQ5RXMZ43	3
A3N006M0NP9GNN	1
A3N4I8JLE6L9HS	0
A3N4QKEAAVK4F4	1
A3N6RBTAJXQGK9	1
A3N8G5KAO1XHB7	3
A3N9MO23U90R0Z	3
A3N9ND0IMBKA3D	2
A3N9XJQKR3F2RQ	2
A3NBOJO0RUVUTW	1
A3NBYQNXUYI4E8	3
A3NBZ3TBPGVUV6	3
A3NEJAXTLK56HO	0
A3NF6TPWJEHGM0	2
A3NFXN00GEFCUA	1
A3NG2HOIPSTECW	3
A3NHWJDAUZU61I	2
A3NJHA5UG8ZYH0	1
A3NKCRQGGW0KD	0
A3NO6EP2BNPF72	1
A3NOBH42C7UI5M	3
A3NP4B4GP0YCBS	3
A3NPOHIZOE1YUB	0
A3NQOGFYIM4726	1
A3NRRBCW93V84Y	0
A3NXWE15B0624F	0
A3O19Y3FGLMBZD	0
A3O1R643VJFE9H	3
A3O2D41TNEFQ1H	1
A3O2KQH4ZL23UD	1
A3O2Y6ZGF41XXX	0
A3O3TZFMKA1N4D	1
A3O7N6RGUTDEJI	0
A3O8RF2RYKR8PK	3
A3O9F8ZI5TOE4M	3
A3OA1DSK2D88AS	2
A3OBVHPUTE5RVA	2
A3OHRVP4TCMW8E	1
A3OI7AYBZ2BF1N	2
A3OJALI14ZO6WY	1
A3OLBVPD3CACKI	1
A3OQ4I8U6TYCVE	1
A3OSLLYYBSM3QI	3
A3OSWH0M3KUN5E	1
A3OT09WKSRKPFV	3
A3OWB5KRH5XPC8	0
A3P4JGNGHW4SYE	0
A3P5I4Z040M2TN	2
A3P6QBTR6YHU31	0
A3P9GM8M5I95GR	2
A3P9Z6T2MPYNY8	1
A3PDDBA8INYOFU	0
A3PFIFRC05LKJB	1
A3PIX8EN9ZMOLN	0
A3PJSPCIPKCQZI	3
A3PKQFXL28EK2V	0
A3PM8SVZ6AQO73	0
A3PO7P9MHI3WY2	0
A3PP1KBWQKN4O6	1
A3PRGCC4N6DF1E	3
A3PRW7LUH7QIPU	0
A3PSAYKLJH5PIP	3
A3PSDXO09GY4ZN	0
A3PTORITT352JU	0
A3PXYGS6PGFLXJ	1
A3PZ7LHH7Y7TJL	0
A3Q2H96GEYT6UW	2
A3Q4EXFCTALF7F	0
A3Q4UDNT6USV7S	3
A3Q4WZI2IBZXM2	1
A3Q5WJQYWK0UVI	0
A3Q7FOBT6OC1W9	1
A3Q7HZDYL6AN6I	0
A3Q7WCGW664I0C	0
A3Q88BVXVJSCZF	3
A3QAD8YHBJLFW1	0
A3QBO9VXCSZWE2	2
A3QE874ZVA13CO	3
A3QHBL3NN8BYXU	1
A3QJ0S752YTYC2	1
A3QKLJFC4QHX6O	3
A3QKWFC92S03MP	1
A3QNYLK7BHRZ65	0
A3QOK68RA24N9M	3
A3QPEHGOCGSB6W	0
A3QQMKX9P4J8VM	1
A3QREN3BE4D90T	1
A3QRMCXTPQPSJU	3
A3QRWVTI83EV2K	0
A3QSNF3WWPQJJZ	3
A3QTI9DEF4GVNJ	1
A3QTY93A2UYO5U	1
A3QWGIO1WYZ0ZH	2
A3R0THTT8FZHXI	3
A3R13XE6WE24CU	3
A3R2TPDCUHWMD7	2
A3R7ATFBOPRY9F	0
A3RAH12S9PMUF3	1
A3RGN75LHYAG8U	2
A3RHGGT2BZ314M	1
A3RKEFHX1EO7G1	1
A3RKTKRYCX32A	0
A3RM4XKGB370JM	1
A3RM8MXD73L1C0	2
A3RO05VYEV8RG1	2
A3RPIWCD656PMH	0
A3RQ3B19IOM1V1	2
A3RQTPZH49QT7H	1
A3RR4Z9W5A3OO0	2
A3RTBSJWO4HT13	0
A3RWY905OIIBQO	3
A3RYZUM1ZY6GXD	2
A3S0KE8LHI3HXQ	2
A3S46EAKK94ARI	0
A3S5AM1KGHDI3U	2
A3S6HXI1CZNRL3	2
A3S98KHRVGGKNV	1
A3SA5GINJSXFZ6	0
A3SB1KLQAPVP9Y	3
A3SEOIE6BS1KCL	2
A3SFAXYIP1J1FF	2
A3SFB4C2ER27EK	0
A3SH8DL9RJGT7C	2
A3SHLR86QIHDV1	2
A3SHYIBR6A5SXH	0
A3SI1DID5XY7Q7	1
A3SLC8F6VIWXIR	3
A3SNPMBS8U2ETE	0
A3SO8BO5N5A3BV	1
A3SP9SHH8GUL7M	2
A3SPIQ9I0XSEXX	2
A3STSDGL6M407S	3
A3SYBU3PZ2DNG6	2
A3SZBLHSRA67RH	1
A3SZVCNQVCTLDY	0
A3T10OUXVN931U	0
A3T1JOEPWB8M1V	2
A3T4UJT2EMT9D8	3
A3T52FTJE0L7CZ	0
A3T9ZRAQLS9KO4	3
A3TAEFXD7SQNGP	0
A3TAEZTGDMRCA7	3
A3TCLH1J8R6O8B	2
A3TG7B7FLB8E12	1
A3TI1NPW6V8J74	1
A3TIKCI7S3FNZO	0
A3TIR19ZTMDRX9	0
A3TK1BSRUV8PFI	2
A3TKKRQCP4A42N	2
A3TRK11AWFFXF3	1
A3TRXU7QKFWJDN	1
A3TUEMELIDX4JG	1
A3TW3ZQOUOJE2H	0
A3TWPW6C78JPGV	0
A3TXHQPRY1KH3M	0
A3TZFP0AUHU102	1
A3TZKNNB30BL6H	1
A3U1ILG3G78FGN	1
A3U1XUTGPEO8XF	3
A3U4YCGTM7JN08	0
A3U6TC4CG9M2BI	1
A3U7KNSEC8E0AS	2
A3U9MQSG87E5TX	1
A3UB0MSBPJPK3D	0
A3UFETLNU90QQM	0
A3UGI2N4L1GWGD	3
A3UH45XGFNDMEU	0
A3UKPEQ2WC5IYL	0
A3UKWIAP8IZDHM	1
A3UOO876RZWHQ2	0
A3UST9FWLO969T	1
A3UUB1LFFCTMLR	2
A3UVY2GRLO3YHQ	1
A3UZU6PQFCU7XZ	0
A3UZWEFKTPZBZ7	3
A3V0HGEEFLYEXK	0
A3V13VIBRN9KOO	0
A3V4BBCV7PH016	0
A3V4QHT2HSMCP3	1
A3V60L1AMTCHR8	1
A3V8J9OF1ZVLWX	1
A3VBCYYYHT3D3S	0
A3VDVA9Q5TYNLO	1
A3VF6QTIIRG52N	3
A3VGHF7VNFBMCQ	2
A3VGMWRATH95V4	3
A3VIUNVNMC3I5U	0
A3VJBFTUXNAEN2	3
A3VJWQF8LK542W	3
A3VMIKH47GCFZT	2
A3VMY92HE0B97V	2
A3VOG992FZH570	2
A3VQ4MRFLGGCS2	3
A3VUB16U0BR7FN	2
A3W13IO9HMT917	3
A3W18UYYL37FVH	3
A3W2DZ2AZ6EIJL	3
A3W31WTZ11KXS4	1
A3W4G6YWTL7IUM	2
A3W4QXKHJSDBY9	2
A3W4Z3KAD1TH3M	0
A3X2IXBYAGA0O	3
A3X7K8SFPBHO9	1
A3X9NDEYWYLAC	0
A3XNATSMROFT8	1
A3Y9SAWO9G8ZL	0
A40I7UOIVQ2PM	3
A48WKAGR78GGC	2
A49VMF04NG99E	1
A4ADSHOO8LA9R	3
A4E3VT0VPUUF6	2
A4EBYIKOMYFF9	2
A4H19UD7MLAHP	1
A4HET44468Q7E	0
A4I0151RBJLSO	2
A4J9NU27WXWWH	0
A4K62U3YNR5NN	2
A4MPX9G36GG4O	3
A4N0LLVOND0TS	1
A4OOJB9FD317J	2
A4QJKT4IJ0ATJ	0
A4UWNRY0WWECK	3
A4Z1SESNI715H	1
A4Z639JOQH01R	0
A4ZFUO38Q12QA	2
A50AHGMIOOYHL	0
A51H3TJMN67TK	2
A52TGGVJC7S8S	0
A53N6OID1UHB	2
A55IUSFP6BTJH	1
A55KKJB1XRBXM	2
A55SOEODIIMLA	2
A5944FF3B75VJ	2
A596S5DSY5O7T	2
A59Y0ZV1VX46K	2
A5B2HM4XYBRXO	2
A5B2Z02XEV8U2	1
A5D3K9XA3IH5H	1
A5ERTDVOHXILF	3
A5GN8QIL8AITV	0
A5GPH59NDWJRB	2
A5HEJKS191AVN	2
A5ICDCQD68SN4	3
A5J4LNA65D6ZD	1
A5LFSVFSWLGNJ	2
A5LYYZ12B8RAL	1
A5M2G7RUQBI5X	3
A5PBNDAZLSRTR	0
A5PP23HAVJFZO	0
A5Q16BWYE0JSY	0
A5UZPT5S85NLN	2
A5VGOVA3P0D4T	0
A5X4104WK0MUK	2
A5YHKNEL38F2W	1
A5YXBRGQ21HPT	2
A5ZHJZ5LRLKHC	0
A6232Y51SIQ4E	1
A63IX65QDM6KT	0
A64NUTE3FGYSP	2
A64O0QRBN9IQ	1
A65YXKOH01ZG4	2
A6731WFFIDYEN	1
A6ASMNY137OPH	2
A6DMRX0D26E4D	2
A6DTK66VNSNPE	1
A6FXAHAI8ML2C	3
A6HZICJD1S58H	2
A6I85RHZBF9WQ	1
A6IFM62JTZY60	1
A6K529AZD8CNY	3
A6KNJ06GG3JPB	0
A6N1728L6OJ14	0
A6OU0FLVIS9R5	0
A6P0MH8YWQHLF	2
A6Q39MDZEJ3NK	3
A6TODBFGICSKI	3
A6VISL7PKH9YF	3
A6YAXC9TWNGCC	3
A6YFKAG38OAAW	3
A71K1706C6EDY	1
A7443EH1HRUX9	1
A75L2WES12WK3	0
A795WGXWMJWCB	0
A79UE2UE3CFZ8	0
A7CYSMZMYOIS0	2
A7EVYQ48ULIST	0
A7FSP8CD2SZKI	2
A7G7DFZ84P6XD	1
A7OSC32RM3OY	0
A7QFCTSE3TCY9	1
A7R8CLBZQKZYM	1
A7RZPDF1MAHDZ	0
A7UJ1R5RW6P8X	3
A7VG4A8XJQ4M1	2
A7W6K1ZG1C4U9	3
A80P2LBOAZUJL	2
A81M9AEYSQMF9	0
A82OQ7VGNIXPP	2
A83AOYQV4TY2T	0
A84DX3M4BARM	2
A87DE8UEASWMH	1
A8A0JU4LXKY18	2
A8AAGTVALUURO	1
A8AJLEWE00SZV	1
A8B4638BCZL38	0
A8BI4LFQCL05I	1
A8DED4EJ0SBF1	0
A8EWYI4DZQ6BL	3
A8FL4NBE1C1TN	3
A8FVQT6JKAUUA	0
A8GDP33E9WZDB	0
A8HS31BIOB4CT	1
A8INT3NMHRUS4	1
A8JUCEL6L3LGN	0
A8NTLL9T3N4IR	1
A8PRJVJKLFUXI	3
A8Q61N6UCZVAF	1
A8T1ORO606MJB	3
A8T6XIU8YL8G5	1
A8U3FAMSJVHS5	2
A8UGT15A8SP85	0
A8WHB28AHS2FA	1
A8YCFI819WPKI	0
A91ALRTTEOPMQ	1
A93MIN4UFXI8O	2
A95EUHYQ7NJ6S	0
A961WOSFTE3W2	0
A974EH9FWAJJ3	0
A98VNHSVA8M4E	0
A9BLZIMOB9E1J	2
A9HEM904OZ9YU	3
A9IJE4MLPQD62	1
A9IQH6MXV1HOS	0
A9J6SKF2DVWCZ	2
A9L7GHWQPDNFM	2
A9NX8LA3K54NV	3
A9PZGE4KYFLX5	1
A9R6HG8UJITMW	0
A9RJUH1QID5PR	2
A9S8XUE3Y2NWI	1
A9TYC6D4S2EFD	0
A9V52SVWCVNBL	0
A9VS6G5IHB43B	1
A9VT19O4A33H6	0
A9WT87JFYZ3A7	0
AA0QINK24YP0J	3
AA1D1VL9KVUW6	2
AA2NYDU4NBTON	2
AA33NUNXXDDUX	3
AA394CGT3GNYH	0
AA46TP3T0MVB	0
AA47VO21DHN2O	1
AACNPUN3XO22F	1
AAD6YIN4DW5Q6	0
AADQGRPA51Z0Y	0
AAE3IQL5WWYLS	2
AAHOL35692RX2	2
AAIA2MOMXDBFU	1
AAIS1PVUHHEZR	0
AAKKOHVSZZTQS	2
AALCU7KDZ8V61	0
AAOENLEMJ0GIF	0
AAPOZI0DDMY2Q	0
AAQW4RZEJNDN8	0
AAVYV2ZFF6K2H	2
AB1VU08P34L7M	1
AB1Z5LDYUB9SH	1
AB3DYMNAGZ2ZK	3
AB90MVTIHTDXF	0
AB9DZRA2Z5BYX	2
AB9M5QR77RZR	3
ABAOPQH57ZE5T	2
ABD0XOLY5X73S	1
ABDUIKJ2O1CM	0
ABGBVQ1EDX127	2
ABIJZ37JA0VOO	3
ABLUW533DJ03T	3
ABPCMXB2JPHZG	1
ABPKX6GR3PRJD	3
ABQ7HQG6LCD48	3
ABRJG4H2U6DC0	0
ABTLAK5ZR7B5Y	3
ABTU0XE3TTQ3K	0
ABUSCC74O5B3R	2
ABW93BYR1RZYW	1
AC0IZ736KCIU1	2
AC5KS1IGR28LA	3
AC952IE2UQFZI	1
ACDA5U6PZFX27	3
ACE2MR0Q4RNKE	3
ACF9344XG7K0V	1
ACG1STT8G2ND0	0
ACGHGSL27S9I9	3
ACGXHQ09N1S03	0
ACIDAQQM0ZOG1	2
ACJEP6GUWN2DS	0
ACN949E2A27C8	1
ACPQJH6RUYCTM	1
ACTY7Y3E7RD5M	3
ACU1MBQ7T5YL0	2
ACZIJMR3D8CDW	1
AD0EWOOZHHA6	1
AD2GYWA9MNV09	2
AD2Y4TX27XSUM	0
AD44I332F78CC	3
AD4CWQ4WCYGCX	0
AD4FDP0FD70AN	2
AD7575857J3SV	2
ADAD4ATG3WMB5	2
ADBIZBUEC7KYD	0
ADBJ3C13LTD8L	3
ADEFJFM9LTXZA	0
ADH3TTPS6GZ3A	2
ADHKA6X1GZA4U	3
ADIZ7HSJR15AN	1
ADKVYCKAPGR56	1
ADLYO655RWJUI	3
ADMPMN7TQ30IU	3
ADMVOQARIUNO9	2
ADO9SN3TCFLLR	1
ADW0HBVLNETAL	1
ADX3TQD8ESUTB	2
AE057I77JI7JY	3
AE05I4AV8C4E1	0
AE1JPFDKRWO6K	0
AE1UBGTDVCAHA	2
AE26KXDN5TX0	1
AE5F9VTOODLBB	3
AE78P0RCDNPZ	1
AE7NPQR0E292C	1
AEBM90RWESSYI	1
AEBN36DO76OMP	0
AECGF0VC40FD8	2
AECOIDBOE3ONJ	0
AEDXD8O6JMHV4	2
AEITAJQ5JN5CF	0
AEJPJM2E43OZB	3
AEK5OE2IXZM1G	0
AEM192DI1VDJO	2
AEMIPUKP4YK5Z	2
AEMOODXSIUS76	2
AEQAFYTB2NQGO	3
AERBY54RWPSO9	0
AERU691FXVPSW	1
AEUP3BYE86XOY	0
AEXJKDC3CDFUF	2
AEXPLOZQ8HQD0	1
AF1T46J5E3W	2
AF30W6VYOTF7H	3
AF3ABGFRV40W1	3
AF53KLOK7NODZ	1
AF5AJ5V9T6LTS	3
AF6RXDJEUB2Q0	3
AF8A3JY9DN9IM	3
AF8SREA2XE7BJ	3
AF9CSZZBG6YS7	2
AFDBY6PJFK0GH	0
AFDKSN82SU7SF	3
AFDNCUOQX64IN	0
AFE85ECPS3XOU	1
AFHYEO3Y1IIDD	0
AFIGLFG5JH1R8	1
AFJ2YQDJH8974	3
AFMK83NQGEUKW	0
AFP245YT0C4CZ	3
AFS9S11TZXKHI	0
AFU5YIRM5NNLP	2
AFZ2HKBIF4UVM	3
AFZWRKQN3DNGZ	2
AG0SEKQHFY733	2
AG1M22OCME303	1
AG41E5I7H7WO9	1
AG86Q40S46KKE	0
AGDN5XJ2HO19E	3
AGE7FLK08LEJD	2
AGER81TMIRGUF	2
AGEVDFQPFDW6C	1
AGGNEYL9NPXZ0	1
AGMDMXVGQ2XLO	2
AGNNRH85BM2EH	2
AGOS889EYCZ6I	3
AGOWMPTNJ2K7U	0
AGPBOO634Y6MJ	2
AGQCFA4SY9TA1	1
AGS3OBWOTTHD3	3
AGWBFPP9KS8TQ	0
AGWKQIBF6VNXB	2
AH3V93LKJB12U	2
AH5GCNH82ZU0C	1
AHCKJKEI783IQ	0
AHDNB9P5B6MN	1
AHEJK7R4SIPWH	2
AHEPLA52Q8V4H	1
AHGQDMJ9AXH4L	2
AHJAYBX65DA11	2
AHJCT5UZ173SS	0
AHJZF3VJS9YIF	2
AHMXX783FD5K0	3
AHPMDBMLZ7KDN	1
AHT7OQEPB490J	2
AHTFUNJCN33NI	0
AI06T50CRA6GF	0
AI37UHKQI4JXO	3
AI3MNXZ0E76W9	1
AI5BNB2G284JR	0
AI5E5BPARSGJF	3
AIBZYH7KI1AF6	2
AIEDQUA2QQYDW	3
AIEOD0D3SE5B0	3
AIFAFQHHLVFV0	1
AIFN8URMV7J8E	3
AIG2XHG4YH9PM	0
AIKAY5P2MDYFD	3
AINYQ992XMVTW	3
AIP7X9PXRM3KY	3
AIUHSKKCH3XXV	2
AJ0KCJ15VY7V4	2
AJ2B7G3Q90J5A	0
AJ42SBYT67SYD	0
AJ7UNMW19N6TX	3
AJ7VVCALVT8KP	3
AJ92NEC62V29W	3
AJFHMT3YU8AEC	2
AJFRMF3BG7FLB	0
AJIHI6JM31ZZC	2
AJJXUZ5TYFE7T	1
AJKV9XICGTN05	2
AJL3NTUA3O8US	1
AJL83XLC3W6A	3
AJM0I0BUZ1OF9	1
AJO8VP7OSV93N	1
AJOAAIXNIE33A	0
AJQ57JBAPIUV	1
AJRSMFR95I31P	2
AJTH9I1D13ZOB	3
AJTMUTYTCUH4Y	2
AJWJVE18XSXZN	0
AJX4BT2336O6Z	1
AJX9A4Q19UTJU	2
AJXMKDYNVSOKJ	3
AJY5F5A8BVGMH	1
AJZJCAZ6B5SM	2
AK16KSPRGE7M9	0
AK2YOG5B6RHDW	0
AK4F7N4ABIY13	2
AK51MYFI7VKQ2	2
AK5GF9968QUD4	2
AK65APA9ILAR0	2
AK88XNWXKOJHA	0
AK8AQGDUOD3Z	0
AKAL75NZQG8SS	3
AKBQOHGQVXUUZ	3
AKC8F46M0E7A6	2
AKEXA6TAYAUQ9	0
AKFAVNH8SJTFD	0
AKHT4QLV2LOVH	3
AKIN43MKZJRR0	2
AKKUHX2RU0YNU	1
AKLY5TNY606U1	0
AKN6CT3PVPZT8	0
AKOWPETV0Y73Y	2
AKPNS3QQO3LL3	1
AKQFRLE1KIQJU	3
AKR96YO0ES0JY	0
AKSUWBL9DP74T	0
AKW4JIYF5I08K	1
AKW8DZ0ZII5XY	1
AL0GY3KNBW373	0
AL0MJAHBU66NB	1
AL1SXMFNHW0J5	1
AL39H0JPKN8O4	3
ALAH2IZM9AN4E	3
ALCLFC39VS9CB	0
ALDB32UJFPJ4L	2
ALDIYEOPT7BB4	0
ALDV7PXK60CZD	2
ALEBYM19I7GUN	1
ALFRMOGTO1K4M	3
ALH5Y43R6NXD7	1
ALINM2FG484MQ	2
ALN0758DW6A7S	0
ALN3B0VN3TTPF	3
ALNFHVS3SC4FV	3
ALPQXRLHPOFL4	0
ALSAOZ1V546VT	1
ALVSFBKP8Z1RR	0
ALX46GT2REM6C	0
ALZ6NYVCU517U	3
ALZJMBRRKUEON	2
AM6GUW3806SQ8	1
AMA4SXSYNC35I	1
AMA9P621OHNC6	2
AMAMCKDIGW5W7	0
AMCCCP5KZSEV0	2
AMD7U3Y5SR2M7	3
AMFM7W98UZOFC	2
AMH4ULB3PQ7RL	0
AMJSSWJQM2I3H	1
AMKBNKT8ILGY4	1
AMOYDEB3H1Z80	1
AMQTNY6CKAZRS	1
AMR6E6QPQA6JI	1
AMS2CPERWN7JV	3
AMTZ7GT7SI0NI	1
AMUID0H2KID5M	1
AMUQU6GSA4COA	2
AMVWFP9LYIDNT	1
AMYT1CKHY6L9Y	1
AMZA8MLF9UBXP	2
AN20UHPZIFIHT	0
AN2EMLCCR4XPN	2
AN3GM5JEPUID5	3
AN3VW9HKJP1AS	0
AN6L4J0CG8Q7T	1
AN6UP53OI5G1L	2
AN7CE1FUYR5EO	1
AN9OXGUUAM781	3
ANA75VFFLALO3	1
ANAN3CF77MMQG	3
ANAYLGR90D426	0
ANC3A309HHURQ	0
ANCOAI1C9KH8M	2
ANDDEYNQTSUFG	0
ANIF71QTX7IP5	3
ANL4E8XF0EXQA	2
ANLO9UATJ7XYO	2
ANLR6UJ473KV1	0
ANN45X8GFCJA7	3
ANO9SHL0H3C29	0
ANOVW3DZ7YSNF	1
ANOXUYXMZ7YP4	0
ANPI5Z0O5F7Z	1
ANQEI0DIT3LUF	3
ANRAX6GZBNWLG	0
ANSFFSC7WLVAU	2
ANT0S4MDP25X	2
ANT4HP1G97EBR	0
ANUOA4GEI8EVR	1
ANVAMBJX73HFT	3
ANWI9SW3LW5PK	2
AO155FAZUFRB6	2
AO2GZG0N16FCD	3
AO3HS0G5ITLZQ	0
AO5HECJFS7Z14	2
AO6BS2NVR9RH4	2
AO7CB0ORJNMZ	3
AOA4UW4XMPQAU	2
AOAV7YRGTS2BF	2
AOHJ3SXZ1AF8S	2
AOHMPYWZ9KFOB	1
AOJQZMVANEPBI	2
AOM2CC98S6AWO	1
AONG7MANDKD5T	1
AOQ2IB802NXAQ	3
AOSFJ5K5933P	3
AOSLINU5SJ95	1
AOSOFLQD63IUF	1
AOTWMRB7TH9T0	2
AOU6GV8TV6GZJ	0
AOUMA7UWG681B	3
AOV3SISENQZCG	1
AOVAZG35AKO9	1
AOWWEF4410SQV	2
AOXVTGL672OZL	1
AOZQGRTFZVCOZ	0
AOZXJH6ZV0LYK	0
AP41AVSN5H36A	0
AP61ORT216N6L	2
AP6UHBLK81N36	0
APCCPDTA6ZCBR	1
APECX18B89E7I	0
APK1WP22FQD7O	0
APM0MJX0D6GAB	3
APP5I2WDIASOQ	0
APQAM24H6MCPS	3
APSJS8SNOEKUK	3
APSKLJSEF7RYW	1
APSTQ8FUXR1IL	3
APU4OBALPM5W9	0
APVYZ1BUN16IC	0
APYHSY5CVS48I	3
AQ62GCJOZYF7E	0
AQ9UQK6HEQVJH	3
AQASUGL3G5PB0	1
AQBVKW25Q7SI2	1
AQCA8TL5FA651	1
AQGGNJLDY1ZTO	2
AQI6XI2E3VKZE	2
AQIBIVQ8HYVLU	0
AQK6I89JSGMUR	0
AQKN0LR4CQY28	3
AQKTSCO44UDKP	1
AQLMQHMCH2IVF	2
AQQ6NLEH6NA25	3
AQUOZX727VIFO	3
AQUP8VHGWWC3T	0
AQV8N4U9FUOK4	1
AQXG8FJANG281	3
AQXLY71A3OZBN	3
AQY55DYVD4LFT	3
AQZ1XWGKR4F53	0
AQZAE0Y1O8KKK	2
AQZWB4Y038UL2	0
AQZXG85JST0SI	2
AR0IPIT28HIS5	1
AR16V77IXKFLO	0
AR5MV29VSZ9H9	2
AR75HZA85VATC	2
AR7TPFHPR8VE5	0
AR7ZR2JMZPQN9	0
AR8GPH8WMZKP	0
AR9NCY40FJG01	1
ARAGEC1CRPAYH	2
ARBHSUY5LSE1M	1
ARC2PCEYCG8ES	1
ARCLMS31QVEJQ	2
ARHDK9ZCOOPFS	3
ARIDN94LOCQFD	2
ARJH85KANFAKU	2
ARKUMVKFITL9W	1
ARTPRZWG3M212	2
ARU9C0XRMM5SR	3
ARVWY84MXMMVU	0
ARX1TXLW7VVGT	2
ARXBH3FB3VYSQ	2
ARXHS9FMEZRY0	3
ARXIGHAWK0B7Q	3
ARYNO2UE44LPW	1
ARZVEX72CUG61	1
AS02L8NQWZBEW	3
AS3EZZ9SBS5S8	1
AS8Q9363A0XJT	2
ASBZRRHDPUT1H	0
ASDEJ8NCJP1IH	3
ASFJMQN9COPPQ	3
ASGHCAKPW2AIW	1
ASHO96ZB8AL1Z	2
ASJ0BCYCBPKT6	0
ASJU70M3GED9O	3
ASM0TJ0EWUF5J	2
AST10I3GKXN9Q	1
ASYQ98QGLG86A	3
ASZEH8XP0VFF2	2
AT09GVOTUYPS0	0
AT0OA73GM3OYK	2
AT9QI6C6AV5CH	0
ATANE2SC44592	1
ATE00A21U4YBO	3
ATEKBHTMKFCYM	1
ATEXJ9VMFN4SN	0
ATJ22NADXNLD9	0
ATJFGD2U7UEZP	3
ATL543XFXODDK	3
ATM20SU7PA4LR	1
ATO46NDYR6XLC	1
ATOZKTT32HZQQ	3
ATQ3VR2EIRCCB	1
ATSY1X892TV9C	0
ATT7HADVGS4L3	3
ATUAAFDAXZA96	1
ATUDFWUUY96VL	2
ATXMW8O98XDJO	0
ATZVK01ZD0FLL	3
AU0HW57TQ93XC	0
AU1WFY4Q4EG12	1
AU2PCIJZJRSCA	0
AU3M4M3VHNPXM	0
AU3OCOOUGVJCA	2
AU7DDT6DINKL5	3
AU9FPUQRUCCFP	0
AU9NJ4J8NMTKA	0
AUH64XS2I16IH	3
AUI2VIKD87DKR	0
AUL29X3NK17TY	0
AUL30OL8FV79K	2
AUNBDDYPN7OJZ	2
AUNKXRVR6HZHP	1
AUOPJLRRGDQAJ	0
AUSTD01RI989G	1
AUT0MYSC0CRDE	0
AUV3OR951650C	3
AUYHN0A5QTXEH	0
AUYK57GXD251F	0
AUZ3QLZOI6G1T	2
AUZO18RX7XCC6	2
AV3AUFSA1DXVZ	1
AV4C4IS9GZB5J	3
AV82CZH5IUDQ4	2
AV97L6MP468I	1
AV9X330TSNAG1	1
AVB5VIN7D7X50	3
AVBC5X2FJVQ2N	2
AVCLZD6OSWV0I	2
AVD4SILZ5H3L4	2
AVE94RYFAD2GJ	1
AVFOGF00WIQEK	1
AVG0EHF4KM94I	0
AVG94XRRBMR3J	3
AVGRPJV04W6YW	1
AVI2D0AIHVLF2	3
AVIEL22BHDTZX	1
AVIGAJRB60WPN	1
AVJ084LBRTQZ7	3
AVMDELY8YF9UL	2
AVN56D7BWE606	0
AVODIMBPW391I	1
AVOIKCD0XM3M6	1
AVU1ILDDYW301	3
AVUDJFSSP06Y9	1
AVUJP7Z6BNT11	1
AVX6FJQ65LHL4	0
AVXK1HLH1TKZM	2
AVXPN9MPL3PDM	1
AVY326HTZQV9C	3
AVY3O7JJCN2I1	2
AVYAGQ0FZLRZ0	2
AW0835FO2NHN2	1
AW5WQ2YN1U5SV	1
AW75AR1H51P61	0
AW7MWK5HQ232Y	3
AW8ZW9Z0ZDK2B	2
AWEEI1ICWQ0WY	0
AWFMQK6VDSNWP	3
AWJYJOFT1TJNY	1
AWK2RRECPUQR9	1
AWKVUDT16GKES	2
AWP73V0V4HHMR	2
AWPQDIC8RNRS3	2
AWRHVD1SXGSCY	1
AWTNMCWT5Y75V	3
AWVV9P8Y4AL94	1
AWX3ZDHFL986N	2
AWXM1CJ0F4SYY	3
AWZMUQT71J0DZ	2
AX0L760ZHIZ67	0
AX2KNG13D5Z4O	1
AX3MHYS57PZBQ	3
AX3NM18HYF4DV	3
AX5CZ27P6ZUIC	2
AX5ZDQUSZG8MI	2
AX74C2SL5YBL0	0
AXADIJD1Q2N18	0
AXAKTLX1KIDGS	1
AXE7GIDAR272X	2
AXEC0L5OSM81	1
AXHO3E10QHF1S	3
AXKCFGN6411MY	2
AXO6YQOSXI4EQ	0
AXS8527WRWZCI	3
AXTIOTOJKNCNX	0
AXTPMJJCW4I7I	0
AXUJFOFQZNTN	2
AXX1DR5HE8EA9	2
AXXVWNE2G8LHU	0
AY0GMMOFUZPKD	3
AY1BSFPZSK0LA	1
AY2BHEFRBLUG4	0
AY3KLDSGICEUQ	3
AY64OW93EHZK9	0
AY6LJ50DLL8M9	2
AYAKMM5YVC93S	1
AYB042Y7AW888	2
AYC9UAJ4UOVH0	0
AYDKQ0LUZZ4MF	3
AYEMQ3WG2PV5V	0
AYG4J7SHLKYZK	1
AYGS2GKR3PEEE	1
AYGS30W7KQ2IC	1
AYJECR4TUTFQR	1
AYLSXJZTPCEKY	0
AYMH7TOU5AR19	0
AYNTULRNAIPNY	3
AYOGN4CE6HV5Y	2
AYOMAHLWRQHUG	3
AYP7SDGHCH4HE	2
AYQI077QQYQKR	2
AYT7MYRGCJ92Y	1
AYTW4XZMZ7WR7	3
AYU616073VKKJ	1
AYUFKZ9ZY5NI	0
AYVCC1AOW44CF	1
AZ2V6QQJBHF4D	3
AZ3X1638SBCNY	1
AZ45WDYZN4VF8	0
AZ4ZCUX2UNXDV	3
AZ7LE641P4YZ6	1
AZ86VB6VPVW83	2
AZ8OD8A0HYPAS	2
AZCYEHCKR3JZP	1
AZFP1G62K7TE7	1
AZJWR5QHCC7RQ	0
AZLR9GN760O6G	2
AZMJ7CO1KACYG	1
AZNLR2VJ1YVPE	3
AZOKT3DX2AGAL	1
AZQ3W01COUIM1	0
AZQMCPLOMGEUX	3
AZT1RA926E20O	1
AZV4VNNVT64SS	1
AZXX5N2AH6WPN	3
AZZSESC35RSNM	2
AZZT1ERHBSNQ8	3
AZZY4W8E5AX2K	2
