A0148968UM59JS3Y8D1M	2
A0435554Z2P98AIGLNCS	3
A0734719E2U9PZFCS116	0
A097288670N6V5MXLZRB	1
A100JY2S79BBM6	2
A101GG7X49PK0A	3
A103S28NXENORK	1
A104CL4BUSVW9V	1
A104QGECCAFCI9	0
A104SM0ZBSUXIH	1
A105XKMQB69VHF	2
A1074GBGMK6136	3
A1079CQTAUIX6J	3
A109S0XVISGQX2	0
A10AALKLW9FSKG	0
A10AYMX5QFA5EU	1
A10B0A2OZLULBF	1
A10DQTWKNB57NH	1
A10GFXDB5NK8H6	1
A10JSA13PT6CTM	1
A10JTG3U5HKYC8	3
A10L9Y2LNWRPN7	2
A10LPROHVT8O0Z	3
A10MCOZJST1BNA	0
A10N2TC4VTWF84	1
A10O53IQXHUTMK	0
A10Q25UECZA3RC	0
A10QBBLJ22V0H3	1
A10R2XMC0DD8F8	1
A10S5OYL93RPB3	1
A10T5PZZQ5HIVX	3
A10TID8QE5XQ04	2
A10TP0LOSAJVYJ	0
A10V0GBA6SFRZE	0
A10WEAF8LY1R6F	0
A10YZ5XQI922Y4	0
A1101H4K41BI0W	2
A110CW3URSAYQS	0
A110P8ZS1UEYFW	1
A1119V322RJB08	1
A111CSAB9KUP7V	2
A114TNW6DDSAL7	1
A117FYENI6RSPP	2
A117SKH9O489ST	0
A117XUS2KI1M04	1
A118MY936GHW0V	0
A119UPKK8J0VWQ	2
A11B61QBGHLQDN	2
A11BDGW00G2G5M	2
A11CVXHZRTTYXD	2
A11D4GAEZ8D328	2
A11FX8HL2ANK6T	3
A11GBTUGNRGCR8	3
A11I18421XH45A	1
A11J2KBUT2R6G4	3
A11KDEKBAP8HRZ	1
A11MIXKXTMUO72	2
A11MNGIFEF3CHQ	3
A11OWR7DUPRJ6A	3
A11SW3BPSQ5Y29	1
A11TO8N8RJM5JC	0
A11U9M3PX5WYHU	1
A11VT8VDQ55CHM	0
A11Y76UF7I25FF	0
A121GUW23E0WRD	1
A125YN2VAXJE94	3
A127B86BN2J359	2
A1280TCQB09K0G	0
A12BLGD0TNBL8O	1
A12DHI42CBTWFS	0
A12E770VZMF0WJ	3
A12EIA0A8PT1TM	3
A12G4KQ8GL0YTL	3
A12HKXN7335MIX	2
A12JQ8VW2I66D	3
A12KIRG5PD4LHC	0
A12MVOHCZHH0R9	3
A12O43V6HUDHOB	2
A12OM5PRICBD5D	0
A12P6SLPFSOV9N	1
A12P73BDOZ1ILX	3
A12PAVZI1JTFOI	2
A12PD5I1DYYSK7	1
A12RV8G7K158I8	1
A12SEGXA7WJI32	0
A12U5S1AHVV5F9	2
A12UCD2YJKBXGU	1
A12W69N3AH2PFN	0
A12WOSDQ74UJYM	1
A12WP53L00AP10	2
A12WS7W637NHYS	2
A12YXNAFYFQ6K	3
A12ZSSIXMEKS6Y	3
A12ZVT2FQMQEMX	1
A131HYHUXRYXT3	0
A1330YACNRIOXD	3
A137OKBKY66SBK	3
A138Z5HK8H0CLR	2
A13AZM33LPYLQ9	1
A13CUECWUX8SZW	0
A13E7573EGT0CC	2
A13EJXVK5PRWM6	3
A13FAH0REB3A1I	2
A13G1TKIKHGV3F	3
A13GZCHAMKWYBT	1
A13H0YP0J8PM6V	3
A13IJZFG5I0X82	1
A13J2PGKNMJG1K	1
A13JQB9BTRNYBC	2
A13L24Q3OKM0VK	0
A13L45CSY7TEQZ	3
A13LKNC6P4HFZO	0
A13P8GMMSOCPYS	3
A13PTX4UHN29TM	3
A13Q7A1UWMNUU6	1
A13QOK3SKIT9QL	2
A13S0N4A4ZEKZH	3
A13SE0A5HKPABT	1
A13U0PCX6DVOUB	3
A13U1MNYV3AWUR	1
A13U719SO5178B	1
A13UXYN2OKYI2E	3
A13WOT3RSXKRD5	1
A13WS8IYS55JVD	3
A13WZN1F570QD8	0
A13Y0C5BLEZIP4	1
A13YHX8QAM9SXX	1
A13YVLLD267N30	3
A13ZHVOFFFJC8I	3
A13ZPRIP0S0LPH	1
A13ZRF2DWJRXS6	2
A141A7NBD1DOCX	1
A142JW4B07V56	3
A142R4L00IJDLE	2
A1449W34TMSC43	3
A144ZJCGC95OD1	2
A145GAPU58YKFX	2
A146DJ5MBBINCD	3
A146WK47R8XJG2	2
A147DL4X3X79J7	3
A148BVF1N3HGKU	1
A14C0O7S3T3OY2	1
A14D7KG2AXMXU0	1
A14DWN3HPAN1DY	2
A14DZ4DT1H96HI	3
A14EWEH9783UYW	3
A14FBOZPLG6D03	2
A14HRSLXFWHHJB	1
A14JBDSWKPKTZA	1
A14KYJDS8EIADE	0
A14LQ04A8JVAIM	0
A14LQQFCR8K3LI	1
A14M8WQWRN1ITF	2
A14MYSLWJK4V0B	1
A14NZLAR8ZRVPA	1
A14O3JP3N3GYYG	1
A14QRX6H54S9XY	0
A14SYDBNXESSQO	0
A14T7F18U61SC	3
A14TB7GD36RX38	0
A14UDTXL354W07	2
A14UWNC0LGNNKE	2
A14UX0EU2WA9YU	1
A14YLLYBGUD0GG	1
A14YNOAOFANNBN	0
A150TRTH2MC59H	0
A15344OT0UDSP7	2
A15681341786N7	0
A15785AFQI4ZEA	2
A158H93ZFUW1DF	1
A15AE3607YBHF6	1
A15AZDULPJPGVL	0
A15B5JKRWEAGUD	2
A15BXVO6TA4RL5	1
A15DABZU53RLRY	1
A15EM93VL5VI9P	3
A15JD7HOC1ULMJ	1
A15JPYV0L19RF	2
A15L1E57EOU3XP	1
A15L8THZJXKONX	2
A15LQTGW8S8AN1	3
A15NWLK4BHUA6A	1
A15PXW2176VXLZ	0
A15U2TJ4U7PDPO	3
A15UHDGZDU7XKR	2
A15WWWDJF35A2T	3
A15X49LVEX0EE3	2
A15XO8KI48G4YX	0
A15Y6B2LYNETLO	0
A1607IA96AU16B	1
A160W1P7XPX5RG	3
A163AXA3F4NHG6	0
A163KDOLIY5F8P	2
A1643N1MWR3PLE	1
A165MCNZB61GQT	0
A1679PJH1XEHJC	2
A167KI3P7XN1AM	1
A168A1A48MXJ4F	3
A16913NJFWOI1Y	3
A169JXW0SHHRH8	3
A16AB9REMJVGXO	1
A16BCNOORW1ULM	1
A16C7DZP4AR6EO	2
A16CBDQH44LK3P	2
A16E1DQ6OLF01S	1
A16FBQQOJHR4Q3	2
A16FPHIBWBPJ8	3
A16G8ZW2C2I3H	1
A16H7DU1WW46JA	0
A16IT0WAEWVLDK	2
A16J1RX9T3KDZJ	0
A16JVBE5RPZWEG	0
A16KLDA1WXFBBB	0
A16LREO2O952K6	0
A16MQYSJCULONQ	2
A16NH50TOP4LLC	2
A16OB33ZIV95VI	2
A16Q4RTRFNUDEH	3
A16QODENBJVUI1	1
A16T0B00EX0PZV	2
A16TZ8SH7G0IRW	0
A16UK4FA4OPCJV	2
A16WGX2A1NM60E	2
A16YMCFWGSFGS9	2
A16Z40WKOG0W69	2
A16ZJJD0SAF2EW	3
A170D73GWLV8KM	0
A1714YCWSPMHCE	2
A177TVY619GITB	3
A177WNWTBMWJID	1
A178ERYCMKKA6O	0
A17AK1Z8KN613L	3
A17B6MOGV108NZ	0
A17BUUBOU0598B	0
A17CVLQPI7YPMK	1
A17DC0DVCLS9IO	3
A17DW6SUOC70DJ	3
A17E1C9NEZX8KC	0
A17FXD8S4QDXNQ	0
A17GD0P1SE8PZ3	0
A17HZ9U8ENUQ41	1
A17HZKSE56SUS0	3
A17J1191W4F8MI	2
A17JE8DXAPM70J	1
A17L8BTIPUHSDR	1
A17RNV8G9Y9Z3W	0
A17S8UU4NP9FQZ	2
A17VCZBF8QD7X2	3
A17VW66OGW0ZKA	0
A1805RB948IC46	0
A180L437DJ52VC	3
A183BG3LLAX3TQ	2
A187SVWSUJW2LP	1
A188K49WIJH8LS	0
A18AHUE0GTD8X5	1
A18ANOJ1PRELI5	1
A18AOCQ4LMFBTA	1
A18DJ0YT885C2R	0
A18DRM6YBMX69X	2
A18ECVX2RJ7HUE	1
A18EYXQ51R2SVS	3
A18FVJHKLSG2HR	1
A18II21Q1TF0P0	0
A18LOAB1K1LD27	0
A18LSNVUI8T0MT	1
A18MXEW7BUZ5MI	0
A18N6YPORZBLRK	1
A18Q7MLKWLA1X9	3
A18TR4YRQPN0O0	3
A18WFBDYQ0TZDY	2
A18XXW70NTBQVZ	1
A190OO85FV6MCD	2
A191J0GS8XHTIT	1
A192NXERQ6IPOL	0
A19558LO6YJKB8	1
A198RPM6BX1D3E	0
A199HK4R2IR3T1	3
A19B52R13WC1AE	1
A19BZTBOMV6DQX	1
A19CEOKVXCVU0P	0
A19CQDHVL2K16N	1
A19EKT8H85AKO5	2
A19FL0NCZFKMPH	3
A19H65XTNH417P	0
A19I4TITILNTVX	0
A19JI9EQ2VXXE8	2
A19KDF92T0NVQI	2
A19MM1MPXCH6TJ	3
A19N5U44ORD8H2	0
A19NH2H6VHZYZZ	3
A19NHMFDDH09ZI	3
A19NUHQEDQGOTG	1
A19O2M0MHED8Y6	0
A19O9NUAONJZEQ	0
A19TSS7XJUNMW8	2
A19U0X3L8FTQS3	3
A19U4G6HNVBPYB	0
A19UQOTRTZC7ZX	1
A19VCG7QIJK41M	3
A19VTWTP6J3JSK	3
A19W2VUBXLA1OJ	2
A19ZH8QFM5M28F	1
A19ZYS9P489F6E	0
A1A0LP8RN93W3G	0
A1A1ALCSJ4EZVZ	0
A1A3VXAK3HR6U6	3
A1A4100PSA290V	3
A1A4R41718418D	2
A1A55GZ3RQ93WA	3
A1A5C6JHL567VZ	0
A1A5SP0A2VOWOP	1
A1A6KQ46YCYBOF	3
A1A73DNH5994FS	1
A1A95S8P5WDS6S	2
A1AAA2YNLEB5EO	1
A1AAWWGOC8ZREP	3
A1AC637ITVRCTG	0
A1AEGXFGMCLW95	2
A1AEJ4LOIM0O95	0
A1AEV1W26P962D	1
A1AG5TJZMPZJDM	2
A1AGSI95S1FLM4	1
A1AKAC8VSCS824	1
A1ALJ68ZGUAZB9	1
A1ALJC1WXNZ20C	2
A1AOGYIHBWK9LQ	3
A1AR3JKIY3HL2B	1
A1AVDAS4VK9FCL	0
A1AX4XR4G07G9P	0
A1AXTD50MZEUZQ	3
A1B1NE7HHX72S0	1
A1B1QMGK8VYG80	0
A1B3POVO81L3A5	1
A1B4S5K8UADL34	0
A1B5JQYAG7I2DJ	1
A1B74EYX4BNDQJ	0
A1B7PJQ94OQAAL	3
A1B8YJ1EPXSKP0	0
A1B9QFN9YFZD90	3
A1BA9EOG0S37QB	0
A1BCEV2F3HX8Q9	2
A1BDMSNJVHCS8W	3
A1BFS8CBV0PGZX	1
A1BGOIBAWUVU7A	2
A1BHDHHKWAW2C8	3
A1BI06MVLKB3WC	2
A1BJ5U8UFXM2U7	0
A1BLJHO3P3UH93	0
A1BLLT34RQ9V6R	0
A1BRL9G6DLTL8W	3
A1BRO0EIY8EHTP	2
A1BV21IV54K0LP	2
A1BVVNGHY2KJ0C	1
A1BX1HAW5ZGTKO	0
A1BYG9M1I5ABEG	3
A1C0IVWUUIZDG3	0
A1C1KCKVH2L5QF	1
A1C2NYQX8FIWXU	1
A1C3CK90T1NWLY	0
A1C3NWY834BQY0	0
A1C42QMCGX6IQR	0
A1C4AE93Y7TSX3	2
A1C4XZPPK9CBUM	3
A1C5MDPPBLKFCT	1
A1CBN9YUENO5U5	3
A1CC9U5B9T6TG4	1
A1CCDHF6896B6B	1
A1CCQZUCDVBOQX	0
A1CE0I7CO4XQU3	3
A1CHF9VHRDTTO5	2
A1CKFQBNLD0761	3
A1CKI6QC4CMLPY	2
A1CLN0SPTZGYYV	0
A1CNS9Z704KOJA	0
A1CO3IKV5FQC7L	0
A1COYQP6RS4DFS	1
A1CUULH41QQSPB	3
A1CVC6KB73CG9S	3
A1CVHHKKSTU0O8	0
A1CVRQ1OJ9MTH7	3
A1CYFV9SHRP2HZ	1
A1D0DE1HWQGW19	3
A1D0E8YF295O3	2
A1D1QLBKRKQ4UJ	2
A1D38EKIQ3Q2QU	3
A1D3P0DD6121R2	2
A1D41Q3TA9FZW5	2
A1D4LOHG4056YH	1
A1D55QV12CGOXP	2
A1D696068E7EOU	0
A1D760Z2PDBD9M	2
A1D7O2YPU7OYUG	0
A1DDRWAV7VWCQN	1
A1DGWT1Q1TEGEH	0
A1DI1O9ISEQMJG	3
A1DLCWQ9PC63AU	1
A1DLMYSCFT5FSK	2
A1DM4UO4CRFNQV	3
A1DMAKOXGV5KA5	0
A1DRXP08BWDTL5	1
A1DS19EQCB5SKJ	0
A1DTF8LY6XFLCR	0
A1DV9CVM4KBXXG	3
A1DVG6R99SRH3M	0
A1DWTRFHUT40RI	0
A1DX4XA9YRJ0L1	1
A1DXHSUATI73IW	2
A1DYNJ7OVRJK1H	0
A1DZUL4ROY7HTE	3
A1E0HG09VUJ4FA	3
A1E1B3H7MBJHK2	0
A1E4MS8Z1Z70M4	2
A1E5ZLKFVM89	0
A1E6ILRSSEWU4C	3
A1E8OGV9SO0E0P	1
A1EC8EHIDH8QZE	2
A1ED0U5AIZHJY	3
A1EE1HLYUIJPIG	3
A1EEF1K9E8O9NJ	1
A1EERZ36NL9E3P	2
A1EFGMT7AKZNZL	0
A1EGG1Q8049NJS	1
A1EGLMBWFXFQ2R	3
A1EH9DQ54YEQ5E	1
A1EIOTL0YZL31G	3
A1EJ6J6N9I7W35	0
A1EJA2K6IY1OYR	2
A1EJJLVQA9B8PR	3
A1EKWMB77ETI3Y	3
A1EKY0S1VZHHUL	1
A1ELQJ1WC2P93I	0
A1EN7F0M2TC98O	1
A1ENFJ7D37HWSM	2
A1ENUQEIMTFJG3	3
A1EOD3MWTYQRHC	3
A1EPE4C518PM0M	1
A1EPQH19798TJ9	1
A1ESH66H2OZR77	0
A1EUHLBFDV97GQ	1
A1EVT63SXD6OE1	1
A1EVV74UQYVKRY	1
A1EW2E71R9U728	2
A1EW4PLEULWJAL	3
A1EWHXH39UTTA8	2
A1F07J8W6XTRLU	2
A1F1A0QQP2XVH5	3
A1F3S4M7W1N8LR	3
A1F43Y9LLBY0ZU	0
A1F58VG6KMQWKQ	0
A1F5E3W51WNXJF	3
A1F5NKN37UDSDS	0
A1F7YU6O5RU432	3
A1F9WQC5I4AYTS	1
A1FA5CPOTADLV1	3
A1FA8R1X67TZ5N	3
A1FB40HHKBYYW	1
A1FCFM09OJ45ZU	1
A1FCQCXMZL2WXG	3
A1FCW3F4Q2YW23	3
A1FDSZISWIXH1A	2
A1FE534GXSGH14	3
A1FEM2WWXFFFEH	2
A1FF7KAUXFNP4T	0
A1FHUYGO3OWWRF	3
A1FHVNJ0LARN4L	1
A1FIAR9JDAGG2D	0
A1FIDBGBOWTY5V	1
A1FJ2XJDLL7E55	0
A1FLCWP73IZU0J	3
A1FLNVLWTN1E0T	1
A1FMM7OXJNV7M7	3
A1FPATLQSFTLC9	0
A1FQ7YZT9ROIQ4	1
A1FQCP9GI5DRMN	1
A1FQNYON0PIJBD	1
A1FQSOT8RLI6RJ	0
A1FRIBXUEIRNQ3	0
A1FSAZSG4SP8R0	2
A1FT58ZATJEQTZ	1
A1FU2F4HTLEMTK	0
A1FV0HOXQA87O8	1
A1FVTEM5XZ4B6O	1
A1FVVULG7TXPTB	1
A1FW9KNS925L5Q	3
A1FXSF65TGTXXR	0
A1FZ3KB9ZU9DLH	3
A1FZSWC07ZPMID	0
A1G2N2DXW4F00G	2
A1G4AKVJ75J78F	0
A1G5I89XMQZVKI	1
A1G75ODP2ERGTJ	3
A1G7TPCSABPBAT	0
A1G7YNZXPBWA4Y	1
A1G8SL79SLJQCB	1
A1GBML3S1GH765	3
A1GDGX206VQVP4	1
A1GECM8C8CL322	1
A1GFV1QS0FWVE9	0
A1GFXA2XVPNTZH	3
A1GG7W6GV0DRLM	0
A1GHUN5HXMHZ89	1
A1GIH766DPS4RH	3
A1GIU5U7XYH8V8	3
A1GJMZ5DKN2G4Q	3
A1GJTTKWXX3W5B	1
A1GL8J3SGDUQHA	3
A1GLCVY9I892RD	0
A1GNCNYR14WQJ5	0
A1GNYV0RA0EQSS	3
A1GP1I1HFNVLAH	3
A1GPCTKV8TCNGR	0
A1GPSGPMUTF12S	3
A1GQDXQ8CJUD7D	0
A1GR5BWCME810G	1
A1GUPD4UDVVVAA	1
A1GUV5FIQP1Z2Y	1
A1GV8T437SM4KZ	0
A1GYEGLX3P2Y7P	2
A1GZ28LH7QAN1E	1
A1H02B9CTO1KM0	0
A1H0RV08QWI048	0
A1H19LDQT7JNC9	1
A1H2WJSALF3E9U	3
A1H4K8T0U5GC8G	3
A1H4R7TY2G50DH	1
A1H6O46HGN3FK4	1
A1H6SBO7R007I8	3
A1H6TEJ7YGREXE	2
A1H8FAXRZ7B32Y	1
A1HA9VRI048BK4	3
A1HAIYQFY54VBD	3
A1HAKLA5895UA3	3
A1HAUCQENS6470	3
A1HE9MO8XDX9P1	3
A1HEDLQPSXSRI1	1
A1HERKH287L0V7	1
A1HEXO1SF2YRTT	3
A1HGQMKWMAGK2F	1
A1HJ47DFNKOKPF	1
A1HJ4WFM87T06V	3
A1HJN1I8HHA92O	1
A1HKOB09844M17	2
A1HKXSZYRN2JDP	1
A1HMI0JPCWQY4E	3
A1HMQJLS6DBSP7	3
A1HN93MR5TUTU3	1
A1HNZIAOKJQFH5	1
A1HOHCNICEHXMS	3
A1HOLW8H1688US	1
A1HOY177C2JD2V	1
A1HRYC60VTMYC0	0
A1HSB9SXQSNUDZ	1
A1HSTHRWJDSEM7	0
A1HVDK467UGV9X	1
A1HX4BH0UEDKN7	1
A1HY621BWDXUOC	1
A1HYPPEAVQ43O6	3
A1I0YSG9M7BCCG	1
A1I1U2M5KSPY1R	0
A1I2BD605EWFAL	0
A1I4V4KQLLMX1P	3
A1I62JST1VRTI6	3
A1I6HYQVP0C53N	1
A1I84P6LELMJN	0
A1I8EU72LSBA7Y	2
A1I8RG3HI2O5P0	3
A1IAZV9G9TSR7E	0
A1IBKANWDYYFMV	0
A1IBXAZ43E89FS	3
A1IC75BCAGQ4IK	0
A1ID9NP3M7N1RS	2
A1IENJ3GO21GAC	1
A1IEYHEAWPJTFQ	0
A1IFZJYCOBJ29K	2
A1IGDOK5J8HEHO	2
A1IGI09NCF8SGA	3
A1IGTY7AYSG6A5	0
A1IH1NGLR8083O	0
A1IH6BL33256WK	0
A1IHUMRYZTFYMX	3
A1II1QYD3O4HWQ	2
A1IIP4P3H9FRSR	0
A1IISMXD5YETPD	2
A1IJUCICSBF7LA	2
A1IL33JERSZ9MC	1
A1ILH2P1AQPNKA	1
A1IMFC9T96NH5W	3
A1INA0YS3TS1VI	0
A1IQVCNKOLS4AO	2
A1IRGLK0S5C5ZR	3
A1ISQ4BFCCGKVY	1
A1IT44O6PCSFHU	3
A1IV68JTGRQ734	1
A1IW53WBIAO4VH	0
A1IXA9IAQSXPZD	1
A1IXPOBUZM8V1N	3
A1J0IC31N7V99O	1
A1J205ZK25TZ6W	0
A1J5HIF41ENSMZ	2
A1J5J0665H7AVP	3
A1J60HHBLH5EV	2
A1J7JMAVDSWE7I	2
A1J7O7WAQRXWNH	2
A1J7PI3HIZDHF	3
A1J9G58QQFNK2X	1
A1J9UKXNQS5TN4	3
A1JAMWCIMWRV2U	0
A1JC0BR1N8ZFSU	1
A1JC9YO2WQIUVE	2
A1JEYTJOEUBOEV	3
A1JFERJ14VT7ZS	0
A1JGN2DUSZE28K	1
A1JJIRGZGBKT6A	0
A1JKA8UZEIJMFG	0
A1JLOSM671OFYO	2
A1JOANG98KBFKU	3
A1JPGO7W68L3GT	0
A1JPVBI9QHLMJX	1
A1JQDCX4LDKBZ3	3
A1JRA2PC4XZ31S	1
A1JRBK74VOF4UF	3
A1JSF2H7X1CF2T	1
A1JSV8X0B3QW4K	0
A1JT4FOF55LKV7	2
A1JTTI1KH3DOCY	2
A1JUWPDA0VSFJJ	1
A1JW4DF20DN3JR	3
A1JWTZBWWW5BUD	3
A1JXRXYVSUAW6I	2
A1JZFGZEZVWQPY	0
A1K2GC2YH2GB6A	0
A1K6FBSON44RRD	2
A1KB7Q3MKVS0RJ	3
A1KBNCRQCXCUSL	1
A1KD67YIK2XEHS	0
A1KD8NJPZ01R37	3
A1KGW6ZBSMHCRM	0
A1KGXL10M0OXQV	1
A1KHA4ATTB2MLS	1
A1KHK2DZOF99ON	2
A1KHNCRYIG3IB4	2
A1KIHI72Z4FY0S	0
A1KMURFE85YND8	0
A1KO3IIG5RXPF8	0
A1KPVRW3QEUOQZ	3
A1KQGOO3CMU377	2
A1KR4DMBXXJ2NC	3
A1KRAELFCKGURZ	0
A1KTH70SO3P1EZ	0
A1KWWNFLBF9CQ	0
A1KYKBBBZGXSYS	3
A1KYSTCUEXLN75	3
A1KZ3AWNSTV60F	3
A1L0P1ZP5FD6EC	1
A1L12FFCBBMHKD	1
A1L3JVR7S7KVYU	0
A1L47HQCBJPMLH	1
A1L5PM0IE9TIPH	1
A1L5VCBNITQAFZ	1
A1L60KBTE7ORQZ	3
A1L6PD3GP9X8YX	1
A1L8LZ9R0WDTAS	3
A1LA4K5JF78BER	1
A1LAPJWJ4Q5WW	1
A1LEVYSB5XIUD9	0
A1LFIB57QKGF48	1
A1LG1DKUZXGJ6J	3
A1LGR0OEC13FAY	2
A1LGRXX8XXL3WL	1
A1LJL8MMRUUELJ	1
A1LJZQ14T4CY1X	1
A1LKCGKFIED2F2	0
A1LKUF9WDCNUAU	1
A1LKZTTXTWD4M7	0
A1LN2TAD9N2LJM	3
A1LNHENI0B8RWI	1
A1LPSD8EOXIBSY	3
A1LQDA0USA5S82	2
A1LSFX5TES4GQF	3
A1LSGAF16I30C4	3
A1LT5TYOVO1T12	2
A1LTCG19G04SWV	2
A1LUL69JGNMX8	1
A1LVHR5OO45L5V	2
A1LVX62837JZB3	2
A1LYW6506L32P7	2
A1LZ6KITXV1WTB	1
A1LZH9ZDPVK5F1	3
A1LZXPCNQZ7BCF	1
A1M0O5X9P6GHRO	1
A1M1KPAGGXP2JI	2
A1M1TLAUR2ZEP8	3
A1M2GB790HHRBM	2
A1M2HYMADNEUAY	1
A1M4RD5ZRHRL6A	1
A1M93G5VXX7ASD	2
A1MB51W0B7APNQ	1
A1MC0QL6YT0D71	1
A1MHDCGQE5186H	0
A1MHK19QSCV8SY	3
A1MI4AW975GCDU	1
A1ML4CGU7PWRAU	2
A1MLDBFXE0O9EP	1
A1MNIPMVGP3EIF	1
A1MNL6EPKGAEWP	2
A1MP61HRGOA2JW	3
A1MPFDBYNHKBGN	1
A1MQ61798902Z9	0
A1MR8MG1PSYY5G	0
A1MSRS2W941DKW	0
A1MTNIU2B9A3NF	2
A1MVAKSGI6QR6D	1
A1MWMOT373NH7X	0
A1MXJVANURX26J	2
A1MYX43ANOZORF	0
A1N087XH2AUKWP	2
A1N0E6ONT7N5KD	3
A1N2XBDY54S1ZO	3
A1N57Q26L0G3F	3
A1N77DHY35GIYY	3
A1N8W8Q302EBDN	0
A1N8YI1UPTGH80	1
A1N9FGKG9U0FG6	3
A1N9JFU9O7N7XN	2
A1NC006UUZ4FRD	0
A1ND2CV6BPL1N	1
A1NEVIVOAJRN6K	1
A1NFRRSS4MB9O1	3
A1NI2R2WW28ZBS	3
A1NIETHCPZLF2X	3
A1NJ33WGE3K2LX	3
A1NJMF9K41POG3	1
A1NJXSUXI4HAMB	3
A1NKXX8TUG9LSL	3
A1NL350Q0H1V3C	1
A1NLYT5CQDOAEK	0
A1NOK6AV5LOIJ	1
A1NR4ILC2LQDKS	2
A1NSFMCNXSGDJN	1
A1NSTX4HJNPZRI	1
A1NV18NVLJT8BS	1
A1NV2XN4NEOCLU	3
A1NXA6Y1T9XDUM	0
A1NZWSMU30OIEZ	2
A1O18IPLFQOZ9R	2
A1O229NVVDJUX2	0
A1O25PY6022ESJ	0
A1O29U9AD6C1DA	1
A1O3A86NCJJVH8	3
A1O4PLZ297NJO7	1
A1O4Q0KW075XKO	1
A1O6HQY3JLU5JG	1
A1O7N3BMKUM61Q	2
A1OA7ZKRQH98C8	0
A1OB5NTW55VYHW	0
A1OD24BW33TANH	3
A1OD2E7OCW8TVP	3
A1OD6VXX6H8MLP	1
A1OE3J6FSRFUJH	3
A1OGLGV4J52S59	1
A1OHGTCVHLT1ER	3
A1OIR7ER9X11ZJ	2
A1OKU2Q6NXENKO	1
A1OLF7JAVB69B6	2
A1OLHJ6NGW6MCS	3
A1OMJ6XXFTY2UD	0
A1OOLS3367Y7M4	3
A1OOWZKVR2SJXP	2
A1OPSPK2ORI01H	3
A1OTO1N92OVO0Z	1
A1OW1ESILQ5BS7	0
A1OXL316WUHYD8	3
A1OZT0UA8Y6E8L	2
A1P3W6SSQDRIO1	0
A1P46NCG6J0YAD	1
A1P5UF7OAVE2QK	0
A1P6HMF3876Z8P	1
A1P71ODOXPZ46O	1
A1P8XSJ8DQN0V3	0
A1PADRMNPF5CMD	3
A1PAFDVNG8YP4H	0
A1PCG4ELSO9JLA	0
A1PE4VILT6FAVZ	2
A1PFVJHI4ZVZFW	3
A1PFZOLRQ2A1FQ	1
A1PGC1GEBY9CZU	2
A1PLWW2B0ZNJVC	2
A1PNT1D0OBHLPV	1
A1PPUIAD1NNZVX	3
A1PSD2SHO6R8CD	2
A1PSWYCVFWZCAC	0
A1PUYKBEYPXKE8	0
A1PZ248DRFLLWQ	2
A1PZBHF3YHQXEI	2
A1Q01YYAXE4UDA	0
A1Q1T811N4IY3Z	2
A1Q1W8BNX4VQKT	3
A1Q2SO6SQFSAOM	0
A1Q2WM82BY07X8	0
A1Q5B684JV5H0L	1
A1Q6W0LQLDVIZB	3
A1Q6YFUVK69KU8	0
A1Q7NGTASCFC8	2
A1Q8QBPQ276Y1R	0
A1QBOC76MIOJYP	3
A1QBQ5ZX7VRJWA	1
A1QC4JR6ZLOTPZ	0
A1QFEN1JQJRQUV	0
A1QFGPNAF9M9CZ	3
A1QFNCT58TXXOE	1
A1QI0NXREY5O5N	3
A1QJCZW22SYIPE	3
A1QJEI2S15711P	0
A1QJPXDGJI5IQC	3
A1QPSY6D9YS0SQ	2
A1QPTMBQ65JDND	2
A1QQIIG1RU5T7X	2
A1QSW5SNAEULQD	2
A1QTIKUVW0H6XP	0
A1QU11IDXF29DF	0
A1QUMEG685PGL7	0
A1QWJDL94UQIXZ	1
A1QWMVOTA5EI6V	1
A1QYTCXVMPWA2E	0
A1R5UPSOH21D3D	0
A1R812SDNWPMZR	3
A1RB5O70BOG23P	2
A1RBHL383Q3ADQ	1
A1RC6ZZ2HMUGDX	1
A1RE7M7NPEQHU4	2
A1RF2CRI28Q1WD	1
A1RFHS01PD3CY4	0
A1RGHR119ZVXTA	1
A1RI5FIK8JANEB	3
A1RI71C4IQZZGF	2
A1RJW14OJGSP22	0
A1RKDFKGTB3RT5	1
A1RPK81I280SXA	0
A1RR8MILLMBI8N	1
A1RS06313BL6WN	3
A1RSWM058W7SRB	3
A1RTHPUAXRBP2S	2
A1RU3KM2NBNO92	1
A1RWZXQ1WMILQ5	0
A1RXOTN89P8HI0	1
A1RY5J3MZ5H9IG	1
A1RYC3C875EZC8	1
A1RZZ8M54OEHMR	1
A1S011SMHQ4Y1G	3
A1S0LVUXIXFSGM	1
A1S27P7KJO9I96	0
A1S5QVS3YLY6FK	3
A1S61EV39OMAMI	1
A1S8MRQ5URFYJ4	1
A1S92GA01W1S77	3
A1SC6JFVDAAMAF	1
A1SCI3F1XIC25Y	1
A1SCYY5YYOHCYH	2
A1SE1ZXWYMRP45	3
A1SE66P8ULEHOG	0
A1SF4AQCYKVG89	0
A1SIX4AKBXHMMC	1
A1SLGX7ZBYISBX	3
A1SLRHGBOZ2UNU	1
A1SLXVIMWLGCB1	0
A1SMCJRW6R7GRS	0
A1SMGNHOZV783K	2
A1SPJ1UE81SG7O	1
A1SQ14MIVYW6ZZ	1
A1SRPPUDS6R3XK	3
A1SSN5Q5VDQMKJ	2
A1SSSZT28AE2BC	3
A1SV3G103VI46D	2
A1SX9PHJWTDMF9	3
A1SZ6UYFOPL87C	1
A1SZU09642R4OP	1
A1T0CLFXA77001	3
A1T0DQ5ALNWES9	1
A1T15H3N5P2SKI	1
A1T32VDS327J8K	1
A1T39NV7A2FP8C	0
A1T5KB9DGHHB30	2
A1T5LUWPX0GJQV	2
A1T67Z6B2AE40B	0
A1T7FQZEB7F6WZ	2
A1T7UZKXLK065Y	1
A1TB00M85NDDRJ	1
A1TB3KTV1I4V6H	2
A1TBZWJ610IHOF	3
A1TCARX0EA186Y	3
A1TCHYIWIRZ4Y8	0
A1TCSESQGIXOXO	0
A1TFQS56OLK0SH	2
A1THGQEPRI6A3W	0
A1TKP7591K5CXX	1
A1TLOVIBB85MP3	0
A1TN8INXTQN040	3
A1TNQY2LOTPQGT	3
A1TO1NGW3VJ7ET	0
A1TOB9A9JWG79B	1
A1TODFNRG235G0	1
A1TOJA5LFYHRXP	0
A1TPWGBNIYJ76F	3
A1TRUURTS1RAEM	3
A1TS45JWJVOSSW	2
A1TSELS5EFQF7G	1
A1TSGFIQL4RUMR	1
A1TTC7M9XYTSZK	3
A1TUFXXWH6O0JE	0
A1TVKUU4RGLN7	2
A1TVTDKNMSQ7XU	0
A1TWT0TPAGABM7	0
A1TX025IELNKC6	0
A1TZ6R3EX1EFWG	1
A1U0QSDR7T41XQ	1
A1U1EAPRR4R0QA	2
A1U1EZANNB0W9N	0
A1U3C5PHCL91GA	2
A1U4D2MXF1NFEL	0
A1U6SV2YJQZ8QN	1
A1U6THRO2VF3VP	2
A1U88014ZZZIQU	3
A1U8M8425D55KY	1
A1UA3U1HO0TSZA	1
A1UFN1D79UPGXR	2
A1UH0NFSISAD8P	1
A1UH8A2J00C337	1
A1UHG3U3XTM8R3	1
A1UI8QTMY5DYOG	1
A1UIHGXNB0AZSE	1
A1UKTQIC21J3NH	3
A1UN4Q5DLEUWBS	0
A1UO9BBGKEU2B9	1
A1UP5CIELABXA7	1
A1UQ4SOCNVD4WM	0
A1UQUHGOGKTCMR	1
A1UU8JCSRAMNSW	3
A1UVJW4MJP5SOD	1
A1UWDTDFI360KN	3
A1UYLCO4MXXB70	2
A1UZ804C9YRULZ	3
A1V09PF8PCTNKZ	1
A1V1B6SO7KIG4I	0
A1V2JQE26HSFBR	0
A1V2SNGQL0QGR2	3
A1V3W9HFDQJ38V	0
A1V4WK1JASK6U	0
A1V51TU9F6XYZ7	1
A1V5YI4UZOJH9F	2
A1V6OURNW4WCKR	3
A1V7G6OGGW7AGA	2
A1V7TFE12M9L28	1
A1V802878UOHCC	0
A1V8BLAUAVOX5H	3
A1V8K8P6T6EE0O	0
A1V8T8HC23ISKH	1
A1V9JQUW3H0E50	3
A1VCG6XWJH6TCD	2
A1VEQDU7N6GVZC	1
A1VFX417XDNWIU	3
A1VHGDLBJ7ZGO5	3
A1VIZFPC5FDDI5	3
A1VJ8AU94LU63Q	1
A1VJGCY4LGI7MI	2
A1VKKUCBHZ5J9O	3
A1VL90C0FWJYOW	1
A1VMN0REFF9JO7	3
A1VPDAK06F5N8V	0
A1VQC0MWX3V260	1
A1VQGMAA309VAP	1
A1VQQ5YG2S9OJO	1
A1VREJOQUW5ZLU	1
A1VTBRUPGVPFU1	0
A1VTRROX5ZC54A	0
A1VWYRRS81Z9E7	1
A1VXA6Z4QAAP2X	1
A1VZ9UA04Z2WS0	2
A1VZM1FQM1M5NL	3
A1VZXQLULSEYPL	2
A1W0LCF8B5PX34	0
A1W0QRJ38T9PJZ	2
A1W228ES4U9GDQ	3
A1W2KEQEGJR01L	1
A1W2V8Z9EWTZMM	0
A1W2V9B6YUW20N	3
A1W5L9Z4Q3EKLE	3
A1W6M579CQQ77Z	1
A1W7ZN28MMV047	2
A1W8SBE00B13MN	0
A1WFHJK20EDF0O	2
A1WGDEQCX7C852	3
A1WIE8OOL9VR0Y	1
A1WIJ4BMBGSLAF	2
A1WLVOJZDSEXO9	0
A1WMWR6I6AMNVA	1
A1WMYIW908MO99	2
A1WPEA0S6VXJFW	1
A1WQQJ62A8L83U	2
A1WRPF978VZQI1	1
A1WSP0D6SR488L	0
A1WTVPJ0YVHWA8	3
A1WUEAIKB94UVT	0
A1WW0R8A8T9KHR	1
A1WXG10FJ353K0	0
A1WYNN9PBUF8IJ	1
A1WZI4N6V5F0EC	3
A1X1JT8JIX7W4O	2
A1X1MKOXZDLHB0	1
A1XANX15WTN96V	0
A1XAPRM0OO15SO	2
A1XB2H0JLS56AJ	3
A1XB6HBI4HML6K	1
A1XD2TNQRZT294	1
A1XDMQ6RTQSFSN	1
A1XDWEXRQ3ORTG	1
A1XEN062S3HOB4	0
A1XEZPETXTQ20A	2
A1XINNL12XG2WI	2
A1XMTR2EDD16OM	3
A1XN2ORFU4W0SY	3
A1XQCLOF5MP5OB	0
A1XSNCXC0SKA6F	0
A1XTPZJGR8KEYN	3
A1XU6CD5C9RVO5	2
A1XUUZ7HQGPSL5	2
A1XVXN5GXUBNLZ	1
A1XW12Q2HUEV34	2
A1XWO4CJ3EYMVX	2
A1XXFQL2L385LL	2
A1XXMNLOLKNO0I	3
A1XZ53ZXRSP4VM	3
A1Y4UNHRP312HS	3
A1Y5FCXV4IJEMV	3
A1Y82HGUBMDI5Y	2
A1Y8ZOQH2GLBE3	1
A1YAZ8FZHI7HZR	1
A1YB04Q36USERV	1
A1YC2SUQL74MV5	1
A1YCSPX1WE118C	2
A1YF94RTWQ2EU2	1
A1YGLWYGIES9GR	2
A1YHEWRKR18D68	1
A1YI4BLMEPLUF7	1
A1YMMPOAZWB8HW	1
A1YMNXDESPUFOY	2
A1YNF2VZR2SIFO	2
A1YO6XDM2MR3AZ	3
A1YOCZ1FOWWQBY	1
A1YOMOD79POEOR	3
A1YOO71T900U3J	1
A1YOWHRIWWKDYR	2
A1YPFIB9P9V7OC	1
A1YQHHS7GFYNU4	0
A1YQIB3XX2LLIS	2
A1YV9DLKN2PUNC	0
A1YVWW88JIAFYL	1
A1YW0KPOAICYJ7	0
A1YWK0W0KB4T16	1
A1YX6YUHJA11KE	3
A1YYQ9A9SUWE3V	1
A1Z3KUMDFKI7J7	1
A1Z7ETCPDSA9O2	1
A1ZBPIWBK2QLYI	1
A1ZF496W3FLFUR	1
A1ZGM192WO814Z	1
A1ZHRMH2NKDTC8	1
A1ZJ6HV3GB0RPE	1
A1ZKG86UBD8K8	0
A1ZNACKDXOZ98W	1
A1ZNDFLO7W1W3K	3
A1ZRK2QEH9QV08	2
A1ZS48G1IM4UKL	2
A1ZSI3NIZ162TB	1
A1ZT7YHKA3T1JE	1
A1ZU55TM45Y2R8	3
A1ZU93D14SU1JY	0
A1ZUWPF27EJTAC	0
A1ZV286L61I21I	1
A1ZVN1JFRLUV9	3
A1ZZ85SS43PCDJ	3
A2039S0OI9MDGD	0
A204AA8X00X41D	1
A204GW5CJ9UY60	2
A204K1OFE8OB9Y	0
A2070VWU2O19B2	1
A207IO2TNQNJWE	2
A208A2L3X1LT1C	2
A20C0DP31QP7MY	1
A20CKV2VKGDMQP	0
A20DM1O03DZ723	2
A20DZFBGQ4278M	3
A20E4M3KJRQJ71	2
A20EHGR8XSRM0R	2
A20H029MKU5W5J	0
A20IIR0422G3A5	1
A20J6OV56FD9LO	3
A20LDX3VJC73SK	2
A20NC6UBNXMR1S	1
A20O95CT3UCL8K	2
A20P5W3NEE7CQ3	1
A20S7M83SRZ84D	1
A20S7XV2JK0UXL	0
A20SEVQ6ZDT7WN	0
A20SUTN45B6F95	2
A20T4FI558X658	1
A20TUS5ASEZYNM	1
A20TUZ0XS4K21G	0
A20V99ISHIYUKX	1
A20WDOPNDW4V9S	3
A20WYP2UCZSN03	1
A20YVL88FW3IEK	1
A20Z31HMST454F	3
A20Z62HCM53Z71	3
A20ZELKBSRSE5U	3
A211PPWSC9WYYU	0
A213WDNH89OGCS	1
A214X44RRZM8ZX	1
A216VFGLVYYCC9	0
A2186TIA4SX5KI	3
A219DKE24FTG50	1
A219LKBK55OGJN	1
A21CGUF4L350G0	3
A21CO6TLFX481E	2
A21D037PSROQTT	2
A21DT3MLNDE703	0
A21EF0VWVUI71W	0
A21LAYA3NM6VO9	0
A21LX0AROD73W3	0
A21MU9GDEKISYK	2
A21SYN1XFGCLMD	1
A21X0SNUI6A6AX	2
A21XJNWMKOS6XM	2
A21ZI03X45HT3O	1
A220STV60KRN7W	0
A221O2PA6JYMDF	1
A223C3N0CVA4I6	3
A226DOIEG9RDIY	1
A2277ZC0WEM8JB	1
A228B35PGJ9S8I	1
A22ANHZQFGM6OI	0
A22AP5BBMZIJHG	2
A22BQ2P4R61T3E	1
A22BSFZIT95MZT	0
A22CKAEPM01KN0	2
A22F62I5K9P55G	0
A22GHD1G3OQTED	2
A22I18GCY7RWXF	2
A22JV5POOK0XG7	1
A22KHP1L4NIE2P	1
A22KJL68YI6TQE	2
A22M1S44P7RG0A	3
A22MNO3HLKXO7X	0
A22P0R9CUC41EU	3
A22QKNGN59XYZG	3
A22TJPZOUI9DE1	2
A22US8W4UHHWZG	1
A22X0WVB11QKQP	1
A233G0DZCUVD8R	1
A236RAO5T0EI4S	2
A239P8PO0NEU0Y	1
A239VZOK6VK6D7	1
A23BZHDO5IXIGQ	0
A23CORHMLFO03Q	1
A23CZHJQWC5GYR	2
A23DRVMML8JD9E	1
A23E3V5ZUQILC	1
A23E9QQHJLNGUI	1
A23EQ5IQ1YA9GI	1
A23FHS2DFBYVBQ	2
A23KXLB49XNM0W	1
A23L26F4HYPR2H	0
A23L5ROB6WQUU2	1
A23NSBDCZCRVPI	0
A23NW4H3APSJVQ	1
A23P5BO1UGNIRR	1
A23PIY1ORQZIF1	3
A23PYCN8O9IUNH	1
A23PZP973IKWQ5	1
A23QDAZ5SF37I	3
A23RQ3BHGYS9TT	0
A23SSHQJCD1CPV	0
A23UTUAMAR8JAV	0
A23XF2DUTRKNMM	3
A23ZCKN814MQ6C	0
A2406EPPLQGVTF	0
A242442QJ0DE2P	2
A242NK6W8PJU5G	1
A242OWP736R9GD	0
A243Y7O88LP0V4	0
A24477N9KO9GOW	1
A2482NAGK67MC1	1
A249G4SVEWV9UX	0
A24CFK31TZ0F5J	0
A24D1ZWI2VQC1X	3
A24EWW9YP5HN62	2
A24EZZMQFVWLYZ	0
A24FYZZXCMP44U	1
A24G85HUDLJ8JA	3
A24HHCZULRXZB7	2
A24I715E95CMKP	3
A24IGIAV2LB7IO	3
A24IQR4HBWEID6	3
A24IXM00YW9GQT	3
A24KJ2BFS4ZVAN	0
A24L8NUCIBB8Z4	0
A24NBK3WNF9TW8	0
A24NHILYTLWA87	3
A24P2DSYSFAGD0	3
A24PK4Q70CS0N0	3
A24PNVLQKEOZ2N	0
A24RCBRDXRXR0Y	2
A24T5A5I7RO1HL	1
A24TCL8J9UYTZJ	2
A24TE90SNC6I51	1
A24WFHBI77MANL	1
A24WMBO3LUVUZR	1
A24XLUTIMFYYQJ	3
A24XY5O9HAA3N7	1
A24XYVJFZ7TFY4	1
A2503LT8PZIHAD	3
A253WX8CA9BJGT	0
A254REDGQE1QUP	1
A2571AVU1LS18Q	0
A2593YYR2JWFG3	0
A259FPTQ9QR75R	0
A25ALTRQ8PNL2U	2
A25AXL9N6ZLAOE	0
A25C2M3QF9G7OQ	1
A25DP3DWUXSS48	3
A25F3VONDVZ21H	1
A25H0PP5N4KHFJ	0
A25H64OFHIODZN	2
A25HQGY2HUXJ1K	0
A25I1SLE1IRMBF	0
A25M4899H2NUSP	0
A25MTK4D3YISH7	1
A25OOM7EOSRXOG	0
A25PNHM97EALLU	0
A25QBCHO0KFT0P	2
A25QR8ZUYXXEV3	3
A25QXLOZ4YOFBF	0
A25RURZNM6IJ8B	0
A25W8OXAD3CUUS	0
A25WBV6FLEAS4O	3
A25WJCAP606YMP	1
A25WP5DKL1R6F0	1
A25XIU8JUN00DA	3
A260VWB3ETUJXO	2
A262XPZMSC39GT	3
A263OXAVKUGXVR	1
A264BUNT7FFRI6	1
A265IEMG2K5R4W	1
A265PCQZA1Y1WF	1
A267I1R1SJ8FT3	1
A267XEQIU9WXEV	0
A269GYAM6EDEFG	1
A26B29NGQQJNIW	2
A26G0JE5PMBT7E	1
A26J7JQ5YB531Y	3
A26JHKA8SNXV6P	0
A26L0FO9QO706J	3
A26LD9FQHTM8ZH	3
A26LRPZYAS834A	2
A26LZM6739834C	1
A26P2ZKTKYKPTR	3
A26PNDBNHTEY5S	1
A26R13JFPFZ9ZN	1
A26R33GPXHWR6X	3
A26RT3QMF9U3V0	3
A26SM2BR1V5RKB	0
A26UP6B7CTI11G	0
A26WBUQACQYRMD	1
A26X5RVZJRBBBD	1
A26YZESGUVX1ON	1
A2708S1MZTVDCB	0
A271808DL7498F	3
A2726U3YRN5SD9	1
A278HGWILBE2WK	0
A278UW7R7RSZBC	0
A279PV9VOR0GTU	0
A279YKIAHWHL1C	3
A27AQOAHA3R8Y4	3
A27BKJ7JOIM1N7	2
A27CTW0GPEE0AZ	3
A27ENENRQLFHD1	2
A27F2XD8Y776X4	2
A27GITTN6AVW5I	1
A27I4NFSWMHZPJ	2
A27IYRA843Q5EJ	1
A27MBM30UVZ17W	3
A27MJS5FS0GASH	1
A27MY21JLR2UG8	3
A27NK3OAYEBN3Q	3
A27PNBCTFTBA0T	3
A27T966061XP5Z	0
A27WHIPTK58U7	1
A27XDTRTD4HPN2	1
A27Y26AKUDJQTR	0
A27YUELDE1B0B2	1
A27Z17XXSLQF0V	2
A27Z77KHF0SM1T	3
A280QECGMLFNJQ	3
A280YEMJ8980RK	0
A281O87BQ5EQCN	1
A282WSN2FWEETA	0
A283UERA0OMR6T	0
A2848KW28GX26U	0
A28C88ZUWQGZH0	2
A28E8VZ0084IPR	1
A28GD7XSI40W4E	2
A28HCZYUF6A302	1
A28IBZ5P2X7TC8	1
A28ISUIFUMLQD6	2
A28J9GFQI8IP7R	3
A28JUBZBCM6NPM	0
A28K2YWYA35YIC	2
A28M149ASZBY5B	3
A28MKHJ3Z2U93C	2
A28N4IZOAAMHJ	0
A28NKXJ38HUZ0V	0
A28QI1A2FOSKUG	3
A28WSN4Z3ONQY7	1
A28YBL28P03P8V	2
A28ZDVY6NV75P	0
A290AGY2X5M6PE	1
A292EEL9WSHJIW	0
A293LWVK2DJRFJ	2
A295AJD2DX96A1	1
A295YA31UIBGFW	1
A2999KWXSAG3HR	3
A29A03Y3NQ40L5	3
A29BFCMC8UGJ3D	2
A29CURRQW4I3ZB	1
A29D1Y447L04DJ	0
A29D3FJQ3ZMK4E	1
A29DERNFK8S6YE	0
A29DFC5MQK956C	0
A29DHQX5ZA3CNH	3
A29EK13L7SLB6K	1
A29GFTP2ECW47N	3
A29H866KOOFYTC	0
A29HWW6Z4C8SJP	0
A29J8VVYQ52CWT	0
A29JWLSGXLXJ91	0
A29JWNFTWQJG3R	3
A29LXCIELGT347	2
A29MCZ55V6XTBV	1
A29MZD6I2VSJ8F	1
A29MZJG0V03NU8	1
A29N2GVVG58L4V	1
A29PKTN5XH8K2N	1
A29SCCH1FD2MZL	3
A29T43FMUWK8LE	2
A29WDFCORHXCXN	2
A29X05JZM1TG67	1
A29XJ702QMTXA2	0
A29ZFMCYAGA3V5	0
A2A1ZQMSPAX5B7	0
A2A50KX89YENZ	3
A2A6M38D72W11J	3
A2A73TJ248LZNU	0
A2A9JSCPSYCOYH	0
A2AAY2MHTJHYML	0
A2AB31X86FMDZ8	1
A2AC7T4OSKP9KY	0
A2ADNWNL8N6K8S	0
A2AF0ISXVVB6SP	3
A2AFETRFVGY6MF	1
A2AGUIRQZHZK7K	2
A2AHA0E0IBWYQB	0
A2AIPUEDQXDDYV	2
A2AL9EZDP5UK6X	3
A2ALNF7TUH2YCZ	3
A2ALX5U55NTGTL	3
A2AMGDPOEN4KU0	1
A2ANN5GB7AGZPA	0
A2AP8BF98VMD5V	0
A2AU7ZHOG17KW0	1
A2AW9C82HMIQQ6	3
A2AY2DS7KBQNN5	1
A2AZAM4V1KX9DS	1
A2B0VVPQ2LFR36	0
A2B1MUUAXTMICJ	3
A2B55NFAP1ZD0W	0
A2B8EH0WIVQXNB	2
A2B8T0XDR844F0	3
A2B9WUNEP9M3BU	1
A2BABMIJ37TYCT	2
A2BAWLYA43PJYN	2
A2BBXMFXL7ETN4	3
A2BCE305MUUP8R	2
A2BDJLX3TJDYFJ	1
A2BF452OG0NECV	2
A2BGENGKZAZO0S	0
A2BI4NFGV8LJVP	1
A2BIAYWGW9FFOL	0
A2BIEZKUO3VW98	0
A2BIITU1EW3NFP	0
A2BIJ4WR8H72N6	0
A2BKFBVWNUVREK	3
A2BKI7RTNZ5EAL	3
A2BLBDFMVKAAK	3
A2BLDPSXCV60KP	1
A2BLXD4QT3MH25	3
A2BLXXYEJTKBNI	3
A2BM30ZOA6DQPP	1
A2BU5KI9YE6NLY	1
A2BW0ZIDWZY5UG	0
A2BXG6W3BBNJAL	0
A2BZ72Y8LDOOWC	1
A2BZ7MYTSNYMEW	2
A2C5F25VF0Q1KV	0
A2C5Z5ABN7LCFW	0
A2C62YI9P1HH6I	0
A2C8N6W0XPYJB0	1
A2CA32AJH3N7IW	0
A2CCL5RDYG0X5N	0
A2CGAUVW4OXV3O	0
A2CI5S1KVURZCQ	0
A2CKTB1FE298ZJ	0
A2CLHAQILU4KKI	0
A2CNXS86JY4JV4	0
A2CQ4NBBD9ML9Y	1
A2CQFWQE4X6VGS	0
A2CQTD6LPLMK0H	3
A2CS3OMEGC821V	1
A2CSCGBEZ6J9W3	2
A2CSIBQK17OUWH	2
A2CTAT3QS3WCGO	2
A2CUAJ70QMUF7L	2
A2CUD629EI4JFO	2
A2CUUMGHDD4DG1	0
A2CX5H23PPQUEC	1
A2D0MV6BJ1Q5BQ	1
A2D0ZT6RN5BOBC	2
A2D24242KPZGZW	2
A2D36WV2J72H6F	1
A2D6BKZ15KJAB3	3
A2DC8W3HRPTAVW	2
A2DF50X62AFH5W	1
A2DFH7BV2FRAF2	3
A2DG4BX8MBEKWZ	0
A2DGGG6M7VJ404	3
A2DGK3KXHA7MAO	1
A2DICOUBQPNNPH	2
A2DKXR9XDNA44Q	1
A2DL0MUFK6KQ1J	0
A2DNSXNEV2DKCP	3
A2DO37RWF8JMML	3
A2DOU45MA2NBQ	0
A2DP5ECME45O5G	2
A2DPFNE6OXJB3I	1
A2DQGD2M6EZRS6	1
A2DR2T0TI2GASL	2
A2DSAQI2UVJTDV	1
A2DT9OLVAPOJL1	1
A2DTHVBSIX5ROO	3
A2DTILPO3Y6L1N	0
A2DTZ27H57K4EM	3
A2DXENZNO2JT4F	3
A2DYOX4TB1WJDO	0
A2E1FQUU8BSR8F	0
A2E1W12TOVT3M	2
A2E3CBQB52PTRZ	2
A2E5CSHJPIPX2T	1
A2E7NUJYZFSNHW	1
A2E8VUHBXRGRR8	3
A2EAAM7M6QQ8UL	1
A2EAV8A6SKFV0O	0
A2ED8SESZOK79S	0
A2EDDCFY95TKQ6	1
A2EEBTAHKDW6A2	1
A2EHQ2TWERWCHS	1
A2EJO2YTML0FAD	1
A2EMJU89FQIHH8	1
A2EO60OXNULBG5	2
A2ER8Z81N29KO3	0
A2ERJVMHT0R9GC	1
A2ERM0NKMRQD8C	0
A2ES3YAM4Y31GC	0
A2ES4MM2486X0F	2
A2ESG4AYM4Z6AB	3
A2ET8O5KPFTAUJ	3
A2EU1A1CNEGN1C	2
A2EVCBV4NUIVWE	1
A2EVS819NWWYSY	1
A2EYAN1CPAPVS	0
A2EYJQCH9GBRN0	2
A2EZKP3GZ0T5LG	3
A2EZTM9WY5B5IL	0
A2F1UFQBJY2BWN	2
A2F2F7N94SR1KQ	1
A2F3YDC2PKGA52	2
A2F69T6AXLG98T	1
A2F9BAE1N5QO2S	2
A2FBFEUQ5DAF0M	1
A2FBJPZMZPIHWA	0
A2FBPS1P12N24T	0
A2FF50K7L4L6GA	2
A2FGPLFHGM2SO7	1
A2FH3FC5TW7N3P	1
A2FHSVLOBWHEBG	3
A2FI3VBE6HIZP6	1
A2FITEUJNJ4WH2	1
A2FJCZPI1TWDRH	3
A2FKR2PS626LL5	2
A2FKXF5PIY4XNT	0
A2FLLLO8TLAOCA	0
A2FLT6BN3B79OV	1
A2FMX2MB5C9MDE	1
A2FNBD43DEZPM3	3
A2FQJ5S0CGRYFP	3
A2G04WTY7MQ0HA	3
A2G05BRSHWRRHK	3
A2G1XQTS03SNEJ	2
A2G23CJ1OUG035	2
A2G2GT4G9YWWX	0
A2G4MGVWR20OOI	2
A2G4NDKWCF7I4E	1
A2GF1VF7A11YXT	3
A2GGZNPAUEL83T	0
A2GJE7U3SW12KM	3
A2GJFQ566ZK6C7	3
A2GKOJ1YWEJ8OP	1
A2GLR9H28HPTW6	1
A2GO6LH7NJL3PG	3
A2GP4EJIAA2OE0	2
A2GPRA9HHLOC4B	3
A2GQX4FSMAIG6R	3
A2GQY4L0RZ69GU	0
A2GTBOGOEIT9V9	0
A2GTCG3PP6CULV	1
A2GTTID6Q1R1Y7	1
A2GWTD011BTSTG	0
A2GX4KWO3V42Z	0
A2GZSBLOCXBGXI	0
A2H1F437UOPU2V	2
A2H2O9DD9BBW9J	3
A2H3GGG7R3JKOK	0
A2H3XO8MXSKGL3	3
A2H4UWOZEOEZ1K	3
A2H6DIDAYO3M3B	0
A2H7RSWSV59ELI	3
A2H8NP7I9LF6O8	1
A2HAQ32B79QBMI	1
A2HAQ66CD5O8FC	2
A2HAVICMBMJ1B6	1
A2HC9549CZAKNN	2
A2HEGTJLI97US4	1
A2HF9XEVTZCT5	2
A2HIIM9SOWJVQK	0
A2HKU4NVF3NK78	2
A2HOG3W6M8060T	1
A2HPEPBIF17YRE	1
A2HQ3KUQCLZ1G1	3
A2HQVR914YE3SP	3
A2HRXA3SE6CMWU	3
A2HTNDPGAP26FJ	1
A2HULINCUAYHL4	0
A2HVTJN4I8699R	0
A2HW3BHKJUURNM	0
A2HWEVCAXKGE3D	3
A2HWNX3Q18JZER	3
A2HZMU26RB3CZ5	1
A2I0QT8XO1E03A	1
A2I0Z6HXTMAAFX	1
A2I1EEPT5F0NRF	0
A2I27I6MPWP5O2	2
A2I27S48Y59RH0	3
A2I29R2ADFCMNP	1
A2I2FCO0N41XE4	0
A2I357I10ZY7CI	3
A2I4QCHJG02Y1O	3
A2ICBFAXR7I7DM	3
A2IED9DN6MX9S3	3
A2IFCBPPT9QKWC	1
A2IFY6958MRGEM	3
A2IHQ5D1TRWXJN	0
A2IJF9E51O7QLX	0
A2IK776FY6MEMG	2
A2IMLOJ2Z2QEU2	3
A2INMC9FOWFLP8	3
A2IOUA0SP94H0B	1
A2IQXDCIAP39PH	3
A2IROAVGAK1G0S	0
A2IT7S8YQOTH7M	0
A2IUKR58R88PG8	0
A2IUL0D0THXBDD	2
A2IUVQ9931SZJF	1
A2IW2Y64ZP4PP7	3
A2IXPQAN6N2IAV	1
A2IY5W0VMEEXUM	2
A2J0JML7SW4PG5	0
A2J1EOS9IR7D25	0
A2J1F881PFP7K6	0
A2J1X93CRHFPDK	1
A2J211AH3SWFJV	2
A2J325CAH7XWTW	1
A2J4786700I548	0
A2J4LO8B6HFLOI	0
A2J5GH3JY1I41H	3
A2J5UMRZO9UBXA	1
A2J6LY01ROMAED	2
A2J70BHHMHXZ4X	3
A2J7TOAAKF1QTH	0
A2J8VKFYMP1FAT	3
A2JA59SICVG83V	1
A2JC4OU1SA47G0	2
A2JCJJNY43QQIV	2
A2JE071UW97J2A	1
A2JFBO43VSEA1M	0
A2JFOUBZ2LRALW	3
A2JFRW0J346BM7	2
A2JJC8U12ESZ1C	2
A2JM8FVS8IJSCE	1
A2JP9E1H0SF392	3
A2JQNZ8BBXKL1C	2
A2JSV2AUDK8NBH	0
A2JTDES9IFCZAQ	1
A2JVOGJQ8KAPU4	1
A2JW0YFZGIDSTL	0
A2JWJM6SW8K5K2	3
A2JWRNYJYH5RT9	1
A2JX1LZK425QLC	1
A2JXFRV0DR30GC	1
A2K01JEO8IXM8Q	0
A2K04ONUAKO0O9	1
A2K1LNUUZAACJA	1
A2K22IGDSNM0WY	1
A2K2S22RA9QG5R	3
A2K4JJMXFIMHVW	3
A2K4Z2Q3ZSKQFB	0
A2K5PH9NWKSQ5X	2
A2K7PMNWQ78H0J	2
A2K9VJ17K8LSQV	3
A2KA9VMN17CUFF	1
A2KAOIY8M4D044	1
A2KDS0LLQ5W531	0
A2KE278AUYMVFU	0
A2KETUOZTO0MN9	0
A2KH3DYSLQHXIR	1
A2KHMDGXVJXAJV	3
A2KIQAMA6SE66Z	3
A2KIYRHCXK19OT	1
A2KJWNVW0C8KJN	0
A2KL3RHALFSTEI	3
A2KMI4SL79XGDD	2
A2KO7PEDJI8GHO	1
A2KOCBSVN1OY96	1
A2KQFSAYYKHDXP	3
A2KVT6M7615MQL	3
A2KZ0X3FN3A4PN	0
A2L0NZR1CSYSBP	2
A2L3I05V5N53J	2
A2L7EEXYYDF34R	1
A2LAS014NSRW72	1
A2LB1RNUFIX8B2	2
A2LCBGF5GT9I55	0
A2LHN1WR9PYA8D	3
A2LJM72M2GZER5	1
A2LJMGP3LOYAS9	1
A2LKB3Q6EW3BJW	1
A2LMYTARPJ17UM	1
A2LN462EB315YQ	3
A2LPKDRUFLSZSK	3
A2LQN25HW5IGSB	3
A2LRUJC1YZ9S95	2
A2LRYIE9CBG76F	2
A2LS0D0YUXZFWI	1
A2LTAPRPM8FH0J	1
A2LTM8MMKE8RRO	3
A2LV1N6HRU6GHK	1
A2LW2KWDIJZE4F	2
A2LW5AL0KQ9P1M	3
A2LXX47A0KMJVX	2
A2LYEGG5NKATR1	1
A2M1FQIKXG71WG	3
A2M1U9HOQHFQAB	0
A2M1W7JUVGMV29	0
A2M2HSP4AK22B0	0
A2M2JSHCB7MP82	0
A2M2TVIQTWKPU	1
A2M35HJ9K6IQGP	0
A2M6HTIAJ7XO4J	1
A2M7UO0F90QYU9	0
A2MAHNPAYXUXO5	0
A2MBCHMTEGQY9M	2
A2MBF3L5H2COQL	0
A2MC7VCY24TW6T	3
A2MCC0XFURU2K2	1
A2MDT20KJ2GJ0A	1
A2MFVWTYCIKB0D	3
A2MGW068OEQDTP	3
A2MIOPRR94CXOW	1
A2MK4F7GLDEAG8	1
A2MMPXM6BMIZHW	1
A2MO4F119XHD3L	2
A2MODLZE2V4EE3	0
A2MOVL23U50FT	1
A2MOZ04B0RC0OJ	2
A2MPTOPOQKNN8U	2
A2MQ9OGYO9PFGM	3
A2MQSOZS4K18B3	3
A2MTI4HRJU5L8T	2
A2MTOUYLX8T72E	0
A2MVD7AZOQ4W6N	3
A2MWJ2Y4I2ARHZ	3
A2MX67V2AIVKQJ	1
A2MYDDEV3TTWU2	1
A2MYVG0SN2KHRV	2
A2MZ136QATA016	2
A2N18FVED84G4R	3
A2N3BP1J6X8WW3	1
A2N3HRFL6XBSU9	2
A2N57XSC6YWZSI	3
A2N5J4OP4MAJTY	1
A2N5ZWTGAMXDWO	0
A2N8MQWC0275A3	2
A2N9SM2IAYV5KO	1
A2NA4FLTM0OEQ1	0
A2NBALK7XJQ3E4	0
A2NFAZXXYNBMSS	2
A2NGDDHTP5TISL	3
A2NHLK235V2R31	2
A2NIQYVTSMLD2R	2
A2NLYKBWPBX9Y9	1
A2NMT8TP6SYVSS	3
A2NOZB6VZCTOI4	0
A2NQLR1I7YW01N	0
A2NQZRODOJQQJK	1
A2NSQ3K57KWBX9	1
A2NT97C9A4TP13	1
A2NTDUYLYG0KJD	3
A2NTPILIJ19N2A	1
A2NVRQPZOZJRMT	3
A2NXH3BQMAFAV0	0
A2NYHDJBLRNPC7	0
A2NZV139T2WC9G	0
A2O132P54ZK5N8	2
A2O489VAPVIH35	3
A2O64Q712A3W62	3
A2O7JE7YC0FNUH	3
A2O8OZH977SVYR	3
A2OAXIR8J296CL	2
A2OBDNQ5ZYU1L8	2
A2OCDK0BOW6UCY	3
A2OCK9QRN1BM0S	1
A2OCMYD85UKZ4J	1
A2OD97KCAXU7IR	3
A2OD9ANWIYRYZ8	1
A2OEZIIK61GDW0	3
A2OGD151UN5R4T	2
A2OJZCR8H2953F	1
A2OK8W8W29TQ42	0
A2OLEMRPSYK96V	1
A2OLVFMX0QMNDS	1
A2OMODTX6DXOQG	3
A2ON2T49NACFZ3	0
A2ORP27RO4DBXG	1
A2OS7CFQI4DWPT	2
A2OSLOUKH5VWGL	3
A2OVPU1X48X4Y2	2
A2OW44A1SIJTB8	1
A2OXZX2OTDDW7B	1
A2OZFHUJOYUVVH	2
A2OZLBZSV4UWBI	1
A2P0LF2WWDN6IB	3
A2P10PW6HDSWB6	1
A2P2KLP7VCDTMB	0
A2P3IE6KYP2UFI	3
A2P3U6P25YG9LE	3
A2P4EL8AGTE0M	2
A2P4KUJ03S4SVX	0
A2P5NS0CIB4HNJ	1
A2P8I8CGO6XH4I	1
A2P996BAWY6KFS	3
A2P9P7VLJ2AWUN	2
A2PA70JC24M8L5	1
A2PAT9JENVEEOX	3
A2PC1TB9L48DZF	2
A2PCL1OWF1K3GS	3
A2PCL899IKAPBK	1
A2PCPNLIEZMM2B	2
A2PEG47DTZSEA0	1
A2PFFL60W4PEDE	0
A2PGZRNJBLCMPW	0
A2PIMV34TSWOUM	3
A2PIVNE1FRBF1E	0
A2PJA4ELBDT44T	0
A2PJBM35CLSRJP	0
A2PN124LLTSG6C	1
A2PQAJDYMZSBXW	3
A2PREU4LOFQRB1	1
A2PT7FYWNR9OQA	1
A2PUJCMGP5AXED	0
A2PUN0KP3R91CD	2
A2PX3BHA4QTPAY	3
A2PXVMF9DH8NDZ	1
A2PYUIWQY002XO	1
A2PZBAH8D8TXNT	0
A2Q0L8W8I62XVB	3
A2Q2A6JKY95RTP	3
A2Q2V2KMKOQDI0	0
A2Q2VGFLGD8IF0	3
A2Q2Z1T9AVNWCT	1
A2Q3244BMQ924O	0
A2Q487OW60S6L1	0
A2Q6QAARYD41W9	1
A2Q6W4ZSS0BS4G	1
A2Q7DDB8S64BM5	3
A2Q7FYJLJX6LFN	1
A2Q7NXACCCF0IK	1
A2Q9VUWUYHMFI1	0
A2QDG7O9A6XMDT	2
A2QDO4KXJSQWY4	1
A2QDOJFFLFGF18	3
A2QE2X8ACYRV8Z	0
A2QE65VYMAPJ92	1
A2QEZ61QZUCTCE	1
A2QFZZDQFY338Y	3
A2QGNG9XVCO9PA	1
A2QGOE9VHBNPKS	2
A2QIH6FN79AUE7	2
A2QJAZ43HK74KF	3
A2QJEZ7CIX1K9N	3
A2QNBWVUYGZHPI	1
A2QPIPC809TEPS	0
A2QPSXQ581QQ44	0
A2QR771GM6M92I	0
A2QSCI8V7FY3LJ	0
A2QT7J7DPNCID7	2
A2QV5H2EQJI7YM	0
A2QWS23OT3SCKM	3
A2QXUVVKO1PHA3	1
A2QYI11CVQ60IX	1
A2QYZ9Q29K4V6D	0
A2R0RLAIYI1FG	3
A2R1HQDYG959LM	3
A2R1HUYHXV7H18	3
A2R6M9RUTRXZRN	3
A2R7G275G9IR98	1
A2R819E0C80FXW	3
A2RAJ1GB9ZJB2Y	1
A2RCFDT6HVO6ZB	2
A2RDJD7EPDHQLC	2
A2RDPS0ORVRIOT	3
A2REDXJC3RBHDG	0
A2REQ4HL68B0D8	0
A2RF2NF71MPMEX	3
A2RHB58PXU2GW4	0
A2RLZMJZ86L70R	0
A2RN1DEIPBLQ5C	1
A2RNTVWBO11T8C	0
A2RQRM1EIZ2EVL	0
A2RREPHQAG3EMM	3
A2RW35AHDNAHVH	1
A2RYBDTCUTNIVB	2
A2RYWPOL4NN2KG	3
A2S1W1LVDPAJ0R	1
A2S2NMSU0VGYNV	0
A2S4EQ6TYYD1SL	1
A2S696CI415O20	3
A2S6MRAU663G8G	0
A2S74DNYVVYEZY	1
A2S8LBQ1ZFDCQ9	2
A2SAXZ3KELQ1N7	1
A2SBM7DZSKMGH5	0
A2SCL8P481WD2K	0
A2SCND7XBHW0LG	0
A2SCS48J8BNQMX	0
A2SDDAQYV9COQE	3
A2SFF633M7ZKQA	0
A2SFJAVY30X6Y5	2
A2SFWTMA5NQYAI	0
A2SHLYFA66GLS3	1
A2SI7AVACEZNUS	1
A2SJCN87IAWJ2A	1
A2SJEGMCTK0HAW	1
A2SJYALV7QU9P9	1
A2SKCN0DIR4AZE	0
A2SKQ02IVFLFHN	2
A2SL50P7V06APZ	3
A2SN711MIEQHFJ	2
A2SNAGBSA8UF4B	2
A2SPHO9F2ZL98F	3
A2SPV96SGOEO2	1
A2SQH4R4S0J9BJ	2
A2SSC1Q92QU8GN	2
A2STO0RF98GYIN	3
A2SU5C6DT1G9KM	1
A2SUEBXYYTXMB2	1
A2SVDYMBMNJPVB	0
A2SVJ25T8F8BTW	3
A2SVXUVUAWUDK2	0
A2SWKPNY7S1N79	3
A2SXU0LNJR8C84	3
A2SZAVK2JU7D1B	3
A2T0D1XCFVY1OI	1
A2T6IGW81JG247	1
A2T7IZPE3YPU1A	0
A2T83XXA4GNC4W	0
A2T879KDA51NKI	0
A2T8Y475LBF4SV	1
A2T8YZLFPBXA0I	3
A2T9HOHRJ86AVN	3
A2TB3SGNO08TYI	0
A2TB7DLKYKR5V9	0
A2TCAGWUTCZ0F5	0
A2TDILPU3EN4KX	3
A2TF3AOCIM6HP4	2
A2TIXZRMCYXWBC	3
A2TJ05LMLFWT86	3
A2TJR0UJN98AZE	0
A2TLKM8E9CDIMP	0
A2TLO2NUGUJAD6	2
A2TO6S6QVVHXN2	1
A2TOUHHUER2XI4	0
A2TPAOTZBYW0PG	0
A2TRRYYCPKMA9D	0
A2TTNG6URXDDPW	2
A2TVJW2LPB45V3	3
A2TVQHG2OTXAXU	0
A2TW5UT3C70M68	0
A2TX7YND4AXD20	1
A2TXBGZQQHUKYC	3
A2U4S9BVJHXFUV	3
A2U555FOOQJA33	1
A2U5IMCRSV1DZ0	1
A2U61UGHSB7IT	1
A2U9RPIMVPXV6V	1
A2UAG0HPTNJBOP	3
A2UALC6KBP3XTX	1
A2UAZPJJ4STP3N	2
A2UBA834UU91OI	0
A2UBGYO3TMY3FN	0
A2UEHE3LJ56XIF	2
A2UERM19FZPVLO	2
A2UFLC250UOE3L	2
A2UFW7W376HZGB	2
A2UG16JJJL3P1P	0
A2UG220UJU5DO	3
A2UG2SFD0URS0W	1
A2UHHX9Y9H7OSI	0
A2UIYULZNTGQ4Q	1
A2UL2YKIH06ZSC	2
A2ULOKO28OZKYS	2
A2UMMNJU86K33L	1
A2UN7LYKA3OKBJ	1
A2UNM0MPFQI5R2	3
A2UO040HWOP0C2	3
A2UO1LAZGQQMDR	2
A2UO64HDPXWM9V	1
A2UOHALGF2X77Q	2
A2UPSH0UX140X2	2
A2UQHWXACMB8CP	1
A2V1BUEE8L2MP7	0
A2V1J3JT5OOZFO	3
A2V212BDYKTCQP	1
A2V25ULY72ME93	0
A2V4MGPIBW4M8V	1
A2V6ABXPFG4RG6	1
A2V6W2730VQHFQ	2
A2V7M4GAIDLKBF	1
A2VA6CZSR1LMGJ	1
A2VAD79S4A06DD	1
A2VALCFTOWFYXZ	2
A2VB83Q5U5R4SV	0
A2VBTN6ZR67YOF	1
A2VCZHZXP0IMTO	3
A2VET003MCRZM2	0
A2VFUQ6XJAVB12	2
A2VG6ZR41BF69O	0
A2VHP2TQIW9OKS	1
A2VIF0BE7PSBHM	0
A2VKF4SASG3JAE	2
A2VKIQOKXR3SPM	3
A2VKK0C8WAEK61	0
A2VKO22JLO119V	1
A2VL9JPX96J8OI	0
A2VNIECCH7O3XF	1
A2VR60EKCYOZD0	2
A2VRYQBXSTA424	2
A2VTMI1I187HC5	1
A2VWAFYDGNTAHY	3
A2VWM5VML1BQXZ	0
A2VXM3I7H1NAP9	3
A2VYPEKBMV1E14	0
A2VZ2RIFQMFM32	1
A2VZT8RDXM9VR1	3
A2W361A6JJ5GN3	1
A2W51THR0HYCWV	0
A2W5KNDN2NOIWX	2
A2W63DPIW9WQML	0
A2W6B66HO0XCJP	3
A2W7NDT2W86VYQ	1
A2W8XHVABJUJLS	2
A2W9P1O4J3MPOO	0
A2WB6CWX89U2QS	1
A2WB7LZ595CR50	1
A2WC9E1OCJZY7F	0
A2WC9NFLG57W4H	2
A2WF58BAWLVI95	0
A2WG8I60FVZNQX	2
A2WGC825N5NC1G	0
A2WLBC0XKUOPZQ	3
A2WMGM9DUQENLC	0
A2WMKILCE70VPJ	1
A2WNS7JU74GETW	0
A2WRAS11XMPS96	3
A2WUHKA1I75SL3	3
A2WV5UZEPWN5JH	2
A2WV6L9SCAYP1T	3
A2WVCV1NFR0R07	1
A2WVO0FDPXJW78	3
A2WW57XX2UVLM6	0
A2WWL1QG7CYAXY	2
A2WWL6ULY51UBU	1
A2WY8MIQ18B9FX	0
A2X0NMH4EHL9S1	2
A2X4R43S3SKLB9	0
A2X56KZZYE08HA	2
A2X8CX7XLQQNY7	1
A2X9N5ARULONZT	3
A2X9PUZ22QX243	3
A2XCS0KWCBI9NM	3
A2XEZKFMQCT4TC	3
A2XFDW9DUFH7NJ	3
A2XHV009HQWZRD	3
A2XILAH9UXBH4U	3
A2XK9NPCPIF8HJ	0
A2XNTKL5W1GO64	1
A2XNUSR1B6MK	0
A2XOZMOMEGI9WX	0
A2XQ86CG4YW22M	3
A2XR9952F5WRR5	1
A2XRI5D0TD0PPI	0
A2XRMQA6PJ5ZJ8	3
A2XUMQRCD5F89P	3
A2XVV66V39K3IN	1
A2XX2A4OJCDNLZ	3
A2XXRN2ANQDBKO	0
A2XYHWXYCZT5F7	3
A2XZH23RP17JG8	0
A2Y1KGY7QLO43E	1
A2Y2CVEFXFI1N0	3
A2Y2ONZ9MZ025G	0
A2Y2U8OBI4D3B5	3
A2Y4H3PXB07WQI	2
A2Y6LOPFTMT34K	2
A2Y6MHEHW598B4	1
A2YA49TLAGV7FV	3
A2YAPB77KQV7L1	1
A2YB5M1J4C078H	1
A2YC18LF5HG47N	1
A2YDVUJRY2BGDN	1
A2YEOR4XJ8N3QE	3
A2YGBFWXIJ9LVZ	3
A2YI4LE0X35GEB	2
A2YJ1K8M0KPHMF	0
A2YJ2HNPYXRH91	0
A2YK7YPFT0FNVK	0
A2YPXRSLE09GZG	2
A2YQWSQLX9R9UD	2
A2YSEFNW5TBLZZ	2
A2YSWCK0TMY0Z8	3
A2YT4XEQRCKK7H	3
A2YV7HE8BVWSVK	0
A2YVVCHH5QN4CQ	0
A2YW37LJM8FYIH	3
A2YW4JR64U6143	3
A2YW9J8EJ38ZMN	2
A2YWTSNIZUP6ED	2
A2YZDG4MUVDP6Y	1
A2Z062LLU4GOA5	1
A2Z20UBY3HDSB3	3
A2Z4YLY2TJ0QGE	0
A2Z6M8D3F9OSBH	3
A2Z8NVAU2W3HJ1	3
A2ZAFIWPFIQGC4	3
A2ZB94XN1VS0B	3
A2ZEC912MPWB9K	2
A2ZF09HQUK7K2N	2
A2ZGA89FE61NFO	3
A2ZGEBZY5RI6D0	1
A2ZH95M0M2A8S7	2
A2ZM7O40B01QJ6	0
A2ZNLUO80HHS40	0
A2ZTTO3XASC667	2
A2ZWD1RON75HX3	1
A2ZY49IDE6TY5I	3
A2ZYMTRDX2PH1G	0
A3009H8DTZ5ZKL	0
A300DS7L85EPT5	3
A300HO8G4KR2D5	1
A305EK9EB19NLS	2
A307UTQ571SN4J	1
A30AO3GN6HWCT5	2
A30B39EVGM45H1	1
A30B7FVQ0FF2PX	0
A30BOP74AILP2C	2
A30CGJZCDHNSF8	3
A30EHM7Q1XSJD6	3
A30HJXTWRWVGOT	2
A30ILIDDB4PDVC	0
A30J7WQV0ZNRXG	3
A30JPZ9TZ7I61U	3
A30LL2KC7SKNVB	0
A30M73VJV6FDDN	3
A30N8BXBDNFJM6	3
A30OF3ZLZEJVGT	0
A30OYKED3AM1HY	3
A30P63MNB5ZX5K	0
A30PRZDNOBM1S	0
A30QOVQNTPJYA2	1
A30QRU8EMWKJX7	2
A30SA9IRR7NQIS	0
A30TK9WWH5EQPM	1
A30UDLQK3X6RTL	1
A30WSRZZI1BZSU	0
A30X3UYW2PGPT0	1
A30X750M8V1XXW	0
A30Z5RS166NFZD	3
A3105TJ2LX0GRC	2
A3107224BU8CSJ	2
A310CYXC7KF8H7	0
A310O8C4ZNNM5H	1
A3127RJR7MOH9B	3
A314A9GE99BSQ1	1
A314SSFZKE4FVN	2
A315TOVQJFHTN	0
A319XE8XHIU4EY	3
A31G9VDO24JU3T	1
A31HIAL0XO35X3	3
A31ICY1FC3XNRQ	1
A31JZ48YO88LZY	0
A31K509AWHR1F2	3
A31MST527ODFHD	0
A31POQQK53VUT4	3
A31Q7674K7K4W	2
A31QQ9MQ12CBK0	0
A31SKY6P7A5CY6	0
A31UIBZWTBK56	1
A31UMRZX5N3KKW	3
A31UVXEANHGDSL	2
A31V4K3GM65YIG	3
A31V6PTBY5E14L	1
A31V8S8GOKY51Q	3
A31Z89AJKYZWXJ	1
A31ZG2Z2SI7JD2	2
A320D5E96LEFKD	1
A322DAASQ0VYLM	1
A32496B9NO8A30	2
A3283EBJVQG0LX	3
A329SXN5126U8J	1
A32A4ZW0MLQXQI	0
A32AK6L4K5AMSG	3
A32BAE3NTNZDBT	0
A32DBV3RKJCE2Q	1
A32E711JZQJ60O	1
A32F743KHHBFQN	3
A32G50WSGWT1T9	0
A32G8R92Z7QCE3	0
A32GULX74TF8IT	1
A32HXWACHCOBON	0
A32I5PAO0GORJF	3
A32IPCIPVEYNE8	1
A32JJ66VX247ZJ	1
A32JLLK5UZN361	2
A32KTDYRKGS1IO	0
A32LKHQGJ8Q9A0	1
A32LXTPPDRN8AE	0
A32M9CZX2NBE8M	3
A32NEDX6UVV8DE	3
A32PPM87FYH3H0	1
A32PYBKSC3FNPR	1
A32QMCVZER0WAB	2
A32R7F6R4QEVQE	3
A32SVNALNZS9HQ	3
A32T2H8150OJLU	0
A32VAAA3L63RAQ	1
A32VLUHIWXUYZX	2
A32XGYDA14KT13	3
A32XUR8U4WA6K	1
A332OHFQM29RQF	0
A333QO9VYERXNY	2
A336M8GJFTM4BZ	0
A337H1F48XG8RJ	0
A33822EIN8I8HI	2
A338YHJOT5Q2YE	3
A33AEK6T00UR4X	1
A33CU6IHZA5JF6	1
A33CX18TR559TJ	1
A33DH76HS6WG4A	0
A33E2HGUMUSWL1	3
A33H8C2TAHXTH5	1
A33JDZHVNWK75M	3
A33LBUK26WVB39	1
A33M32O4H6K2YP	1
A33M6VWSV2OTO	3
A33MRJH4XK9Q7	3
A33NGFSBBGKJBE	3
A33NKM971LZ4LC	0
A33O0ZVS55R9QT	1
A33O49KGQYA5DS	2
A33OAATYVN4F28	1
A33P4GEN281K1Y	0
A33PM03BRNSO9C	3
A33PVOXN78TLB5	0
A33SA5P6IOEATJ	0
A33TXE1JL99FLA	3
A33WCF6US3RSIO	1
A33WECAXXOPJEK	1
A33WOWZKE1SQXD	1
A33Y8C4818EJL0	2
A33YFSYKQQNPEE	3
A33YOBW11A0Z4G	2
A33YZNZIRA3H97	3
A33ZVRR1D0GL89	1
A33ZW4XZL3LPPN	0
A33ZWKPFMEVSUD	1
A34109J1GZMHY1	0
A3420TU9OZ9ZF2	3
A3432MKHZF71GX	1
A34A1UP40713F8	0
A34A9NI38SXR3M	2
A34ACJ1CUFGGTP	0
A34CSN6LU10RB9	1
A34GM17T6WTJDK	2
A34GPDHKLY8DN1	1
A34I0C73WIVS1W	1
A34IBEPUXZ2N7H	2
A34IY6IE5I43ZC	1
A34KBI5VOYXG9U	1
A34KJH7IGM0OBN	0
A34KK2RDSO1EKW	0
A34LX49HC3VFE5	1
A34MAFY25VGCHA	2
A34MAO138NIMQ4	3
A34NS8YZA81R9O	1
A34PMFIT3HWNIU	3
A34PT36D0P2U2Q	1
A34RAHIG6I5O0Z	1
A34RH9F5ZMNOGB	0
A34SPFZIHHN907	1
A34SYEFY3WJ5E3	3
A34T1MSJKGE86X	0
A34TH6IJO6IQ3A	0
A34UVV757IKPVB	0
A34V1O2Z1UBNIY	1
A34WMQ5XLGMJ7D	0
A34XQQGTJNBE3A	3
A34XXO0HRAODA9	1
A350EYZM17VU3U	0
A351DJ2RXJ1PLY	0
A351PB7ZJLWD2T	2
A3533SODHQZRLC	2
A354NO8TYUZQB2	1
A3550TK8OTEULE	0
A355N8EW8957EW	0
A356WLNAF0MA4D	0
A35AMF3JONQTOP	1
A35IK5PV6GLP31	1
A35IX2GE0VC0JP	1
A35NGNGKXIVPR9	3
A35O9V8QQDDY6D	0
A35OIWPVTGW3UC	3
A35P0TLUEJK28E	3
A35S9KBUFF26L	0
A35T6YM413HKJQ	2
A35V56Q2VOFOEX	0
A360EW88RPNQKK	3
A363DB08146FWS	3
A364ORODKP4XFJ	0
A365GYZ8OCTO5U	2
A365PBEOWM7EI7	0
A367UTEP17ADSY	1
A369GBBY8U4YUY	0
A36AMO56CYTSLA	2
A36BXYV1Y8WIYY	1
A36BZMW4GUXA9R	2
A36CTI2UEAOKEC	0
A36D4WYUPUPJGI	0
A36DVRTEHDJKNP	1
A36EOZY2YGGD4Q	1
A36G69612R2ALD	1
A36IB08W4HPFUL	1
A36KYDDUQJOP0C	1
A36MMO4KIQYAQF	2
A36N22BP7GB5KC	0
A36P223VHL8TXO	1
A36P2IK8WE4U9U	0
A36PINZ585KZG9	1
A36RVX5A1W378P	1
A36S3VJN6DRNFK	0
A36S8JJ95VWRYF	3
A36SZ1R4KGU4N2	0
A36TWINA7XQK6W	2
A36U7IIXG4L94E	1
A36VDKWXN36XKQ	1
A36WIPOU56SUHQ	3
A36YBT6QJCL5KV	0
A3718W3AC7XVNP	3
A371Z04GWURCYC	0
A372A5KFYBGP0J	3
A372KVMEXSQX8G	1
A373HKXPLK5B3P	1
A3747YPXOBXRAT	2
A374T8LPWWSTWK	0
A375V4MXWDJHIK	1
A3765EM6AGNQPX	1
A376KPJHGOJEOD	0
A37755Z7DPETMD	1
A377QHLMXR9PQ5	2
A378BNOX3QOVYB	3
A37B8RRBJEQ88P	3
A37FFWZUGO8L7W	2
A37GS94PKDNHES	2
A37GXZ0RSU1UGZ	1
A37HO9KMMB0JYU	3
A37HON08NH2H2R	3
A37I944YYCOMCL	2
A37IRE9GZ0CZ7I	1
A37KQPZMK9PG2E	1
A37LCNEY4ELSO6	1
A37LKHEF0ZPVSA	1
A37NCVW9OJVZ8H	1
A37Q7ZWTCEBYR4	0
A380YI0D2F9ETA	3
A383A4VH78GNJ6	3
A383E203CNJOK8	1
A3844WMJ2SZNHP	0
A38483PY3H6SM8	2
A384FF1T5C74MM	0
A385IYGF5MPWBO	0
A388K37KOERC8Z	3
A388KAJKOT8DYV	1
A389QPWD6QMDRP	1
A38AB31RDVNO5X	1
A38AKDFAZNOQWW	0
A38BQKP5SWQN5O	2
A38EJVT7C2T6CH	0
A38LYJ7NQ65G5L	2
A38NEDIGZZ2ZFT	0
A38O0CBW87M7P7	1
A38OKLTH38ARE7	2
A38S6HA5SSQX4H	0
A38TKS6D12EBW	3
A38VJNNI3WQF5M	3
A38ZAAI5F5HDNK	1
A38ZANCJ120U0X	2
A38ZQ6NIXA30ET	2
A391KXVQH22CM0	3
A3920USZU0VZCZ	1
A3920W9AXIDPXG	2
A393PHX1YCW0B	0
A394CFIQH570SM	2
A395N4YTYU0UUF	3
A3971SM8X755WS	1
A398DBGB10OQL3	0
A3992OP6NR7AS	1
A399MSJG0AUBSQ	0
A39ANVSTOM4L6H	1
A39AV3W46CHWVK	0
A39C5IYYBCFWSA	3
A39CPDQ3HLE52Z	1
A39FMDE65Z9IRK	0
A39H1GO9E3YQIB	1
A39H43TCWEU7VJ	1
A39HKRASBIR9CA	1
A39I1MSCF84AZK	0
A39IRTGKOYQYMF	3
A39LAV2NR5VUHS	2
A39LVS5TUOSKCR	2
A39MAJ8LW0N0CF	1
A39PL4CXJXKJAF	3
A39RMFNOHQHGYL	2
A39TZ8NY9CUSTG	3
A39W0BUKSMVZ09	1
A3A1716APBMMAN	0
A3A1AHEAW9WMY9	0
A3A1E05J5PXADW	2
A3A3ZRLCQ2SR94	3
A3A4PYP9ZUUQ0I	0
A3A5BTMIS3RMSV	0
A3A7I62F6GTXQJ	2
A3A7MIN4UC9OYV	0
A3A87S023OM0X	2
A3A8BQ0NVIUCRM	1
A3AE0LPHB7PM3M	1
A3AE4VMFA71SCH	0
A3AIEQAJMNVI6F	3
A3AJ8M1NEDHZI9	1
A3AKW3HHUB3E67	2
A3ALHIAGCSNGSB	3
A3ANXMOYVTV01M	0
A3AQJD8NWDRQP9	3
A3AR15VJZDNC6U	0
A3ARGFIMC0Y36A	3
A3AROBTDBHROI7	1
A3ASA5PPMFURMX	3
A3AU8KKOEQOY67	0
A3AWOE64Y24JR7	3
A3AWYTM60MXSXV	1
A3AX0J6JZ3SE44	1
A3AXGKOO55KIPX	3
A3AZI828WJN1CD	0
A3B3W2L87QILZK	2
A3B5E5AUI6SK8P	0
A3B72THYQHLJPT	0
A3B7LBM6JANVTU	3
A3BCQBTQVG13PK	0
A3BD2UNAR1EBNS	2
A3BEYTAVDKX9BQ	1
A3BGDOB5IH7LHE	1
A3BHMLC4E0GOLC	3
A3BJ85TGEGAM76	2
A3BNAUQ7K5GLO0	0
A3BQM53GHYT7EF	1
A3BQWHTC0NLUID	3
A3BR0ZLEOJU63R	3
A3BSI9A4RQ0TW4	1
A3BSYMQUHEQ61N	0
A3BTTCQG38WADO	3
A3BUMIUSOWCSQM	3
A3BV06QLR8GWQ8	3
A3BVDW4DOLJAN0	3
A3BVJLN3J9LCZB	0
A3BW0I01QT119I	1
A3BW0WQY9U0JQ9	0
A3BWOI7M52JVDM	1
A3BZYJR0DH47T	2
A3C093Y2WM0EZ5	2
A3C0ZMQTDR2WRJ	3
A3C1QEGB0STWU3	3
A3C3S2X7V8UTLJ	1
A3C5755JHUGNQ6	1
A3C5AU25LAS4OP	3
A3C6O0KJPRQXUL	1
A3C6Y1ZEPG4XK5	2
A3C89DUCJZ7T8M	1
A3C8DPZUIGZOP7	3
A3CDLNPODR4DPX	2
A3CDSUYJZ682D6	3
A3CGELDUCUTLY0	1
A3CGVLRVK4574A	0
A3CHVHV01XV6G2	0
A3CIOI8M46MDB0	2
A3CJXEJD0720F2	1
A3CLJ0DXJ7OLUU	0
A3CN3QUMI31DVJ	1
A3CNJTMEUFPWIN	1
A3COACPUVQCYM9	1
A3CQSJGCY1SSQF	1
A3CT06EM3O2UEC	1
A3CU4V5M2I1DF5	1
A3CVJCBT3Y3LV1	3
A3CW2W7DAJ7UX2	2
A3CX5ZOSGERWWO	3
A3CYRFIHPO8J5C	3
A3CZZHQTICIHDS	3
A3D05BVKLYWKS4	1
A3D1FW2E4EM47P	0
A3D4IY3MYEE0HO	0
A3D7L2CLNFAFH9	1
A3D82YSWWCFOTX	0
A3DAU21SMEW1RA	0
A3DDOJERYQNEVI	2
A3DFH4CKPIT0N9	0
A3DKMTKGUWKFZK	2
A3DLCGQ0SKUAW2	2
A3DLGD0NXH7ZFB	0
A3DLMTU3STU10J	1
A3DNUT0R4MCV5X	0
A3DRVTZ72K6SFU	0
A3DRW0I811E6GJ	1
A3DSCFI54NR7C2	2
A3DT5EYK24X6S5	0
A3DUGWJTVGHEMZ	1
A3DUIQ2K4JNN31	0
A3DUM2TU5B9PYA	3
A3DWO5RJDA430F	1
A3DWSESDANGPRS	2
A3DX5F0CW34Y9	1
A3DYU7JF5ZPRJR	0
A3E7YGE1AK4JSP	0
A3E9G8SS6I5HVF	2
A3E9NBXC7UY1HW	0
A3E9QI5H6VHXFD	0
A3ECCRYGDAAP5S	3
A3EDZ8YIM05F7E	1
A3EE8RN37BYQPM	2
A3EEII7SHQRJWH	2
A3EFTNT6QOCCOI	3
A3EGFK4E3VHHWD	1
A3EJ8XHVDC0CWH	1
A3ENX1Y48DJQVK	2
A3EPXXXD7URG0C	0
A3EQ3SH24TYAP3	1
A3ESM8F6DOFDJT	2
A3EUQ5G81AN9LN	1
A3EUSH8DPW75LR	2
A3EVALTWIHK6GV	3
A3EVVAZOABL8GL	1
A3EXW4HNYX7HF5	1
A3EYBOFAKKILF3	1
A3F27SD6DQK738	1
A3F2HCQBRCJZJA	1
A3F42OESXHOYVE	3
A3F87GM6BWLN9P	3
A3F9ZXB1K82JKM	3
A3FBBNENDCQ7H8	3
A3FBZ35Z55RBYB	3
A3FCOW9FUPEGCT	0
A3FDUJ850WVSWO	3
A3FEQXFDO9AHOZ	1
A3FFFIQD32IDNA	3
A3FHW0VEWAYCQ6	2
A3FHYBHS3XAE2J	2
A3FI9EGNQNCC00	2
A3FIBTE22NJO8B	2
A3FJ6M5OT3FLZE	3
A3FKQZZKYR3JIA	0
A3FM3FG7Z8DAF	0
A3FMWV881KSX5O	1
A3FNOK7NTNYLV8	0
A3FRS9GK79ZCAE	1
A3FRXA0RKCZ3XJ	3
A3FTGDJH0NH7JM	1
A3FV6ARXFEAX5Z	3
A3FWP82931JE9O	1
A3FXQK7VJ1HHKL	3
A3FZ7KQTUNKIY2	2
A3FZCFLD1JPBYZ	3
A3G158QI50PQA3	3
A3G3NLQPG3QDM1	3
A3G42SP7AZS4D9	2
A3G4K6UMOSZP9V	1
A3G5KDMFNRUXHB	3
A3GCAFVJB279U4	3
A3GCCTWI5A10Q9	3
A3GD2GK5UD6A2R	0
A3GDO5VIBBEUDD	3
A3GFPC4MTFIQK1	0
A3GHINF8SCLU3F	0
A3GI2Q50RKE7J8	3
A3GM8W6NVZT7QL	3
A3GOAPQ4P33LP8	3
A3GPAD2VPKTPUK	1
A3GR38VY2YYLYX	2
A3GSHMATNCP0XP	3
A3GVIW2NQSEL97	0
A3GVSIBBNAQBYG	0
A3GWO9Z4GELFN2	0
A3GYADNPH4S9FL	1
A3GZ1LI58E56P5	1
A3GZXRARAG06TK	3
A3H02U4G3SE3FM	0
A3H04WG2JTEY4C	1
A3H0R68S0P1D29	1
A3H1HI7UM1JAG7	3
A3H1HPCF7N1BAI	1
A3H1Q58FXB9K1R	0
A3H2HJKZ7VIU90	1
A3H30TWWLZUT62	0
A3H52BA0LZESSB	3
A3H5MDZAMQV545	1
A3H7087YTQO9PO	3
A3HEFHKNEYLKB2	1
A3HICRL1GPX5QR	0
A3HLN7PDBI8XQL	1
A3HM8RFVGTHFCN	1
A3HMLZWNNCWEZA	2
A3HMWU943DC7NI	0
A3HOBDNMN49BZA	3
A3HOOL360NVRVL	1
A3HPFC4WMB2LZD	1
A3HPSQMID04BQA	1
A3HRYKHWMT96Z7	1
A3HTPKQOHT80J1	3
A3HTSNJSEQYB7Y	0
A3HUWTKGFYG7NO	0
A3HWDNJ2PLGU75	3
A3HXTQ31VLYHQA	1
A3HZ4K12YP24BM	3
A3I0LWE2RKU5PP	3
A3I12KKVB7Z1NJ	2
A3I4ALZSY9WZ7S	1
A3I4ATE946FLNA	0
A3I4GB927A6JPA	1
A3I530Q248TXUN	3
A3I6WBBTZBUAM3	1
A3I7BKJWZ3IMO6	0
A3I7HLNLVD1IJX	1
A3I95LSLU8TG9I	1
A3IDFOQYC0GO0Z	1
A3IE6RKJSYDH2V	1
A3IGCB651CBUS5	1
A3IHAVSTJ2DWZ5	0
A3IK3IOGLD94X3	2
A3IMRRH34AZQIJ	2
A3IN600ECWRUIV	2
A3IOMA6R9GW9NS	0
A3IOVX3E02ALK5	0
A3IQWKDPU848YW	2
A3IR834T7AROBT	3
A3IRGIEBZH24Y0	1
A3IRS1AY45IWXR	0
A3IRTRTAXCI4XS	1
A3IT2TD084AMDV	1
A3IUM4F0VIJYOC	3
A3IUW081KXD3PE	0
A3IVQVUEQJW3SR	0
A3IX7WFOQU7XU0	0
A3J0XVRC5QOF5G	1
A3J31QYP1YPNYS	0
A3J5VEQ4VDUS2F	2
A3J5VSSJE74ZJ5	1
A3J66H3IZ5DJOI	1
A3J9B8531CK4VZ	1
A3JA997XHBS3OQ	0
A3JB8M6RB840X4	2
A3JBO3883VSZSN	1
A3JE2IO40JSJGS	1
A3JFU7C7W3XUG3	0
A3JGYFM05153Q6	3
A3JHF6E8WO0NK0	2
A3JJGM9RQ50T7R	2
A3JKZOHVECHZX7	0
A3JR2MIK1QYQIX	2
A3JR6M81CO1T6W	1
A3JSSIH17JXNTM	2
A3JUMX7IUYR7G4	3
A3JURL73C22VFF	1
A3JYGKNC3XKPQX	0
A3JYLR055YYCHY	2
A3K3GUICUV1NQM	1
A3K5OV734R61MD	2
A3K89Q6HBJ758	3
A3KAFDAF3NQWHB	0
A3KAK8TA4UTPE	2
A3KCKEBDQI4IZ	1
A3KCW7GFEL6V46	3
A3KD78BZ8T9OFF	3
A3KDO3XV0MK1GX	3
A3KHANIOS6ROMZ	2
A3KJ51DP0MTHZT	0
A3KM6XJF5MG44G	3
A3KPH6TPCEX6BB	2
A3KQFEFT45PATL	3
A3KSR4WW0TSHX0	0
A3KTVCKFVGF82S	1
A3KWT72JA2MX8W	2
A3KYLM40M50TJY	3
A3KZVFLB5LM9IV	0
A3L2FRU7U5P6ZZ	2
A3L2XR7I917OXH	3
A3L5L7OHXRY03L	0
A3L61G6N7AT8N2	0
A3L7EQAO3CI00Z	1
A3L7X7DRTOPHX3	1
A3LAH9PN5O9WF3	1
A3LB5474SNTLSO	3
A3LB8L6TTZQ4R2	1
A3LBSGCRQGYX45	0
A3LD8LGP0SWQR7	1
A3LDGWLBU8IJ2S	1
A3LDPF5FMB782Z	0
A3LFTQRUKUHCBK	0
A3LGA0YRLO8YT2	1
A3LGJB5VCT0Z4T	1
A3LGT6UZL99IW1	3
A3LH77PBDFEO3F	1
A3LK3FEE4GO0UB	2
A3LKM1BYFYIFTD	1
A3LL5NBTNEO1F6	2
A3LNEWJR3P4B35	1
A3LOTK0L5YDUR7	0
A3LQI2OBV3HXV5	0
A3LREIM3Z45FE9	3
A3LRK4KNLZHA8E	2
A3LV42NBFM829N	3
A3LVDVT8P9YQTT	0
A3LVHVW7HUS4LW	3
A3LX80NSGHT28R	0
A3LY9ZWBRC7QS5	2
A3LYIVWK5FUCUN	2
A3LZA698SQPCXE	1
A3M0QISL4ECFDX	0
A3M0WJJO8TQ6Y8	1
A3M1YBWN8JIZK9	1
A3M3PTFA1ACPGT	0
A3M5Q1T59H6FFE	3
A3M6TSEV71537G	3
A3M98ECO7W786O	3
A3MA05EY4DSPIA	0
A3MAPD3FBV5RS5	0
A3MAPPKPV5MHAL	1
A3MC7KFQLXG4GP	2
A3MEE7GQF7VMAX	0
A3MFY26KDKSDW5	0
A3MH5XGU7B10C8	3
A3MIWIMFAM4ZIK	0
A3MJ1OH04JQNQF	1
A3MKVJL0NFRX56	1
A3ML4RAAA5CFSG	0
A3MPAF8QJ3ZLB	1
A3MPHEJ0N39W87	3
A3MQ15651KGVLJ	1
A3MQ96OEIVSPKX	1
A3MQAQT8C6D1I7	1
A3MRG7VZ73WATZ	1
A3MUAS9UEO4P93	1
A3MWBF79OL9I	1
A3MXDIJVL9M9GQ	1
A3MYXO2O4TNMF5	3
A3MZ074NNBDH6I	1
A3N0P03Y0JDSFG	0
A3N1YZ1U0TPUW6	0
A3N2PXQCYFYC8A	1
A3N2ZZL3WSS05I	1
A3N3PS67HYF2XE	0
A3N7C3LL8X0Q0T	1
A3N9ZXGM3VM0I2	1
A3NBT1MENSZULE	3
A3NCIN6TNL0MGA	3
A3NHUQ33CFH3VM	3
A3NI9WY3RN937W	1
A3NKPMCHTP5TVB	3
A3NPR9ZSEREUSZ	1
A3NQBEAZ9NY4UD	0
A3NSJERAQ3QO3R	3
A3NT6304G1VISR	1
A3NUEIP72B9ZKA	0
A3NUUCMVF7F39G	0
A3NX4BZ58A640M	0
A3NYRY18LG3CKJ	3
A3NZ5YSCGPAOH0	2
A3NZ8BCRKPERX7	0
A3O11UMZ2Q7D8	2
A3O2A2SVT49541	2
A3O2VR2KP1WCKU	0
A3O4Z3TVP8R6QD	1
A3O5IARD3C7C4N	0
A3O9LXMFMNYMIE	0
A3O9V0FT3KXOZU	3
A3O9W4UZVF2YUM	3
A3OB777BADOHFC	0
A3OBK3TGGTDOFV	0
A3OCP8RQA0ECRJ	1
A3OE818TDYBI6K	3
A3OF5UWBI6T8PI	1
A3OG7E1OR1KLRV	2
A3OGB72GOFOZ8W	3
A3OGLLTZKBUDVY	2
A3OGOKEX1M89HF	3
A3OI4N1LFFAECO	1
A3OK031UXKWRC8	1
A3OKAEM5C3OFL	0
A3OM2CVBLA5SER	0
A3ONII9X9JLI16	3
A3ONVLFMI80BF4	1
A3OP8W5FD54AFG	1
A3ORSXDMGX21O0	0
A3OS08H6KAWIIG	2
A3OTGXMZ73SQ4M	1
A3OUKYN7H5890P	1
A3OWU0B3JS92IN	0
A3OXHLG6DIBRW8	1
A3OXSZ6ZI3V353	0
A3P1DMXU758KCQ	2
A3P2J1W1RBUX6Q	2
A3P2ZE4WHSB2HQ	3
A3P3Q6YDNF61ER	1
A3P4GI64JL0TSQ	0
A3P5MQ99KR31J8	3
A3P72J1Y8827DS	0
A3P7FBDQXKNB4P	0
A3PAL2ABOJOP3L	0
A3PCFRD4PTURIB	3
A3PCIM33G22FZP	2
A3PD8JD9L4WEII	3
A3PDWZT6OK2H8F	3
A3PE4UB27MTCCF	2
A3PER90T2QPKFQ	1
A3PF6M11V5R886	0
A3PFN9OFT61PIG	3
A3PFNCK804TZBZ	3
A3PG8D387H7MQ	1
A3PIDQJQK13YMJ	0
A3PJLUEQIEOUYD	0
A3PLQXQ46FUG2S	1
A3PM2KL1PNWAZR	2
A3PMRT0K5DOOKG	1
A3PNGPRL3IURK9	1
A3PO84QZEC0HO3	0
A3POODJ58N5YF0	1
A3PSTIXX3HPAW0	2
A3PU4D7YKP5KWG	3
A3PUAZ6L97FT78	1
A3PV8J4N6PF4M9	3
A3PWQ4HNX1INGQ	1
A3PX7WHSGM3O7B	3
A3PXZGCNRUA04Q	3
A3PY7U7QT77GS1	2
A3PZWX3S6CD2AX	1
A3PZYNNT34F21Y	0
A3Q3HEKKBZEV45	3
A3Q40AWQ335HEX	2
A3Q4TYJVAM4IRM	0
A3Q756UP0FEZ6H	1
A3Q7VMTYIGB3JA	2
A3Q9A174AIQFVY	1
A3QCN124QMF9AK	0
A3QCRLW9IG7BLY	2
A3QCV8JGQPD3MZ	3
A3QCZ5CAVNF0MU	1
A3QER2U8VLBO2E	0
A3QG1BTT65KILH	1
A3QHO542COZY0S	3
A3QHZQOL8U7Z13	0
A3QJUJ56A9NTG7	1
A3QMBPOM0FSBCC	2
A3QN3YDLDN877T	1
A3QNV9LUNM589P	2
A3QNX5KWHDV0GD	3
A3QREJ21Y462AZ	3
A3QSNOCF28G180	0
A3QTCQC26BRWZP	1
A3QTSG25X704F9	0
A3QUP4JFCKDBB4	3
A3QVAKVRAH657N	0
A3R11FPEESE9W0	1
A3R1JXFC3WJZ57	1
A3R1Q5JHKOC36K	2
A3R1WFO4KIUQXZ	1
A3R33KMESG0XGQ	0
A3R39Z0GTH21V2	0
A3R3D779RNRFQA	0
A3R4MKUHADX5ZQ	3
A3R7DYXM8HP4OW	0
A3R91T60PDEBVZ	2
A3RBT751VSKOCC	0
A3RBV9LQDTEY7I	0
A3RDS0DJ5EJGA7	1
A3RGF3RB7NYVDE	2
A3RGPLX4F1P545	3
A3RI4UVJYKWPFW	3
A3RIVD4TCKDE8T	2
A3RKXT2JD6KZR0	3
A3RMUMRI6XIBWP	1
A3RN0ZHE92MWZV	2
A3RO473WW8UYXE	0
A3ROV2UYKLJTI5	2
A3RP26I7Y80PFL	0
A3RQILEAFB9KU6	1
A3RRETIAJKK9J9	3
A3RTR6HQ540GEO	2
A3RWVUPQYYWCF2	1
A3RWWN5LET1271	1
A3RX1BCL63965I	1
A3RXG6X8M9Y5XT	0
A3RZ58BMGNGPTW	1
A3S0BE5HRSKL93	0
A3S1HONVN38X3S	1
A3S3FJHW67GD1G	3
A3S4J00LUYEMB5	0
A3S56ZOHBS8S5O	0
A3S5NOCF1892AM	2
A3S5VT2BWT7K5H	2
A3S84SEN2Z6DZU	3
A3S8PGUMCO2FJK	0
A3S8VA5JMPXZ9J	1
A3SACPT3TO506A	1
A3SDDMEUMCN858	3
A3SDJY7F4MIO7W	1
A3SEDF6KBR0B1I	1
A3SGCL5JZ22HHR	1
A3SGI8EUPTWNJH	0
A3SH0G4MKEGBCR	3
A3SHEE6BGOFEFY	1
A3SHT50QXGS94W	1
A3SIZIW9GU2Z3S	0
A3SLC8F6VIWXIR	2
A3SLPMVO0Y3EES	3
A3SM9ST8JST13G	0
A3SMR4HRFJARSC	2
A3SMV35531YME	2
A3SRVI2KSGSNAQ	3
A3SSLFXTHI91XI	3
A3STLBN08QL3HC	2
A3STP05C846TGG	3
A3SXKZ1Y3SGW3Q	0
A3SXRDUOHA7MH0	2
A3SXXLFS7GLP2S	1
A3SZDMVI8L829R	1
A3T1LD0C65QCWK	3
A3T4UJT2EMT9D8	1
A3T4YC0YTVPZUG	3
A3T5ZSOEU6PREO	1
A3T6H846YFFH4G	3
A3T7V207KRDE2O	0
A3T9402RGY1U7V	2
A3TA8OZKLWKV01	1
A3TAEZTGDMRCA7	2
A3TE9EHDPX18KU	1
A3TE9XOO84BFGK	1
A3TER2X4IRHA1F	1
A3TGN05MYQDWAC	1
A3TI1WDAEOTD0I	3
A3TKGWBPVAWFNE	2
A3TMDQKIE46ZJ8	1
A3TNE44DTTQ8MF	0
A3TOMTQ0AMNGKP	0
A3TOPNCDTEIUL6	3
A3TR2O4R2SFVVA	0
A3TRO68HDMFLWG	1
A3TT0O61SEFDPA	2
A3TT615MVEYXA4	1
A3TUBM64Q2VIE2	1
A3TVN7LHTRG48C	1
A3TWMADFQ6ILHC	3
A3TWPW6C78JPGV	1
A3TXZJQWCPYNVS	0
A3U0B6OMLOPQPN	3
A3U11UX5Q74LE2	0
A3U1ELEE2B33UF	1
A3U1YM0I848PRD	1
A3U4479Y4MVVUH	1
A3U4F31VCWLEM8	1
A3U4HJTVIL9XIN	0
A3U4W0VQ1V4FUY	1
A3U5RYD678A4LL	0
A3U6QM5A7D8E3H	0
A3UA5J45L6BIZD	0
A3UBR469X3HQF9	2
A3UCOXQ181HBK8	2
A3UEQ1CYG8E6D2	0
A3UGILCWBKAR1H	3
A3UGMEZH78NEWW	1
A3UHDJL7JJDKCW	1
A3UHUP814K2GVU	3
A3UIDVXLPX9JRN	3
A3UJRNI8UR4871	1
A3US174BQYNJKS	0
A3US3MUN4V1WBK	2
A3USGARNNQ4AOW	2
A3UTJ97GEDD0HD	0
A3UV0D6V6G9PIZ	0
A3UWGFMDD9XRT9	1
A3UX4I3FXMGLFA	0
A3UZI7R4U0SGCF	0
A3V1EPSE6XDC0C	1
A3V434MJLO37JN	3
A3V6GH1OC6VH70	1
A3V6ZL0RPY3AKI	2
A3V856C201ZBSG	0
A3V9UCOQV7X5XL	0
A3V9WX0YRI1ESY	3
A3VBGZ1TOJNAIL	0
A3VCD0KDZNI6JT	3
A3VDV1M5F6Z55S	0
A3VDXVBVLBY568	1
A3VE1NBQHGAIZG	3
A3VEEO55JTUVNB	0
A3VESKW2ZMW1C6	0
A3VFASOHOOBKNS	3
A3VFZPT7Z3LZV6	0
A3VGHF7VNFBMCQ	3
A3VGSA71W3ZPM5	1
A3VHB7JR3O5FYZ	3
A3VHXWDW4RP4Y	1
A3VJNK6KFP8KWK	1
A3VK3EC4Q6KYK5	3
A3VONQL7YW8UPM	1
A3VT4YTHNOLQXU	1
A3VTDDA8D43BSN	1
A3VTU31D33OKJA	3
A3VTZDL77GIWG5	1
A3VY83SH0KX5JS	3
A3W0XXZELB1374	2
A3W1I9JIIZO3VV	1
A3W35GXPF727Q9	2
A3W3J1JDSA02M9	0
A3W3O4K1HPM5JW	0
A3W41VHLM0ITKM	3
A3W42QTADBX2NI	3
A3W4D8XOGLWUN5	3
A3W5A9X3HHACQT	3
A3WF4QNTMUAHW	0
A3Y1NVSS1P8LO	0
A3YBXHUUA3XX8	1
A3YYE2U1CSEB1	3
A42NL4QWMQPM4	1
A43EFP9EKWJA	1
A449FP7EPXEDI	1
A46Z5RK0HXQZ4	0
A470Q5CNQZ10O	3
A472L0XSJYTMF	1
A47KM0ASZVU5X	3
A47WFRSIVHELI	2
A4BDNTE40J9F5	1
A4BRPQLLLVDF2	1
A4CG5LYW240XP	0
A4DBPSH9KP1WU	3
A4FA7540UGFVL	1
A4FVZCO0V8TX9	1
A4GS8B8G3Q7QE	3
A4H3HQOCGJYMN	3
A4HAKP33KBCIK	3
A4IBVW81HWBCB	0
A4JNJWKLR0DIU	1
A4JZOZEZ8NLUA	1
A4KSRAMOXH9VY	0
A4KU0XJNBH674	1
A4LJMJ2FBUDCH	0
A4OPNK2K0EDLG	1
A4OQK6ZZ8Z6LU	1
A4OVQGI1FQI3V	1
A4RWZUMKZJLN6	0
A4V9VQ90M9PIU	1
A4VZ5VUJ2SGPP	1
A4WSU8SXFZ65R	0
A4YJ34UI38GA	0
A4YV49T8Y0X94	2
A536M59DMDN1Y	1
A58BN68W5VHY8	2
A58KVCCLMANJL	3
A5B0NR6TP18UP	0
A5BHPUCYGF6GZ	0
A5DCJXILCBR5L	1
A5DMKMA0B1GT0	0
A5EUHFR24YNGK	3
A5F07XL8HA4EE	1
A5FA56AZXJL3P	1
A5G5K60VD0NQ9	1
A5G9NCBNVOW3A	0
A5IJSRZINII14	0
A5LL1F017NFBU	2
A5MQB80VZL4Y1	2
A5N5YQROUP5J5	1
A5NXHOUO7NHMS	3
A5PSNCI685HGL	2
A5QQ5OC488CB7	2
A5RY8XVUS2Q5H	2
A5SB56C1NXYC2	1
A5TLEWP9GH4I4	3
A5VOUMN5JTANL	2
A5W78LLM2H317	0
A5WP008Q7NI40	2
A5WY7TSLNCRSU	2
A5XKNGJGLKOUE	1
A5YTGBQJ6Z2EO	2
A5ZSKBFBCLXZM	0
A60K3A8535404	3
A617RQ8OA89A9	0
A61IN37LAGQ9S	1
A625MH6SFIWEY	2
A641NJB9LV8UG	1
A67MVM05O5ME9	0
A67OB842RY0G	3
A67UYIQKJDI78	3
A6849HS5ON0CZ	2
A691XU34BVWME	0
A6BALP86F1KZC	3
A6KS978KER7LE	2
A6LNB4BSV5BKG	3
A6LXZBBAK4JE6	1
A6MJYLLCQNDRD	1
A6NC02LECR8DY	1
A6NYQDBUFI5P	3
A6R954R681F3E	3
A6RRSQT1PB9LS	0
A6S9AKRSORG2G	1
A6T7RYET2ARIC	3
A6TMA41LZK3BN	0
A6UIJ8WAPHSB6	0
A6ZROANHUALSJ	1
A71EPZ2AI4C55	1
A71X7KJCTWZM8	3
A71XUH63L37JG	0
A72F0ZS0O2S2S	0
A74GOVT4IYJUT	1
A751MI5B5VXO5	0
A78275SFR80A0	3
A78H4P0BMIYDA	1
A793HZFOEOOQM	3
A79N1FGIYYEL9	0
A7BEGBHOJX8FP	2
A7CJ72WJ79Z58	0
A7D2R66YCH6IU	3
A7D4BS4H10YWI	0
A7DBU21LL8ZX4	3
A7GSG837WOCD	2
A7JV83TKNS9VN	3
A7L2RCBRMQ38Z	1
A7LS9G05QKHEL	1
A7MUVSM1YXXQ4	2
A7NV2MWYDO78F	0
A7O3870BUEO4K	1
A7O9KRXA5E2Q4	3
A7PAR2A51G8Z4	1
A7QFCTSE3TCY9	1
A7QJUMMT4FPDK	1
A7SBWPBRLILX0	2
A7SNG08AIOO6E	1
A7U2GPWUHBI4Z	3
A7VZBUUOK2I86	1
A7W417ZHPL7M7	2
A7XE7NUT28286	1
A7YXH392WB4A4	2
A7Z8V25VA5IUQ	0
A7ZRZRLXLV165	1
A81HAO8KEKBZH	3
A81I8Q25GYMJ5	1
A81M9AEYSQMF9	1
A81XD7SDAM9RX	1
A823UYW89REXQ	1
A824HAFVZLGDU	1
A8311F1VOH1PO	1
A87LSYR61JETA	0
A89CIPYQFBLXH	1
A8AXYSBIYN2BW	0
A8B9HJJ19C0SG	3
A8CVHB7CP8AT	3
A8CZOOH92SXFL	3
A8D73N39C24LE	1
A8DME0KN0X7WC	3
A8H73RK43M6G5	3
A8HNE7ZYRCMLR	2
A8MGK6KPMF8QA	1
A8MR3ZIP8OD6	3
A8P4UKULM6LG8	0
A8P685HFEHZOS	1
A8PHXQ0O9C1HQ	1
A8POZNI1KB5MJ	1
A8R6CWP3CRJWS	1
A8RZR3N0UW6PA	0
A8ST2JWG2RVVD	0
A8SXPZNKVT8JH	1
A8T6XIU8YL8G5	1
A8TV4G8JVZMWD	0
A8UUJ28GTWKM	3
A8WEXFRWX1ZHH	3
A90P5W40Y289R	0
A91ALRTTEOPMQ	3
A91ZDK409GGCV	3
A92PYHU2388LK	3
A95XSC2MEE8FV	2
A964R4W5CF84N	3
A97NYH3S9GRNB	2
A98Y14SODZSZW	0
A9DW3IODLLHJG	3
A9EGVSX6PVJK6	0
A9EL8GNJCW9S8	3
A9EXAKHLR579V	3
A9GVA94AV2WCX	0
A9O2V66QQBFPM	0
A9P7HR16TYH6B	3
A9RQ19SL71HB1	1
A9VA76PMVCQ7D	0
A9ZUV1D8V7A7Z	1
AA0QINK24YP0J	2
AA1ZYCEKJGG3A	0
AA2PO5NCVJ8BO	0
AA5LGPDXPUKJ8	1
AA5NMORH5NH4E	0
AA5PXLJV8JBMO	2
AA5WJPVY8MZBK	3
AA6GTO7B7VPQ5	2
AA70E3KYP87JL	3
AA76MXCTICDNY	0
AA8NMIYNL2NB7	1
AA9L60MFFHGRM	0
AAB10CI640J6R	1
AABLAF3HL60DG	1
AAC2BU2V9X95K	3
AAD7A1T9XUTCQ	1
AADC27AUB89Q5	3
AAFQIOAAUPAR9	3
AAFRGL348TCK2	1
AAH4FNN0OO7R4	1
AAI97RZ3KKOEC	2
AAKAVDNDSLOE2	1
AALDKRMK4RIRZ	0
AALVY7AU8PLN8	2
AAQBF8SLD6GYH	2
AASEQULR77S3W	0
AAT0UO8NMD6IG	2
AATN26LCZU94G	0
AAUW3JPG34YN5	3
AAV6KAYXRCLWI	1
AAWBFEUHGHGQL	1
AB02E1GU39AGI	0
AB1GES7PQM8P5	0
AB1PHIBJX49DX	1
AB39HXPQYD7VN	2
AB3L09R1NGMMD	3
AB4N8HAIR08DT	0
AB6GRY6ZLBYU7	0
AB6QZWTQR54XU	3
ABALXU1HA4TNT	1
ABAO5ASSRVDW6	0
ABBCIAS9CHTGM	3
ABBIQ3WC35QQX	3
ABD19P490IY7Z	1
ABFV577RPL3E9	0
ABISSS50G6AIT	3
ABJQEIB3PZGPU	3
ABLW2M2R7VQIA	1
ABNMD6670TV53	0
ABNV2O3HLGRVW	3
ABOKIU43GHMO6	2
ABP7ENCEXQKX9	2
ABPCMXB2JPHZG	1
ABPMMEUMRU61V	3
ABPTOXE180Q6P	1
ABSKKJNTEM84P	0
ABSV4LC32VJVL	3
ABT0TGQVXS68	1
ABUMKEWL3TIQA	3
ABW554JXEMB4H	1
ABWQHEFT0HUGQ	2
ABX51TFC5ECGH	0
ABYCTRJXG05ER	1
AC09A0KDES9KV	0
AC0H208CS61WX	1
AC1ATFP2QM60Q	1
AC4EBZMNFSE94	0
AC4FFNBIOLRU9	1
AC5RPG819HKKI	0
AC5Z5LRB3KDR8	0
AC61U16AJQ8X7	2
AC6X5BFU00JSS	1
AC7I7ISDGEROX	1
AC7XRTZGNDZNT	1
AC9JGL3HTGN5H	2
ACAO500RO2WBU	2
ACAQ5DGOWZDU9	1
ACF1LTB6WZ4ZN	2
ACFEAKAAY6EX7	3
ACHTDPEQYSEQL	0
ACJKW0HJORS93	2
ACJX94AWZP8MP	3
ACLHXV7ROXJYK	2
ACLQZRLR58M4J	0
ACMNKX5UIEYYG	3
ACMVZNDQF8Y1I	3
ACQ3LVJ4AVY1Y	0
ACREHLVRC4H5B	0
ACRKC1XW9A79W	1
ACS3V6E9EBWE9	1
ACSA4CBJMEE4O	3
ACV3TT7EHFLTP	2
ACVDEMD7W5PVH	3
ACW5Q83TNARD2	2
ACZ3LXCXN3RNQ	1
AD05LV5A1SLER	0
AD18OWMIBHINR	2
AD1JWECNUZWPX	1
AD3EWFP7KDKF2	3
AD3FILUFX0R2Q	1
AD4AN4SAC9C3C	3
AD4BEG4N89OJX	1
AD7NWQDB0GXOE	1
AD8FHVE9CGL7L	0
AD8SZZ1CLHU8I	0
ADA7QNJUUZHQG	0
ADACX89J7GFLW	1
ADDG5R53SMP6J	1
ADEQKXBTHAIRH	0
ADH6S9QR752J5	2
ADIU3TXNJFIQJ	3
ADJHQB029LYJC	3
ADLVFFE4VBT8	3
ADM3AEB77I7TG	2
ADMJ40ZQ5KJXO	1
ADNPHGDAUXD6	2
ADQZ9LPM9BLUA	3
ADR6ITXF09MTW	0
ADSISID6XKBDJ	0
ADSXQTEHLL85I	0
ADU8A2KTG6VES	0
ADX7A8S6F45JV	3
ADZFYPO1OAQO1	2
AE0P0XZTQZTHP	3
AE1JPFDKRWO6K	0
AE25GQSX5LA5E	3
AE2CR35G8LO6C	1
AE2MKYLMTYF21	1
AE2VU58F2NJH3	1
AE3FSFEMW7EL1	0
AE4RENZ3VSFCZ	2
AE7YWF69LQKF5	0
AE8A5S8MZPE7T	1
AE8WRSFL21Q5T	0
AEAFHD09X8044	1
AEBTWR63KAUB8	1
AEC90GPFKLAAW	3
AEGD72GQC4RAL	3
AEGL09O4KES0J	3
AEH4VRD4WZK1T	2
AEM48WHZF7T0G	3
AENH50GW3OKDA	3
AEO4M2P3I8W25	0
AEODDGA58UV3X	1
AEOJ950NIPBGY	1
AEQ2UQXFQWMXL	1
AEQ90MZRPR6GU	3
AET8568S7JUHY	1
AEVDEVIJHI3B6	1
AEXHPZELO7B44	1
AEYD715TRYCNY	0
AEYR9C0MZMGBG	2
AF22BTFH94CPI	2
AF3YYXV5YOQFX	1
AF5AJ5V9T6LTS	2
AF5QP770B0715	0
AF6RI2KDW0EPB	1
AF7ZYHQPXTFKU	0
AF8VTQ4MKAUZI	3
AF9C11EDHK3HZ	1
AFBAO737XR5TJ	0
AFCA3LFFS1RS6	3
AFCAZIM440BI4	2
AFDA4WD64VWOK	3
AFE1J9GZ8F02D	3
AFG4EYZ6VJ1WK	2
AFG7D23V88KAH	1
AFHYEO3Y1IIDD	3
AFIXHGZVUBSWJ	0
AFKE88G79CFAZ	3
AFKPAP82FQ6ME	0
AFKX97YDFXI7T	3
AFMBUKO1BV6NU	0
AFN0BKX72VIJ8	0
AFOH0F3VHSTIU	2
AFOKMN2M7MGQK	2
AFPEF1ARA2TDZ	1
AFQQ9HZY2NODB	3
AFTD903ODLIW4	2
AFWH15NJ9G9VU	2
AFWILS8OQYL90	0
AFYBNRJH95MVL	3
AFYIRLDECML9X	1
AG0AJK977J1BI	0
AG1KNQJIV2T5H	0
AG3M68MDB0FXY	2
AG3Y5X5REQ7XR	2
AG4LBEYRCWT9S	3
AG8UWL56LLU35	3
AG9Y5LUYFJQF5	1
AGA8DBCA2OAYI	3
AGACHGQPFHF28	0
AGBX01R4HAXC	1
AGCBI6R65U66K	1
AGCC93YML5XLH	1
AGDB83PUOV5MW	3
AGEMH4DN459ZO	3
AGFEBIN3YBQLR	0
AGGAPZDZ4YQXK	2
AGGAQLXPVGM5D	1
AGGYAOA81AW9Q	0
AGLCO4Z7XLR3R	0
AGOLWO7AAU8CB	1
AGPKI3Z1W9LG9	3
AGQ30V9I6K8NZ	0
AGQEYPL9PQ5DF	1
AGSFDOSH4GJ2Q	1
AGVXTGK37WYLK	3
AGWS58YSW5QOL	1
AGX8G0GQQ9QD9	2
AGZE2AFICPTUH	1
AH13EGBR8LYC	1
AH1KJ45IQTM4T	3
AH6OQ9RSDMSJA	2
AH80LJ2D3WB5C	2
AHB42DEZMWY3L	2
AHC40ZRDV2PL7	3
AHCM2GKBTLDY6	1
AHCP90DCW7JX0	3
AHDG8TYWO1BWW	2
AHE5VOHTJ47A5	0
AHGQDMJ9AXH4L	2
AHJCR9FYW0QT8	0
AHL0T7700RSUG	3
AHL6XUSJ256TT	0
AHLUXWYMJA8Y5	0
AHM54PJQF2JA9	3
AHNW06CRQD33O	3
AHOKKYHDRSY5H	1
AHOYM2PICYYPE	1
AHP46VAR2Z046	3
AHPAQU3TEAYH8	3
AHPV7AFXYQOOA	2
AHSMSTP26H6XO	1
AHSQ2GX1OJQLP	3
AHUT55E980RDR	3
AHWEX509X6EZ9	0
AHWZPX9EV0QN4	3
AHXRGAB4F0NY7	0
AHY0RENC6I90J	1
AHZNKDFUXT5YZ	3
AHZYKVJOF2I2R	2
AI0MVJ2W1TWYY	2
AI1Y40T5QZLNU	1
AI3MNXZ0E76W9	2
AI4MII9X37SYO	0
AI8BFUX1SASQR	0
AI8ID37PPTSDQ	1
AI9ISIZFP5L5I	0
AIA7LPNIRLF6O	3
AIAU1UOFGCV1M	3
AICJR8UTYI3WO	2
AICMB9AK89DNV	1
AIDPTF31JF093	3
AIFLY2HF8NS8U	3
AIGDECC1J99QT	1
AIGK3405J6NAI	0
AIKD6MUT247LX	1
AINFC1NJ3ALN0	2
AIOH41JGQ6MTY	3
AIOHY2H8ZY8I3	3
AIOXA6SRRVOYR	3
AIP7X9PXRM3KY	3
AIP8P6D32Y8XR	0
AIQOBFIAK12J4	0
AIVJETA58O2M9	2
AIW0UYWNALWLR	3
AIXZEYCQ27144	1
AJ7SUH03I76ZN	2
AJ9AE2BVND0GS	3
AJ9PRA3EBA583	0
AJDNV379EM66C	0
AJIHI6JM31ZZC	1
AJLMR9TOLRB3C	2
AJN4VQ6E46H0I	1
AJNLV9VYZF2UZ	2
AJNU8E5SHV6PQ	2
AJOSPBBUR6OD	2
AJQS17IL5O6F6	1
AJSH4E5FBEMZ9	0
AJTM69LWZJ5JP	3
AJWUBGVQ47GJW	3
AJX9A4Q19UTJU	0
AJYF2KOY44R5A	0
AK02U8QCN7FLK	1
AK05L7UQL2GW4	0
AK0HE3KAY05CN	1
AK1FHQQ3TTQPP	3
AK5T8T4H3LOQO	2
AK5YUL13JKBM	2
AK81KQNG4NPSC	2
AK86RWLYZMQXY	1
AK90BS5LE2PIO	0
AKCIFVS2AO1K2	3
AKCPXU46KZIY7	2
AKE0VQRJGA1MR	2
AKHLJIYMNNRZ8	0
AKJK3P067Z1SE	0
AKOF1DMYMFC7T	0
AKP8GT35KI0FD	1
AKPIR6MDFKIM5	1
AKS0M26T1NFE4	2
AKS4MRW2RPLTE	0
AKU9IVWCV1VT4	2
AKW8QX3EJSQL3	3
AKW9WFIMQ53KG	3
AKY3FOYDSP2GB	1
AL10V0QZLKBCZ	3
AL1SY6LGHNCUN	1
AL1UNATR8QZYB	3
AL215W76GURTB	1
AL4KLYGCRHG6X	1
AL5EDCMFF720I	1
AL5U0MTOBCSF0	3
AL634NZP0K64T	1
AL7GSIRVXA014	1
AL8QWGQTJ3X3O	2
AL94DDN3OC191	1
ALE0B3TWY15GE	0
ALEPS7QDD5PT8	1
ALHHN32RX6OHB	1
ALI89XKFPNRA5	1
ALIGDPA5VDL3T	0
ALJCBIBGP35XU	2
ALKPIBGJCBH23	1
ALL0SEBTPPU9B	1
ALLX01YZ5VZ0U	3
ALN25YT9GHXGP	2
ALNH0LZHUYS91	2
ALNODPMRFPP9D	0
ALNUBI5QDFP3I	2
ALOAZB1522UBD	3
ALRQ3I0SS2BQA	1
ALSAOZ1V546VT	3
ALSRERCH232T5	0
ALT912P4A1Q58	1
ALTTOM1OTKHGG	1
ALUPNKQ6HZV4A	3
ALUWCB4A9T4I0	1
ALZJMBRRKUEON	3
AM0WFH748F6C6	1
AM3771P77960H	1
AM54IIJJVLW0C	2
AM568AQK2RLVY	2
AM5983UL6MM89	2
AM5DGLCKKPKV6	0
AM6KWUMXOVTEF	0
AM6VTBYIG6ZLG	3
AM7EB5VX9DDIS	3
AMA9VGW109LMN	2
AMBM41LXIQR48	3
AMGRH8QO9SIH4	0
AMH1E6SVWDZ84	2
AMHLDG241R7GO	0
AMKNPIDFLRFMP	0
AMM20XSJM32PA	0
AMPBAW511FO1I	0
AMRZKAEZ03BYE	0
AMSKSVJH7R2AU	2
AMW21QBTQXQ46	3
AMW2I30QL5L93	0
AMXE1V1E49M2C	1
AMXGL2OZYG41V	2
AMYC3SPMB8SVE	1
AMYVU4S1MWCAJ	3
AN0FMVENMC6QF	1
AN3AQ13YDHJY8	1
AN6HT4U5I3RX1	1
AN6IFVZ2ZWFQ5	1
AN81JUYW2SL24	3
ANBNE7HEDRLTI	3
ANBR2638OZ26C	0
ANBURTHK3U132	2
ANCK631KPGD63	3
ANDCGSNJVTJ32	3
ANFQKYN8QBMWT	3
ANFTO5TLC2OWD	0
ANH41QS8QBX42	2
ANKQZS038HGKA	1
ANKWQF8MP1JZD	0
ANLTV2AXCZPXH	3
ANM9LSZS7C67V	2
ANM9P0IKPXH8H	3
ANO02OL4J83QL	2
ANO28NGUNK821	1
ANO8EM4Q4T5HD	3
ANOPGS41V01B5	2
ANPI5Z0O5F7Z	1
ANRBXD3KV7LZ2	1
ANRI7XBUI43L5	1
ANRXJ323Z7FKC	1
ANSQW4YS5AWNC	1
ANUQ3BPS77GYC	1
ANUQG4DWEXRA2	1
ANUW7413F2AXP	1
ANW3G056HV83R	1
ANWB7D10LPJFU	2
ANXJ278TH3FL7	3
ANXSVL7K2TN57	3
ANYDVG03L50GC	0
ANYGJINXO2FW5	0
ANZF8PG6ZU5D8	1
ANZTN7BD7K6KW	1
AO0FIVHISNK47	1
AO0JML1LWLTIR	1
AO2TK7NG8NU78	0
AO3QS0ZU98782	2
AO4AO5JJE6ZA7	3
AO52K0ZWZNCMJ	3
AO6INLTFBF0T0	0
AO6PZKD0IRYCO	0
AO7UQW2TW1MIE	2
AO8NH0BV82XIE	2
AO9L18YC2WOX4	1
AOA8TIFXDN9S9	3
AODZ0FAYFEJ8	1
AOELPGWE9F8EP	3
AOFC7AHH6X5K	1
AOGVDINRC860D	0
AOITH6V4PFYQJ	3
AOJ8BNUEJFPA7	3
AOL8SQZMEH8CN	0
AOM66M4TEUGFC	1
AONER4UY29KCM	0
AOP19Z1SPZIS2	0
AOPJRPFD941XD	0
AOQ8263O03RIG	0
AOSVRMH7TPZIQ	1
AOSWPBQKHTH9Q	3
AOT025ZSP3IGA	1
AOTJ1TVF87U4L	0
AOWI7YN28H6M	3
AOZC0R2SEQNKP	3
AP3BJX94OLPPO	0
AP600TYFKLDRX	0
AP6HFEZDVW45W	0
AP72AZZZOVWMZ	3
AP9NMXCEG0K1F	2
AP9PIS4208QWX	1
APA3L7D5HHN9W	1
APA3RAMHRYXAQ	1
APA7YUQKKP15H	1
APBDEOQ57L0G3	3
APBFGMAXVKEWL	2
APDNQP16GUCSK	3
APF3EA43Z411C	1
APG6VN4M9MKCE	3
APHWA82QI55JY	3
API2CKV3G4IWG	0
APIGXQ3J742XI	0
APIMYZHHN4VVL	1
APJQD3ME50CXS	1
APMZ8OSST9W1M	3
APN5L4R9V1K4N	0
APNPXVWY5U0J0	1
APNQZR6ROUIQ6	0
APPMP3X3J2267	2
APS831ZLF95PS	0
APVDDS1R0Z1EP	3
APVM71HKL2I17	3
APX18U6R9L6P	3
APZ2KFRZ8XRFS	0
APZB9UCVVZAXV	1
AQ1WOABLPA3KF	3
AQ29MUAHLA2E7	0
AQ4A4QTJST93F	2
AQ4BVHDHBBI3K	1
AQ4FSW442ZHET	3
AQ5JDBXICB18J	3
AQ62X3Y898AG7	2
AQ6XEJT5L2I1K	0
AQ9FCAVGMQUZH	0
AQ9KE0N66OQLG	0
AQ9UL2M7LDI4J	3
AQBQVQUV4LRML	3
AQC30X4KY7SFV	3
AQC5U49BXB2W2	2
AQDPT4OBMVCA5	0
AQG64Y54MJPN5	1
AQH264SXID4RL	3
AQJN8DSMR4VYB	3
AQKX2V6Q5MIPU	0
AQM7C3SF62GCH	3
AQMEGG40VOKX0	0
AQNSFE7FAIDED	1
AQOCZZM28Z5DZ	2
AQOVCKBMUBVS5	3
AQP8F8MFHIOCX	3
AQRVEQBVCMQ2U	2
AQSMMW10EMKCQ	3
AQSUBGYPAX4TW	1
AQVU2X4NK5V31	3
AQXSG905POVAI	1
AQY1X424S27RU	1
AQY5XBYSENNZQ	3
AQZFHJ4M61527	3
AQZWB4Y038UL2	3
AR1N8F3U6L7CW	3
AR1WLYHVCBO7P	0
AR3V0USNG5FO	1
AR3WTWQ4H2GOD	3
AR5HE4A9MYETM	1
AR6Y47K2ONNUV	1
AR74YY08IP2WE	2
AR7LKY39H0SH9	2
ARBKYIVNYWK3C	3
ARBTDVJ9WFQF3	1
ARCCRJCZSGT6B	1
ARCK176KABAA0	1
ARF20BZOR7DHL	0
ARFJ8OUXY0PS2	2
ARFPGL7OEATYH	3
ARGUADLCMZ6Q3	1
ARIDN94LOCQFD	3
ARJT7QGL9IVDP	2
ARLAL02R8RHPW	1
ARLOS0KO2M78S	1
AROONQJIT81CV	1
ARPE117ZCZACS	2
ARQJH2SC0NX03	1
ART4QYMFT0Y9E	2
ARTF9U55S7C4E	2
ARTYESMHT95XQ	1
ARVOGFL4HYHDP	2
ARVQQ1WG1VYFW	3
ARYQADDLGGL53	3
ARZ4ECUE2DSQF	3
AS1ZVSX5FA84W	3
AS269J1OGZT1V	0
AS2U0C1SW1QFL	2
AS8VZKWEV72S4	0
ASALO16Q9RROM	0
ASBFXSZD4S0ST	2
ASD35EDPM44WH	1
ASER0TFYAEJYA	2
ASGQRJWCZU2JF	2
ASOH16QSYEMJF	0
ASOZ0KL1U8TNM	1
ASQ5Z5NBMKWIF	3
ASQX2E5QWIN0C	2
ASRYIPCL1EVB3	0
ASTNSOYCYPXUE	1
ASU90XOGDC02M	0
ASVBQ69SB38EY	2
AT1RLGLZK5M8O	1
AT28RL25Q2OLK	2
AT2HX33ACIGIR	1
AT2R9USF7AW05	1
AT2V0KQ9YX9O2	2
AT2X7SDVBDOM4	1
AT4L5K0TZEI0	3
AT53SEYDV85ZU	0
AT5F1MKA8C2IZ	1
AT6AM9V3J7BI0	1
AT6CZDCP4TRGA	0
AT7NDROMOLHGV	1
ATA4YSJ4JCBTR	1
ATAT7IR0FZHPS	2
ATFQXMUKMZQ08	2
ATG1I1U01UIK4	0
ATGQJ70K6EJ01	1
ATJ2Z1N1E60HG	2
ATK4Q037EM13F	3
ATK7997D39GIM	0
ATNOI7E8GTIVE	3
ATNQ1OAFA0EW1	1
ATNTF6MZBID9Q	0
ATOSV5RJMN5E2	1
ATQWQIEYEIPR0	0
ATRBRQUWP7GSP	3
ATSJPXZQ7QT4E	2
ATV79G6J5Y7VY	2
ATXXOBIFOZKGC	1
ATY5GSX7CPPJQ	0
ATZ0T32E44Y27	2
ATZFZONPLXQJN	3
AU3DH6M640O68	2
AU3ZSJJD1B4C0	0
AU4DVP3MRZPLS	0
AU7CUHVMZ440V	2
AU9G03JVEXTNQ	1
AUAVO4RMEGP9W	3
AUDLAN1D4AD97	3
AUDQ339VXAUKN	1
AUE1YLH1GT266	0
AUEUR9INV6Z0V	1
AUEYUUC7IKP5T	3
AUF2GD7P3YN3I	1
AUFPO7PEGCPKQ	2
AUH8K74N8VCXE	1
AUHOMQHX9I2I8	0
AULBF5I0N9YNJ	3
AUN7M2TG0AFV	3
AUOPCI0T87RGQ	2
AUPITWS6X2LH9	0
AUPUX2FKYF3VW	0
AUT50T5WRQ07E	1
AUTT87XWQIWSU	0
AUVGDGBD1GU1Q	3
AUWD4TN3PK0G2	2
AUWZ1CAP5JL1J	2
AUX6FVD17FPCD	3
AUZU84AW7P5BJ	2
AV0B6NGGOAISO	3
AV21FTEARCVHE	0
AV47G2JF3QPED	2
AV4Q67UQ21GMI	1
AV55A16Y32PZM	0
AV619ICX9CBJ	0
AV697X3QWQLQI	2
AV716IYZHU3ZI	2
AV7U9QTMK7DIK	1
AV8L97KORCVWE	1
AV91HHB6AKE84	1
AV9J2V8T1H7WL	1
AVA14UVLZGLHF	0
AVCLZD6OSWV0I	2
AVCX14VHYXUX0	1
AVDO5MG4LVQMC	0
AVE1SXX3A7B24	3
AVFNP9J356MWF	2
AVH5ZIEDONYZW	3
AVHU8HZU9OI71	0
AVJQIVF8784DL	1
AVKCZ15SK3PUP	1
AVLPRBCY59Q9W	0
AVMQ7FX59LV7S	0
AVPIWQ1RDOIUA	0
AVRLRAYMOBH18	1
AVTPE77IQ7G8F	2
AVU1ILDDYW301	3
AVULSKEQLQ3YQ	3
AVVR73SHTGF2O	0
AVW0I3GK810VC	0
AVW8PT0L9XV7Z	1
AVWUGXU3YUGY7	0
AVX30YHHRC3UC	0
AVXEORTO113VS	1
AVY4D87ER3UUJ	3
AVZ6J557PHGL8	0
AW2LXRNC714QL	1
AW32UTX2OY38I	3
AW330WPX1X2GJ	0
AW3TVKW7WK7ET	1
AW6J9IILGOZY3	1
AW7CIDUOZLIVJ	0
AW80F6GE4YUIS	2
AWE276MXUSHBE	1
AWF9FV97X0SZT	3
AWGAC4B62Z5C4	3
AWHCKZZSQ4D88	1
AWHL379EE14K7	0
AWIIDKKH1K2AM	2
AWL7TZD5YDVFX	2
AWMDOHEW1VX8Y	0
AWNY2JGHAH2AF	1
AWPD7P707VV00	1
AWPN47SSWK1JV	2
AWPU7SO8SJQRZ	1
AWRCBJJY2PWFL	2
AWSLGNU6HEREM	1
AWTIVIX8IB993	3
AWV7Z0K99EGBE	2
AWVL7IPXMP7K3	3
AWW3DYRXPHN6E	0
AWWVO1LP4JUOX	0
AWXZ8YEI9BMF8	0
AWYD0VQM3K0W8	0
AX3DNRGYXJVVT	1
AX4AHZPN9CXAO	0
AX4G10AXE4I8L	1
AX5ZN8C1BLD3L	1
AX80SWHDEKJCY	0
AX9JJR6520EM7	0
AXBO2FVR1PJSZ	0
AXBX8OM9ELW9M	3
AXD2GT9OIRO0G	0
AXDMDJ1XTU523	2
AXDZAA1OP9668	2
AXFBZ8M523S2T	0
AXFNFEK9AARZW	0
AXFRKNJ1F5MF0	3
AXH5SNJFA59DJ	3
AXHM5MZMCEZWV	2
AXLOU174AMFD	3
AXRC1EH0U2WZ9	3
AXS7AG3D3IJX6	0
AXTYJ8XPZO5KF	3
AXUJFOFQZNTN	3
AXUSBS06FKZOY	1
AXUSHTWTH68PN	1
AXVD9N2X0EKUV	0
AXW4UX1ONDZ6Q	2
AXXJ9NEY6NLE0	0
AXXVLOUBT1QM1	2
AY2DKRQVQHNOK	0
AY324RRDKX466	1
AY3ZI5ULICII4	0
AY40LN3X094K2	3
AY59JNBGN0O3D	3
AY5IN4A2GZ6T	1
AY69Y202QP8ZH	1
AY6E75WYI0L94	1
AYA3RGG5RL6QO	0
AYAN56CQZL26R	1
AYBU8FZNQLUUS	1
AYDC7F9UF6EQX	3
AYE7HG5Y382HO	0
AYEDP754WZLRZ	3
AYGVZR7A7BSHZ	1
AYJMGLSYP89A2	2
AYKQRIXE4BKZP	0
AYL3CH1Y1DOB8	3
AYL5WPDQFEWC6	3
AYOQD08RLG43H	3
AYR4NSN9LR2ZX	1
AYR8SV1WXLZJF	1
AYTLU6GDN4UUI	0
AYTV7EY70GHIP	3
AYUQCM9WDOQAQ	1
AYVW3O6W8S5S4	3
AYY0DSUB0ZGYV	2
AYZMZS5W0MQMI	0
AZ120BRJPBG62	2
AZ1X4ZTV25ML7	3
AZ24T3GQCEI7R	3
AZ5AFOCI3KZIK	3
AZ6Z4P1JZNYJ7	2
AZA595ZPIG240	3
AZAVICFZ8MVUO	1
AZC2D47OPF5I2	0
AZC6QCRFOP9HV	0
AZCZ5V33I94LR	0
AZD8SMNGQI98O	3
AZFML9QOE2R2O	1
AZGVJ71SZFQAT	0
AZGYPZ27BEK7Z	0
AZH3WB784J0WE	0
AZI5IE419NXYM	1
AZLVQFZKDO02H	0
AZNQ385HRWE17	0
AZO7EY72O232F	1
AZPR41IWSQZW4	0
AZPUIK04MGQMM	2
AZR2XCO2O7T7J	3
AZTX0RHQ1O9CB	0
AZU77RE79TTQT	3
AZX2RDN9YXZAE	0
