A0054271FXCGYGCKW9TH	2
A0435554Z2P98AIGLNCS	3
A0695568PX4DBZOQDN8	3
A10043UME109YW	1
A100JHIT7ABC2S	0
A100L918633LUO	1
A10182R12Y116W	2
A101C7U4P268CU	1
A101SNCC5GILEV	1
A101YHABO9U3KO	3
A102ABZF13SEY3	3
A102MVMV2I5P2G	1
A103HBC7IG19JD	0
A1047P9FLHTDZJ	1
A1055632N6KJGY	2
A106FGI96GS6CR	0
A1076GMEXT163K	1
A107TMZJ34DHDE	1
A108A2KDOGAT8L	1
A108MNHOSCDZS3	1
A10AHY0P2RJ6JV	0
A10CGTF3GZ2V65	3
A10CRW7XRJBJ2G	0
A10E6UOB7WEWHB	1
A10E96SMA4Z9HV	3
A10EIY91UJJZK1	0
A10F15DU5XF86H	1
A10FEVHZPK71QU	3
A10FHRP5FRAEUU	3
A10GYGJEMQ6VTI	0
A10J2KZ8MFY9SO	1
A10J6JDWACWWA2	3
A10M8ZPX3JIZTN	0
A10NV9GUJE472A	3
A10PIJ8JN95FGQ	3
A10R3PTXRPLTFL	0
A10RELCPPZ882U	3
A10TDOWZXEWSW4	0
A10TID8QE5XQ04	1
A10TJEN4M93PEY	1
A10VHWO3GQ22E3	0
A10VVD2S6W6ICO	0
A10W0L7DNBZUZH	1
A10WF73BKJDNQZ	1
A10XL2CAKT7XWD	0
A10Z8S2DF92U4D	1
A110GDAGF07KBK	3
A110YE5722OY6W	0
A111DMR31BWM1Y	1
A11281T91JTEJK	1
A113SV012YIM5N	0
A113SZLXHIEUPB	1
A115IN9QZT3UMN	1
A1164UTW1489ZA	1
A116KCUS73FJQP	0
A116UGMTR5VLQE	0
A116V70STUHCYJ	3
A117MV0HUKFBTJ	3
A119LTTN5H8F0S	1
A119M5UFRX1G9H	1
A11BXE3OV0GMRS	1
A11CNG96IF1OF7	0
A11DMEBUP7V5UL	0
A11DNT6UFX45S7	0
A11EG5QFVUKIB7	3
A11EWVPJPI5XAG	1
A11EXLMHCQLDVF	1
A11G08TUE9KDKC	1
A11IC8CTCP48NE	1
A11JJKKJUAXXVJ	3
A11JROHXBHGVX7	0
A11K84HAKA2BJV	1
A11L1YLXVZ3LPJ	0
A11M2ADK4J5EVV	0
A11OQZHDTPMDT9	1
A11P4LJ11XJV4Y	0
A11RD2MRP3VE5K	0
A11RO54KL67B3C	3
A11SBZ68YFCO40	2
A11UUEUTPI6I88	0
A11V0XPG2D0IWV	1
A11V3NEF1LFY3J	1
A11W5SB3O536Y5	0
A11WCJN0E6LYW	0
A11YSVVMJ42AID	0
A11Z4T6V45G4WV	1
A11Z77R2XLVD6	1
A11ZU7HUX6W82W	1
A1227COQLUORCD	0
A122UPQG36SKRN	1
A1235J5HSC60MW	2
A1240PAPZB4Q7L	1
A124C1VZG14KUN	2
A124XR6ORA1W6E	0
A1258ZE9LA8FTH	1
A1270CM73BL22K	0
A127UBQUSC449V	1
A12A2Z44TW7Z2I	1
A12A5M68RX058L	3
A12B2QCXYXB8K	2
A12B6K6E6YZCDZ	1
A12BOYQWTV9KEW	3
A12C2ZNAM4VXOR	1
A12C738N343JSO	1
A12DCCFA8VFZE7	0
A12ENBT314RFXR	1
A12FW7E8JG5EDI	0
A12GMH37RY0ZN	2
A12H4NQYJEZ1TS	1
A12IJJSHCVCFMI	3
A12JIY8YECWOHF	0
A12KYMRWCKXFFJ	1
A12L9XWQGIN4LS	0
A12MDSCZXTR12W	1
A12MRGKSG0DV8Y	1
A12MS0HJIUGPY7	0
A12NGO2W5VR8AB	2
A12OUMWZ3B5IMF	1
A12PGU7RJ3A016	0
A12PJLOGCFRQSS	1
A12R3559WAB2QA	0
A12RCRXN181OGM	1
A12S839O1ACQA2	1
A12S8A6OFHLNRL	0
A12SS35YTDYSQN	0
A12SX4BZ3J3Y2R	1
A12USFNAIHLTUV	0
A12V2M84DUFGL5	0
A12V7BFRODAIC1	3
A12VSF9LX72MBQ	0
A12W322S279F1Z	2
A12WJ2DL25WIVV	2
A12WYLYFAXU048	0
A12X6QD30JOOP8	0
A12XN0OWPHP3IR	3
A12XNQ6GYVSFFO	1
A12ZTOWDV3ALWK	1
A1304L6ZJ5CFSJ	1
A130Y004D49GW1	2
A1316YMFW9D203	1
A133T07WO5KYX3	1
A133WIH33Z4151	3
A1344GJQSF3G49	3
A134DD87J9RNDF	2
A1356GMXQ88Y46	1
A1358VN1KEGP85	1
A135A25KV7MWFP	0
A136TV7U5U873U	3
A137DHZPTA23LY	1
A137O6TZG1GCP2	1
A137Y405QWW1BW	2
A138IVRMXFBQCO	0
A13AFKTFA7RR80	0
A13CVE1T2SPYJW	1
A13D1SK0GHPILN	3
A13DC9SS72P9N7	1
A13DMQR9QNTNL3	1
A13ETK1KZD0PM6	1
A13GD0835CUV1Z	1
A13H31LR22T8LK	0
A13J9BAUDYPMUE	2
A13KPLO52A5F2Z	1
A13N35J934UR8C	1
A13NGGCLJ0ZXUX	0
A13NR167NF32PA	2
A13OSJUY52B3O2	3
A13QXQJ3TXUBFY	1
A13R550JP3A8BO	0
A13R91SPK450LL	2
A13SKAE9WZWX2C	0
A13UNRGQAQVOEI	3
A13VVKRNUQJPER	1
A13W363BOXD7A2	1
A13WX4UGF2F330	3
A13Y9OKTACHC31	1
A13Y9UPWGF2CHN	2
A13YNGC19ABOWM	1
A13YVLLD267N30	3
A13Z8BEPB232F9	3
A1409GSM50933M	0
A140N28LQHMGRU	0
A141412IQ6DPPI	1
A141CVXKMK2NMU	1
A1420ZLLCPK0ZK	1
A1426JDFA9R9U1	3
A142W30GT4DJ7U	3
A1437UJU8QKU60	1
A143GMTMKU6UAT	0
A144936JMH3KIW	1
A144EJI614M2E3	0
A1463X3GWAONC1	0
A146PAHD48UPIP	0
A146QTEE3TIWVY	0
A146S36JAQ2KCM	0
A146WAG56KFRIF	0
A146Y0JWAYU6UR	3
A147JFUYSKQQYD	1
A14959CJGBUJI5	1
A1495LBHT9UJ2K	2
A149XDJET2DYHW	3
A14C7CYP6IEAH	0
A14CBDQXSSCEUK	3
A14D8HD1Q11IBN	3
A14DQYJJMUL6OW	0
A14F4WADLD1SGQ	3
A14GMVUE6YMVOB	1
A14GV7LFORT1PS	1
A14I4RF8L50HZO	1
A14IQMDVGNGXP3	3
A14J2JZEXDYP3R	1
A14J61UYJPIV2Y	1
A14JNK14Q9GDHG	1
A14KGBNE5N64CO	1
A14KMTADA0HD0V	3
A14M3Y7CAQJ8E5	3
A14MKNKILCJDH7	1
A14MM9OCK7O4HB	3
A14N177AJ9IV14	1
A14OAK66W55T4Y	2
A14ONJLI6XWTCE	0
A14OXLGSG3RQR5	1
A14QN2A6J68F1L	2
A14QUG1I02JYM7	3
A14SRS9FYFMM5I	0
A14ST2LHHMI453	0
A14UWJ39VOVXFW	2
A14VVRRWDCKCJ1	1
A14WFWM68BX82Y	1
A14Z9AIIW589ZG	3
A150LAOYQMYC1T	1
A152807V3Z2BBZ	1
A152ETVJOMWJNU	0
A152JP3R1POM4C	3
A152R1N57BCKJ2	1
A153DV4IHX3P4P	1
A154J2J3F5YLJN	3
A1551O8AY9JNEQ	1
A155ABZ1Y9REVQ	0
A1582KA9Q5CYN5	0
A158SEX9ALMK0B	1
A159IIDG04RYUX	1
A159KNIO4IFDMJ	0
A15A8685ONT6ER	0
A15AYF3FHW54MX	1
A15CX9DBY26KCY	3
A15FIXZS6D8M6D	2
A15FTM2GKA003J	1
A15HYKR9MTV61O	3
A15IZK8GJI6HTZ	2
A15J0XXVVVGUTB	2
A15MKCFBZ5D1S4	1
A15MVDAICFWS5	1
A15NP1UOTKC16O	3
A15O1IY5T4NINM	1
A15O808IG4IXY2	2
A15O9NXMH0KQ7K	3
A15OVM8JWXHVNF	2
A15P17NNY85U17	0
A15QGLQ8QYJATR	2
A15R7XKH3RC3IJ	1
A15RNMNNP0DZX3	1
A15RXM0Y2UPW0E	1
A15UIC7F1ZTJG1	1
A15UJJ2XO4YHE0	0
A15V4TJBVYLK94	3
A15WCLTTNE8YO	1
A15WDJOU6B9FLQ	3
A15WJ0ORGJNLPQ	1
A15X1NOQ072BZ6	1
A15XKO5KNF96DC	3
A15Y0WXZ8I2T2S	3
A15YJHJXI705CW	3
A15YKW23RF3C9E	0
A15Z1NVR1H01BF	0
A15ZX5QCK2FO6	0
A1604PRH1ITEGU	1
A1609S0VFRXJXP	1
A160JIV4IEWTJU	0
A160L1GODVZ8QS	1
A160N7IORUC6GY	0
A160ORLAULYP7W	3
A16133KD0TSYYI	3
A162HTKDRIO5G2	0
A162T7TURQBQXY	1
A163S3TNI9EGAP	3
A163UB4Z1FQC5N	0
A1654GXZ1PTDIJ	0
A165KCAXIVOBG8	1
A166RID05888LY	3
A167NR9D4XZHIK	1
A167S5WSXD86RX	1
A168EF829CYSCD	0
A168HSVFKAT2I7	3
A1699YSGL8Z8XB	3
A16BVTW5Z12JDN	0
A16E2NDY0BNEZR	3
A16F62TQK0LFD8	2
A16G5XKSX9XGZ3	1
A16G6T44FPNWGO	3
A16GK8U5YYSU9H	1
A16HPR48H3NHI4	3
A16I3KZMB0ZK1J	3
A16I7L66HVB59S	1
A16IZG0LG3FJZL	1
A16JCNUW5RUJIJ	0
A16L4972RI2PFB	1
A16N10LBFEX9R7	2
A16N1DQHFGA1ZN	3
A16NMZYEI2KQZ8	3
A16O7OTRRFO3RN	3
A16OVMO5BTGJ3K	2
A16Q479PYT0G6N	2
A16QR7TBAHR76S	2
A16SDSWGDZF3H9	1
A16TTKY11RACVM	1
A16U5IPQUPMEXY	1
A16UYSMERFFVB0	0
A16VJ04CEGWQ2C	0
A16VZX045KK9YH	1
A16XKYRSWXYFKH	1
A16XLL6RL93553	3
A16Y98H7QIWBKV	2
A16YEMJVPI5LT4	0
A16ZNJD6MHB7R7	1
A16ZPEI1N5MB55	0
A170EPVC3XI5S2	0
A170PWBGXYFK8G	1
A1719L0BKCT1LE	1
A171GZ5ZIV1KXM	3
A1723BTENU6DXE	1
A172A4JG4SZCLU	0
A172FLUUBMFZK8	0
A172VUC9SD7BJM	1
A1734TZRBHC45S	2
A173XMTC18UG7Q	1
A173ZXNB2S8TT2	0
A1752V23PKZNTN	1
A17549RJOXNT6B	0
A176TNY3CRVE85	2
A178011GES3J19	1
A178QXVAQ5OKP6	3
A17BJS8JDS0M20	1
A17BRBAGVC5J1G	0
A17BW1V7IIRP7B	0
A17DFH9XTXN4X6	3
A17DS3XSVFJWSR	1
A17DVNXPL8GZME	1
A17E4DJF0G0VD6	0
A17FBSRID0HBWE	0
A17G9P7ZDA19JF	1
A17GCI2ZI451H1	0
A17GEYVKW7M1W	0
A17GMZSD7J7DUZ	3
A17IAC4RVIZ05D	1
A17IBIXR9HZ4ET	3
A17IVCP5ME90AR	3
A17KINRT7GOWW5	1
A17L1ONQ8TD4I0	1
A17L2OLDW1AYCE	3
A17LFC5908HQN6	0
A17MJ9IYJ8Q3CU	0
A17NRLY7A56ZOC	3
A17O9E7UNZITVE	1
A17Q5KPQ2UYE8V	3
A17QMMQ6WTDS25	2
A17QN4J622LW46	0
A17QVDE9PFDRN1	1
A17RL0VYIOGBOT	0
A17S5SK4Z4CIIE	1
A17TO6UJEID590	2
A17U3HZEECB5HY	1
A17V3OPB4XMQE8	0
A17W0EZL2JW9EN	1
A17WJFQM1SOEBT	2
A17WX71OTLB271	2
A17YI681W0IRK1	1
A1801221VPRZ8J	1
A180YAAWYT72UI	1
A1820P10CXMAJQ	1
A182QGWUT8857A	3
A183AGX2TAK2DC	0
A184KJXBHEVU8A	3
A184KM0B378JKU	1
A1866VB1KKSI5P	0
A186VDAIOH0CR1	3
A186X1ECQGV6VI	1
A187HYWVXYZ3QL	1
A188L3K2GZL8EV	0
A188L5H882TWB5	1
A1899U83VKAF2W	3
A189N8EN9JS8PS	1
A189R4VCST004J	2
A18AXTPNVGNIMA	1
A18DKOVXBXOH9V	0
A18G2JIC9AJQGQ	0
A18G5O4QNORQNL	1
A18HNGK355JBXS	1
A18J2EN2VAKHQX	2
A18J5L72PDUQMA	0
A18JEPRNHHM0VT	1
A18JMY1EPBGP1Q	3
A18K1ODH1I2MVB	2
A18NJ23KZ9LBOV	1
A18OJSV1W3G7N8	1
A18QF5QW6UBNOX	1
A18QT635AX0LPK	0
A18QVLKCFB562E	1
A18RPB8VRMFD88	0
A18SLDNHN6EMNY	1
A18SP5FQ1RI1KA	3
A18T9E4ZJONUNN	2
A18TIHEY4LWQED	0
A18TS1HPQ6XD1C	1
A18U1L85WOUED	1
A18WMQYGKMFWXF	3
A18WU6UWCOJT7D	1
A18XSUA5A9XB90	0
A18YW99IM0VBGG	1
A18ZYO0HW88PT	3
A190XXJ2HX4TGR	1
A193RBZI8BFAUI	1
A194K60CWZ371J	3
A195GFG8ARF5R7	1
A196EWKX6XUZ6J	2
A19A6I0XMZS1VA	1
A19B6DAXOGO6YO	2
A19C5WF3QDPSO7	0
A19CY9I8I3C4IR	1
A19D880K54NDK3	1
A19E3Z2XBRCWPE	1
A19EINHTI7ZUAT	3
A19GK1HQ659T1C	3
A19GXJVNMGZUI3	1
A19HNL1LLSDS56	1
A19IIZ1N4PDYXL	1
A19JJWD7SIZ7L4	1
A19K5M4M634PPP	1
A19KDGB6HOYNHG	1
A19MQCE72B11KZ	0
A19MROLP9V953P	0
A19NTSFKI0VMB2	0
A19OFIOWUJ25JU	1
A19OWZINGCDDLJ	2
A19P47YQ0XYLMN	0
A19PHYJCTRB9SX	0
A19QI94RRV370V	0
A19QPAZVPEI6W5	0
A19RDMUF0F06L6	1
A19S231JJGPXZC	1
A19T7GOVC1TODL	2
A19TBKTVTPBDIH	3
A19TSS7XJUNMW8	0
A19VMCPNQ489PJ	0
A19WEEGB05YAZ3	1
A19WFRIIIFS2J6	1
A19WOCE5DP3565	1
A19WZ454ZBWTMZ	0
A19X2S43RMWN9O	3
A19Z6V8MOB9DUM	0
A19ZJB2A5UFHPJ	1
A1A0CU5QEFMC5X	1
A1A0JNL1UNLK9J	2
A1A10QKWEZWWG8	3
A1A2KX40S7S5RW	0
A1A3YU9KTIWBTS	3
A1A81GERR6ETB7	1
A1A9VZQ8RKMVK6	3
A1ACH6T5ZJSMGB	1
A1ACYSI09I17H3	1
A1ADDTP6ILRL8V	3
A1AEOV54Y6OS83	1
A1AEW2Z0VHI9KC	3
A1AGIERRNOVE8N	0
A1AH1LYOU8XM1P	0
A1AH76RU07E3LA	1
A1AHJEZ1F5DR0U	1
A1AIUM5KF0Q4H8	1
A1AKDN4ZLKZFF6	2
A1AMPII9FZH15C	1
A1AOAZ67EAJWW5	3
A1AODA0DCSV4WY	0
A1AS7CIQQRYD4I	1
A1ASTONSE4WF75	1
A1ATGZACQ2RG9I	1
A1ATJR3L3ZHW26	0
A1ATLAGSVF7H25	0
A1ATM1HXXK5TKW	0
A1ATRJVX5YZ7RN	3
A1AU9DO4S651ZA	1
A1AVZZBN63E2FF	1
A1AWZ7DH93APII	3
A1AXBQM2YHKDMB	3
A1AXCWF6KS9AQH	0
A1AY3QFDTS3ZZQ	0
A1B1NRB23SZLJA	3
A1B1UJOIY1BEOA	3
A1B2701O7F7OK6	0
A1B3R7NCOIZPDP	1
A1B4SONA1LE75R	0
A1B60ARJ5TCYO9	2
A1B7D7AYGXCWG9	1
A1B9G3Z94KMTTP	1
A1B9NRX83M19TL	3
A1B9X3JHGG19MJ	0
A1BBZVBM4KO82F	0
A1BE5N4JJQW613	1
A1BEMD2U3AUZEJ	3
A1BEQSJVEWIE1C	2
A1BFFAWOFS7IOR	3
A1BG7BWYTNBSFG	0
A1BGKCLFVS7QD0	0
A1BGO4FCTETHNT	0
A1BGRVNHW9VPC0	1
A1BH6KYW8MF33H	1
A1BHFEH9X7EJA7	3
A1BHMYVL8YSX4F	1
A1BIKG59YB3M8W	0
A1BIKWM8QJSE5W	1
A1BIXKGVL39ZRN	1
A1BIXQNNHPV6PK	1
A1BJ9XCWP68XM0	0
A1BJWTXRGY5RAM	3
A1BKTCQEC5471J	0
A1BMCLKUHC0WLU	3
A1BMFJCCN4VOZC	1
A1BMTOYQQ6TA45	1
A1BNLHAMY716XI	1
A1BPGAWSGYJT2B	0
A1BPJ0W2QQ379T	3
A1BPN6SNY76BBF	1
A1BPPBDPSI6727	1
A1BQ8Y6LQ1URRN	1
A1BQBJE9HSTVZG	1
A1BQQF9X6FEAY7	2
A1BRSHO1GFGW66	1
A1BST7G6W508F6	1
A1BT7N3RYPOF8R	3
A1BV51YCYIZXJJ	1
A1BWAWS36VC93U	1
A1BWXHYQB5YRA9	1
A1BXK3N7PTCFLT	1
A1BXKPI6JA2UR	2
A1BXZ0IB4NSLRO	0
A1BYAK95KN2A82	1
A1C0RT2T538F99	1
A1C107URW2FRDU	0
A1C2KWZ3MCYOYK	2
A1C3DF3Q6G8335	0
A1C438X5EIBM0Z	3
A1C5D2Z53QO6KL	0
A1C6CYD8B3F870	3
A1C8IGLNT6CISY	1
A1C8K7U1ABE1T1	3
A1C8ZYG1UW0316	2
A1C9RXXYKVZD0Q	2
A1C9XX12Y87EO8	1
A1CA6A79GYMEDW	1
A1CAC2VG0J0U1R	3
A1CACWVM05TQEQ	1
A1CAD2CIS9HEOC	1
A1CBDI2KAWFY4J	1
A1CBO6OJH0OUTD	1
A1CBUM58S5DU52	1
A1CC1W6865EEIF	1
A1CCP1OCNWNMZG	0
A1CD26X6KJYXBP	1
A1CDDB97W8E9LU	3
A1CDHB4QASOJT7	2
A1CELSFO51QFM8	0
A1CERFAPNKPQDA	1
A1CESYYOL74L84	3
A1CEWRW7QPBV0G	0
A1CF4GZ75Z8OW2	3
A1CG063VLPQOWU	3
A1CHLH4C26NU40	1
A1CI7LOOPTUDAT	3
A1CI82L9N1079J	2
A1CIKEDAPXFQTZ	3
A1CJCL8LNQ6TTD	1
A1CLCTBDF15J8H	1
A1CO2G7NU0WYUU	0
A1COBK3A74D4LM	1
A1COGE37QVFFSU	0
A1CONIJXRJHGNM	0
A1CPNG2K7QTZXP	1
A1CQCE3Q1BFAZY	2
A1CQEAE9SXTAW0	0
A1CR6Q48FRJIDR	3
A1CSSMY0WQOGOP	0
A1CTBNDXXGV1F9	2
A1CUBJPWGNM4RL	3
A1CV7K7AQ5KCZT	3
A1CVEH7IZLTOMR	1
A1CVSVVUZ3ABK3	0
A1CX4XV9L4N8HB	1
A1CXOH5I6824PO	1
A1CXUPHI6QPKSS	3
A1CZ25UPALCTP1	2
A1D035EGRRT5DU	1
A1D14NOYAKJAB4	1
A1D1DIJDVADRSA	0
A1D2AWQWDOH34U	0
A1D3SVE3NKW5ZZ	0
A1D4Y39DQU64N7	0
A1D5EZHJDRPS5V	2
A1D6PWR76DOGIZ	3
A1D7XSVW8AWNP8	1
A1D8KV88A3D7IZ	3
A1D91BRF8C9ESQ	3
A1D92XO0V4XQJR	3
A1DB6CIRF4950S	1
A1DBU1X381Z9UE	3
A1DC4YD1BWLXBF	2
A1DDC5S8XC76MI	1
A1DDS4H71XOOSE	3
A1DH6WF095C90P	3
A1DHCDLSFICXSP	3
A1DJ9ZJH1RKQIE	3
A1DKGWCL9HGZOO	1
A1DL0GTGHZHXC2	1
A1DL255FKET2LB	1
A1DLAQ5XHCLDWZ	0
A1DMNNF2NJ5YRG	1
A1DMU07D5NMQY8	1
A1DPHRRXF64L7	1
A1DR3D7B48B5QN	0
A1DRCU6LNJXYO	1
A1DVL18KM39J6B	1
A1DYIG8ZV48N3P	2
A1DYPZ2YFPF498	1
A1DZSAD0U02JXE	1
A1E00WMEXK151D	0
A1E11A6N24N9Z4	0
A1E2A5R2WBOB5N	0
A1E2H95WZ1KP1J	1
A1E38ETRELK0OU	1
A1E42AFHHQDFFA	3
A1E53Y1H9L88JM	0
A1E5V7E8KGBZZW	2
A1E5WN03LKPAL1	1
A1E61K44V97ME5	0
A1E6JHMV0THYTU	1
A1E7WRQ7DE9203	0
A1E9ILIDS2GYSF	2
A1ECECDC39KL5O	1
A1ED81HCYX9Z3O	1
A1EDWFEXNC80CE	3
A1EE6LQS3OPY6R	3
A1EGE3LMR5HAT9	1
A1EHMDDRSVTR6P	0
A1EHZZ7BSFPER9	1
A1EI0YJIAUDL2F	1
A1EJ7WD6TJRWKT	0
A1EKY6SBDIICO7	2
A1ELL6KXK74BGG	1
A1EMD0PAEPJTXS	2
A1ENWQQNFXTPAR	0
A1EOIVO2O7EW77	0
A1EP969YF75ZA2	1
A1EQN9SKK4JPD	1
A1EQT1OFS7M5HH	3
A1ERCKSU79DBOD	3
A1ES440EWM88SQ	0
A1ESG54LD23V1X	0
A1ESN5B2IPMMQN	1
A1ESYYJ2IZEZAA	3
A1ETIVJ53SLTR7	3
A1EWU6KKKQV24D	0
A1EXE4MS0UMWSM	3
A1EXU7LG65JVE4	0
A1EXWVU0N33DVJ	2
A1EXXID5Z2YSDR	0
A1EY3NJP0WH3JQ	3
A1EYJASK6UL955	1
A1EYXYTHEBZ8FQ	0
A1F18ZBP8EX834	3
A1F1B9528KPHLZ	2
A1F2GH116P6MB5	0
A1F2T4XD9NIRSC	0
A1F329RRH0HK72	0
A1F3C12JMHAL7F	2
A1F3T0OJHZHYL	3
A1F5CDYXMO033L	1
A1F6FX6Z3HVVIU	0
A1F83ILOSWARL7	0
A1F9YMORSTUDHB	1
A1FA7UHTINDML	1
A1FBP5BNG0HBTZ	1
A1FC029U1TNTG3	3
A1FC2V7L4IIS4P	1
A1FCPD22IYF3R5	3
A1FD18GBPC7W5M	3
A1FD37HZKLEBUH	0
A1FDSW8KRCK5SN	0
A1FDV4RKQKGW3L	1
A1FEOW0CMG3WG5	3
A1FFHK13CFN1HD	0
A1FFMOKOEHQZCJ	0
A1FFODPSUBBUSL	1
A1FGJWA3X12KEI	3
A1FJ8Z5ESF0V6C	2
A1FJMNMB6D683U	0
A1FK4Q8TH04R4C	0
A1FK991KA8ZBZD	3
A1FLV23COZM3WH	0
A1FMAQE4G5FN7S	1
A1FMS5Z62TG910	1
A1FN1PZIUQILOK	1
A1FN99X2HLDYQJ	1
A1FO2DV2IVXDQD	1
A1FO95QERRZLN8	1
A1FP2KJC61SIXE	0
A1FPJEE64KNWU5	3
A1FRMDSU78RZM5	1
A1FRPRQK65VIUZ	3
A1FSVJRNZS0O1T	2
A1FTHLABFBQ9RZ	2
A1FTXUBIT9JDER	0
A1FUVQELJ2YQOP	2
A1FVIGNLF3ATP7	0
A1FVXVY3J2GNBE	0
A1FXNXJA187Q7P	2
A1FXR04D2H0HG5	3
A1FXTQXCXTB2J3	1
A1FYBIZMNEONDP	1
A1FZ7CL9UCRFWJ	3
A1FZR1ZTIAJFN3	1
A1FZVN3BQ4BC7A	3
A1G12FEZGCWPDZ	1
A1G2O63BJDCZX9	0
A1G35YXYQP3HQ9	3
A1G3KWEH7MUDYJ	1
A1G5KBE5ZDNAP1	1
A1G5R9FFA5DOFE	0
A1G6C0UYOVZU8T	1
A1G7MA52P8BXN1	1
A1G7P69LWXW1VW	2
A1G8L9WKICSUXK	3
A1GAG2X21XEL7C	1
A1GCKSHP2Q2YFY	1
A1GCLBASGFAGCK	0
A1GDPTMBF6VYSC	3
A1GFMQSZHCJW6Y	1
A1GGFETZBO3QBS	0
A1GHLAS2Y9EYLP	3
A1GISTHW2MXFQK	3
A1GK7LYP03ITDW	1
A1GLVQ28U51O7R	0
A1GLY78FL19OB3	1
A1GNCNYR14WQJ5	1
A1GNL6V10GUU3B	1
A1GP621XVFBZXG	0
A1GQZTIAVE8BUD	1
A1GR8HFD1BDJ23	2
A1GRD2EN05KBJB	0
A1GRH2GEGT84JG	1
A1GRTKO92T1SOJ	0
A1GSQV6GTJRZJD	0
A1GT7EZFLH7NAL	3
A1GTXC1IXYIAZV	0
A1GU6NCQEDQUVY	1
A1GUMYAKBSSUAU	3
A1GV2FKZDXSD23	1
A1GVHYZPFR762D	3
A1GY6N4MVD3H2M	2
A1GYA60TSAZZH7	3
A1GZ1K8Y76B0AV	1
A1H0BQES75XGVK	1
A1H0FTOP6KCZ3Y	1
A1H0N9LAKHSB2D	3
A1H0NLCX4T2CQF	0
A1H14GHO7O7GGQ	0
A1H1RNEJ8AAF8U	0
A1H218P4VI14XQ	1
A1H4XS0FNGPHML	1
A1H5Y2BKWJEFCQ	1
A1H68DGU15Q85T	1
A1H8X9PCM7OTK0	0
A1HA739TIV72HZ	3
A1HAQ7IKTCS2O5	1
A1HAYJ4DDNP7MH	1
A1HEZUL9PGJYKT	0
A1HFARA27PAC5E	1
A1HG3S2VU22VB9	0
A1HI5K9HZHEMPF	1
A1HI5WBYGRLNJD	0
A1HIBK6Y61E0U4	1
A1HICLLDGU5BRG	1
A1HJG3STXRAJ7X	1
A1HKKM2OW7BZPX	0
A1HLBLIMIH37FM	1
A1HMXKPXP9A58V	3
A1HNLB5C4XL322	1
A1HPNG237CNHUF	1
A1HPXZPXE50KKI	1
A1HSJBLXCNVVFT	1
A1HTL9SJTGBKKT	1
A1HUGJ1IJHD5UM	0
A1HUL4082WCS3N	1
A1HVXZZJK5LSEW	0
A1HX5PIKRH33ST	1
A1HXRDKQ78GUKU	1
A1HYBL1JI5052I	0
A1HYQO7CMB9PKV	3
A1HZRXQCRG2J5Y	2
A1I0FWH46GEFLP	1
A1I2MT0ECOVHL8	0
A1I2RHGIU1J3QT	0
A1I2SZT84GX39E	0
A1I2Y1ADOUZU0M	2
A1I327C0APIQBG	3
A1I3W3L9XSRFG9	1
A1I4DMDF6SD1B4	2
A1I57DBBYG9TGA	0
A1I58UM8DLT2QR	0
A1I59CNXCJT48A	0
A1I5VN5O4OSVLE	1
A1I60W1BK73XID	0
A1I669WQOVXRB6	1
A1I6QYFN3RUSV5	1
A1I8N725TH7Z7M	3
A1I98GJAHJHSAM	1
A1I9LFZBYR4C6C	2
A1IA4NFOC9SPOS	3
A1IAS8HJF6AXX8	0
A1ICVUVHAKDLP8	1
A1IDRBRJE1HNM3	1
A1IDTUK2Z4VAL6	3
A1IDUEIZLVODAU	1
A1IE0ICI2DJBTI	2
A1IGCQIBZ7FEU2	1
A1IH0ARSCHHNKS	1
A1IHTC4622NQAI	0
A1IHTNWPE1BFSJ	3
A1II9V9KSERKUC	2
A1IJAIEML7XEB3	0
A1IJQ1P01VQD8E	2
A1IJVZ3JNXCV4Q	1
A1IKBIWNTIC6KA	3
A1ILHLHKSVNXO3	0
A1IMKTL62SR34Z	3
A1INJ4TXQJCTQG	3
A1INP0XP6KY660	3
A1IP8HLH7ZG69B	2
A1IPM2WI63SYDF	2
A1IPWYPX9WQJD1	0
A1IQGH9K2XY128	0
A1IQGMRJVWACKM	0
A1IRKDR77L2NVR	1
A1IRNVXK4HPNJK	0
A1ISNUJFE0SVJU	0
A1IT2EZE5DBBI9	1
A1ITU6YY73KQNY	0
A1IUJ71I9763MF	2
A1IUZRQPKTFSR6	2
A1IVH9FJ77G0Y4	1
A1IW1L6B6QGB6R	0
A1IWLRKG5NDN3Y	3
A1IX89IB76H3PQ	0
A1IXY9HNGXJHJB	1
A1IYC7C3O8OPW1	3
A1IYD9QE0Q9F1Y	1
A1IYDXT9MJDRXM	1
A1IYSTJZOUTVL2	1
A1IZSWMD3CQMNP	1
A1J02XMVJFA8NM	0
A1J0BTCK9HBOV4	3
A1J1XQYIBTM224	1
A1J2GR3N0FV13O	1
A1J2XGQUDMR7KS	1
A1J32D3XHNBS92	0
A1J7NLEJTZ4B35	1
A1J8QY1E87ZV9Z	2
A1J9VRY4LZS9XZ	3
A1JAFFAQQWCM1B	0
A1JBQB3CJG4TUK	0
A1JBTDLKWSF6G7	3
A1JCRI0OTA9CD5	1
A1JF2BXCBE7O2T	1
A1JG8KAQNG5X1P	3
A1JI8J1QQBSAHJ	2
A1JJSF2P5ZG7QC	3
A1JLZMTD5WRI4T	1
A1JMRLGCQN89ZK	1
A1JMVJYZZ1G4GG	0
A1JMY2W4V5UQLC	2
A1JNAO5PLNK8J6	1
A1JNK15DRAY3Y3	0
A1JPF7IHYQYT6J	3
A1JQD61TY5ALB7	2
A1JRWRCBMVWT2Z	1
A1JS899KV4IXIK	0
A1JSET85IDUJ43	0
A1JTXILO9NDA6G	1
A1JU7HSMPP7M3H	1
A1JUFVTSUI9HRL	0
A1JXPJQMJJ7K5Q	3
A1K01T8CQP3L54	3
A1K0YV26MD03D1	1
A1K2AR39NRHL59	1
A1K30L8T961CNR	1
A1K4UAWKG3AHQG	2
A1K4WPE5Y7KEYV	3
A1K4Y3ORQAXHN4	1
A1K4ZW7YVOPR73	1
A1K501H8ZQ5V7F	0
A1K5CEYOEY2KIG	0
A1K74WI5F5963D	1
A1K83FKZ4R7EOL	3
A1KAEJ5PVKVZTA	3
A1KB3VTFNN5ERS	3
A1KBFSAMZJS9YT	1
A1KEICSAAW6OKL	3
A1KF0F85049MAV	1
A1KFETW4PU0NRM	1
A1KFH0TT2QLCAT	0
A1KGD3PHA6MCC	1
A1KGIYAHKT14QH	1
A1KHD3XC892XTT	0
A1KHJMKITL6C0V	0
A1KHK4EH5Z1X0F	1
A1KHPGKP1RQM2Q	0
A1KHPQCMY96NLN	3
A1KI3K46QATKVV	3
A1KK0JVPNA0DNI	3
A1KKCBMRVA9L0B	0
A1KMIPRN0MCYSB	3
A1KPN9WF9BIDD5	1
A1KQQ38AR7Q7S0	3
A1KRA4Z49AROW	1
A1KSBR748HEJVF	1
A1KTE3UHSNBPI9	0
A1KTVUVADLKWZO	1
A1KU2Y0E63O5VK	1
A1KW4YRLFSK8QE	1
A1KXTEB2ZHWX6K	0
A1KY4NC5MFY454	1
A1KYGZW4DZXT2W	1
A1KYTRXHY5TKVD	1
A1KZ80O1BWH8DW	1
A1KZ8DMDF34IY8	1
A1KZJWXCH3SR9F	2
A1L00EILJ8RSCR	0
A1L0JEXM44GXIE	2
A1L19FUWL2P7RP	0
A1L1C03S6UP1VF	2
A1L2GF30BU5MKW	0
A1L4B9ZGFKHTEE	0
A1L51BVLJMKY5Q	1
A1L5VZIRTYW0UW	3
A1L6SWG47BANM8	1
A1L7E0K9TSDI1E	1
A1L7L2O3H043GF	0
A1L80EO99GBHS3	1
A1L9EQV2941OWU	0
A1LAZJD5R0SY71	1
A1LE0Q2AQ98MO2	0
A1LEH1MXYVLL4Z	3
A1LERDTC8ZB1J1	3
A1LF98ZVLZEKIH	1
A1LFCVO99HQJH3	1
A1LG5M4VU7R6T9	1
A1LGTO8DKGMLJF	0
A1LH1D7QPIDZZF	0
A1LHF20U440JFK	1
A1LHGECUXDEW7L	0
A1LHOKYENR7HP2	0
A1LJ7OKDLQX852	1
A1LJJUDIGZ5B5K	1
A1LM1XE1PYLBZ4	1
A1LM4ZVO41HY7D	0
A1LMCRN1ZO5VEF	0
A1LMPQJ28SDN7N	0
A1LPI14ZRADTEN	1
A1LPSD8EOXIBSY	2
A1LPTNU4A8047X	1
A1LPXNLKSA9R39	3
A1LPXW0AG9PDZB	2
A1LRZDNPPLVVI4	1
A1LSIZSCPRUWT7	1
A1LSX2BKRBOFNO	2
A1LT66C9WIA0KV	1
A1LTM4OIXRPIR6	0
A1LVROB8N109RS	3
A1LVUS6WE3SAAT	1
A1LWEGCA5FZX8I	0
A1LWYXEJUGGRGN	1
A1LX607O9PZ8L2	3
A1LXOXA802MT16	3
A1LYJ98TV7QZMI	1
A1LZLHCVD2Z24V	1
A1M07BEFUUCOX0	0
A1M0NLIMBL7OHX	3
A1M2FFSOHGW78K	1
A1M3MHBVTP7HO9	3
A1M43YIT8LPU8H	1
A1M50TCAUWLIBS	1
A1M5ZT35YX6TIN	0
A1M6FMGUBQXMFB	1
A1M75L5MWBLRFA	1
A1M7D064GIXURA	0
A1M7Y3CTZVJD7D	3
A1M8SU89YOEF6G	1
A1M9649XWMZ7G0	3
A1MANOYAGBEMTC	0
A1MBI82W8KJJMK	0
A1MBJCCKH0PI5K	1
A1MCWJCKZVGEC7	0
A1MEZL3BL7WBRZ	1
A1MGJX3DVS8HLC	0
A1MGZGESA6PYK8	2
A1MH2WS3M6WWVO	1
A1MH6WM8M992D0	1
A1MHAPLEM30UUK	1
A1MHVXGUHO5KP8	1
A1MIU2SK0IC1VE	1
A1MJ4JM5Z2KZEW	0
A1MJLMH1AR1MW6	0
A1ML1ZUEVTL9IG	3
A1MLZ6CWEQ5JHN	0
A1MMWK72CM695U	2
A1MMYU4Q4QBWY7	1
A1MN7QXQ5HOP3I	2
A1MNFV25GI9RO	1
A1MNXCAXGGK062	0
A1MPNPB900AH4Q	3
A1MPTXUEWDW5HB	2
A1MQWPLHQ0I021	1
A1MRFJUE0GD0RF	0
A1MRIJH5I0UZ7C	1
A1MS9HZCODG243	1
A1MSP4LBVTP936	3
A1MTJR506DWPN0	0
A1MTXILI1LIH02	1
A1MUQKOJITFALY	2
A1MUYZD0WKPEIN	1
A1MV4CECQ9KWJO	1
A1MXP8SNQTJP79	3
A1MXY49YAJM124	3
A1MZLID13AIOYO	0
A1MZZLVNHH8Y4	3
A1N0BMH7VQ1AAO	1
A1N0KPRDV8M95	0
A1N1P6F1FAVVUP	3
A1N1XKB8J953G4	3
A1N34T5HTA8B0Q	0
A1N3ERI3GL343H	1
A1N4840BFND13P	3
A1N56GA4UWAETC	3
A1N5LNOS2XIGWI	0
A1N5YTRXL15R0P	1
A1N6PUTPQK91EX	0
A1N77CEA2VK3BX	2
A1N8O3ALK7TBXJ	3
A1N8XBUYMTNU65	1
A1NADCY9FJUSH7	1
A1NAN003YFYYJV	1
A1NBWQWKYQLN1C	1
A1NC59VM1NV4UE	2
A1NCVUP51YAAA8	1
A1NE72669YL6IJ	1
A1NEB6H80B3SX9	1
A1NETO8OWLC0Q0	2
A1NFASSNFSXF17	0
A1NFJQUTW0ROU7	1
A1NGDR6R7MVY09	1
A1NGSYHWRYS4QU	0
A1NI09FXHYWQSS	1
A1NIHLD0EIWLJX	0
A1NJ7GLTA7B6WH	0
A1NJB1LXV87M90	1
A1NMNTETDT2WVS	0
A1NNQJNT4VM5LM	1
A1NNRORSFEVM1T	1
A1NO1SQQZTW1XE	0
A1NOUL4Z5G32YC	3
A1NP60HUL5NYTL	1
A1NQW5JYPA1IQH	0
A1NR0HIF7FGVLS	3
A1NSY0FAD5Q6JN	1
A1NT9082GYBXC5	0
A1NTH84NYAKJT5	1
A1NTJS312HC0Y8	1
A1NUMKUJ5NA1G6	0
A1NUTABYA0GIWX	2
A1NW5DYK3UACIF	1
A1NW9XN4OK52YB	2
A1NWQUWPMC20MC	3
A1NXVR61ZRYJTB	0
A1NXZ1V7PJV74O	3
A1NZ85C6A505TT	2
A1O00NBC8OZLYV	0
A1O0FZ2DGFQ4OG	1
A1O0NK9QOMSXUV	1
A1O1VXA1FMR4Q4	1
A1O2GI8HY753QN	0
A1O2OQ9KF5DSEG	0
A1O308675KC2R1	3
A1O36MPL3NJHTA	1
A1O3SWAIDUNNSS	1
A1O56VYXJUMYFZ	0
A1O57J6D6RBY30	1
A1O6L57A65PMOY	3
A1O6V6L5LD97X4	1
A1O7RP2OK9AGIT	1
A1O9GD59RXVYEQ	3
A1O9I9M35S1R6V	1
A1OAHSN8JKDPEK	1
A1OAQPKF2WK14U	0
A1OBMZYNHQW7UL	0
A1OCRKS4L8KJH9	1
A1OD2SA9988HON	1
A1OD6AWV12YP74	0
A1ODR6278N8ATJ	1
A1OE5CR7VUWHIJ	1
A1OECWWF9LDU4S	3
A1OEH7KWQSXJ7D	0
A1OEPBZT2AD3YD	0
A1OGM8SPHLQJ29	2
A1OHYP4PKE6SK2	0
A1OI3GVZZ6TYFT	2
A1OJWJGH3UURBH	1
A1OKC83K8EO5RP	1
A1OKSDRSOBXEZE	0
A1OKX4YM05DC1T	3
A1OM2ZXIL1SYK3	0
A1OMUS8NIWHCOC	3
A1OMWH3URAZQLW	0
A1OOXG0SBBCV8D	0
A1OP3ILYGCL675	1
A1OPPVSHNH09FA	1
A1OQY19EZKR9WU	0
A1ORTIWDZCBUCE	1
A1OSBCS8FZZL2P	1
A1OU7DYH2OC10A	1
A1OUUP4V34SH93	2
A1OWUNV266NHLE	3
A1OXCD0BV1ATC4	3
A1OY649KVI65OU	1
A1OYE818TLQVRX	3
A1OYPBE0PACN9B	3
A1OZBYV9I3MT1P	1
A1OZT5P75UJ22L	1
A1P0VV8CECCCRA	2
A1P1V4WK9I76C8	0
A1P2H81YEK1QCQ	0
A1P2IJ1O11BMRG	3
A1P2RW6YNZLFQA	0
A1P3KAUTPGGLXS	0
A1P3V1XC1HMGUL	0
A1P45S660D7HVJ	1
A1P62PK6QVH8LV	3
A1PAEE67S3WVFM	1
A1PAWK44WSZD83	3
A1PBVAS4IQZZ9F	0
A1PD6W3E2GN3SF	1
A1PEBR9QIJ8LZ1	1
A1PEEG5YYW5NCI	1
A1PF0OIK6YY145	1
A1PIB1M6WBW1PX	1
A1PISAL3ZIIZJM	1
A1PIUPGH94K2YK	1
A1PJEAGCS1JM90	0
A1PJHKR5SQNJQH	0
A1PK2VRHA0Z1SM	0
A1PLKDW7SK2WK7	3
A1PLQ2PTD6OXS4	1
A1PMT26BX6PMKG	0
A1PMZKP2PPTXYE	2
A1PN4MT9RNFP6U	0
A1PNLMFOFUS4E7	3
A1PO6L10UBK7BW	1
A1POC8YYYOM7WB	1
A1PP1SVFD3XAX1	3
A1PP8ATXIPMEEW	0
A1PPEYPR0IHT57	0
A1PPNS5O82UY8K	1
A1PR53BO8O21W	1
A1PR68AXR3LQ7M	1
A1PRVWDZD33QVR	1
A1PTNPLE0UQLQI	1
A1PULJU98V5M2L	3
A1PWKQDBNDLG19	2
A1PX5S90UPGNN3	0
A1PX9Y5C6PSN5U	0
A1PXNUANG0REQC	0
A1PXV7NWEFYLKE	3
A1Q0IOLHO4K5N1	0
A1Q12F6KENVZBT	1
A1Q2E7L3DOQKVO	1
A1Q4MZFRVPCGBQ	0
A1Q4Q4VPVD3OOO	2
A1Q51JBT2VOPU	3
A1Q5JOIMTRK6Q2	1
A1Q6CN1NMYGUBK	3
A1Q7J89DIVOAXD	3
A1QAK43Z5IWWF7	3
A1QB1QV86GM0MB	0
A1QBGGR6Y9XQHI	1
A1QBN8UULWXA9A	2
A1QBOC76MIOJYP	3
A1QCULR3SQ9IIP	1
A1QD054F94TZ3S	2
A1QFI4OFLL10OW	3
A1QFSU3VGCU77A	1
A1QG1UIWO4UGHL	3
A1QGF7K2MENQRH	3
A1QGLH5NIGL2II	0
A1QHJ97XUQQC46	1
A1QIBBYAHJ1E0G	3
A1QIN91YY373V	3
A1QIYCAWYOU4C7	3
A1QJ6BJ1WFS96J	3
A1QJNRSR0XGNIM	0
A1QKNO03IKANKK	1
A1QNQ0Q8BHJX60	0
A1QOC9T8AVXRA	0
A1QOLKBUYYGIMR	2
A1QP3A4O2535AL	1
A1QP3Y3BZU46CS	3
A1QP94UWI92D4	2
A1QQTQVTUNPNTJ	0
A1QTYTI4IJ3KDG	0
A1QU2M2BLUDEWJ	1
A1QUEONSTJG6K3	1
A1QUJTYES8IDZB	0
A1QVF2B3J364RW	0
A1QW1ZS0881EL9	0
A1QWHXGJ937ON9	0
A1QWLE2YIP8VNR	1
A1QZ8JL7CTCK1S	1
A1QZH6OAEZ3QT	1
A1R0ASBMBGBSPQ	3
A1R0YBH8GR35C4	0
A1R0Z1AWJ7L9GT	3
A1R1BFJCMWX0Y3	3
A1R1TWFBBREO8	2
A1R2E1VDBU534T	2
A1R5DIGD0VABA6	1
A1R7PG9J7ZK0VE	0
A1R83T5B35DSA1	1
A1R951S6YTALT0	1
A1R9FFWIUXPC4E	0
A1R9JZE9FMB0RD	0
A1R9RXJK5KW29G	1
A1RA92D2CEMMJ2	3
A1RAUAJGMXQ5HV	0
A1RBJD3QW63U2D	0
A1RCRA3I3THOW6	1
A1RF29TDECR6KS	0
A1RGG11TQXMZE0	1
A1RGSGDXZJ81Y0	0
A1RHODHLPN0CJE	0
A1RJK552L4YBNQ	1
A1RMA3TNNX5SPQ	1
A1RMK720LD8WY5	0
A1RN9EZTN6HIZO	3
A1RP2VKG5Z1N1K	3
A1RPASFFIQEUOJ	2
A1RQ2SGOBHP1OH	3
A1RQABQVFS95OH	0
A1RQFE40ED8LEK	1
A1RSVGE5A2X16	1
A1RT0UQRCB2765	1
A1RUOE14GV04W7	3
A1RVDNDFN5UHRU	1
A1RVJR80KR7B0S	0
A1RVNLF6FGEIOR	1
A1RWKIQGSZ56G6	3
A1RY0OCTFCBB8M	1
A1RY1DY1OXB4H3	1
A1RZEQMFYOA00R	0
A1RZTYVG3TLWM	1
A1S1JB6BEC1YUL	1
A1S28K2OPCAJIO	3
A1S2MKMZPDCQHJ	0
A1S40KWNH8S85A	0
A1S49FDG4PNBI6	0
A1S5PQAHN5N84L	1
A1S6S058HV2SQZ	0
A1S7V488S6HXJ6	1
A1S8KCECEJ4LRF	1
A1S9W1X2HCFYMS	0
A1SBEWNZ2TM3YK	1
A1SCCZGP2GRT7A	1
A1SCFRCKCDE4VW	2
A1SE34P68X9WPS	1
A1SEAO5TVL4XQH	1
A1SFQR9PFRO215	1
A1SFX2SQG54PJ6	1
A1SGXO2N0QXFZ6	0
A1SJC9YN9V8E47	2
A1SJJBHVIRV0PV	3
A1SJNYL5G5X29D	1
A1SKUWYQVIQLTM	0
A1SL6FMTVXJ33K	0
A1SMU8R3MET82B	1
A1SPHZ8QYJINNT	2
A1SPJ6VNRJCBBS	0
A1SPJ9P8376FUV	1
A1SPUV87XODSJJ	1
A1SS4GJRK6H8S4	0
A1SSG1AM3A4H5C	1
A1SSTWZQXRKQWM	1
A1SSUWXJ0XQISO	1
A1STS6EKZ6Q796	1
A1SU616CJ56Y3L	0
A1SWEXILKIOZ6X	3
A1SWXHY388Y10T	3
A1SZ1Y4XK7MRYQ	2
A1SZFF9LK321DZ	3
A1SZN9M1SDTGJQ	1
A1T02GVM1RLT3W	0
A1T0W1X6D6NHFH	3
A1T1SU5MXB3QQL	2
A1T2TAOHHO7A9Q	3
A1T3T9T5BPQPY2	3
A1T4H85SQ8SBX1	3
A1T4ROX6Q3FQDE	1
A1T57NS476EUPY	3
A1T5SD4C4T9OYM	3
A1T60N21Q372CU	3
A1T62USAQPCP05	1
A1T65M1XCUPA2B	0
A1T8IL6WU250OW	1
A1T92BYPNR4CCD	0
A1T9NT1M1FX7SH	3
A1T9VAHXYTTFCM	2
A1TAH1XEITI8R7	2
A1TAM2LUBMOOF4	0
A1TBISAFZ8F6OG	3
A1TBTQ8X4SQSUS	1
A1TCJ34VMLY3T8	0
A1TE2VK6YO1LM8	3
A1TEXI7PHBTFDK	3
A1TEZUX96NJQH5	1
A1THMKK4CY2QF4	2
A1TI16L6FDVSJM	1
A1TICGZG00DNC2	1
A1TK18XISJCST8	3
A1TKB41I4TTX67	0
A1TKU7VXGXYGX5	3
A1TKUHWYPT8IXI	1
A1TM3DZYL6ZFR5	1
A1TMAR4I3WJV8T	2
A1TN3ZSXAA6WEE	1
A1TO7O321TT8DX	1
A1TP9UQ35A76Q4	0
A1TPJU5KVQ2X3U	3
A1TQ36QKQT2N93	1
A1TS6UVQOFTYG0	1
A1TSJH68Y9U2CU	1
A1TSXR8925E2DE	1
A1TTS7IUK2PURS	0
A1TV6XHXR0NKUH	3
A1TVPEE3DF9A3W	2
A1TW1LALFKQAMW	0
A1TW2IO31O098Q	1
A1TWMRYZX2B2FW	1
A1TYY675MKHO7V	0
A1TYZLIKWUH0KI	3
A1TZ1QV2QD7QZV	0
A1TZI9H1VNHRAI	0
A1TZWEBIB2MVUY	1
A1U0XVBV1S71CF	1
A1U1DTLJHYJMT7	3
A1U1M2QUB0DL9V	0
A1U1O8RI38VRRK	1
A1U237HSI4GIFE	0
A1U26MFJAA1BB5	2
A1U2L9QEGVMA12	1
A1U2N8CPMO19GE	1
A1U4MVED72DMBH	0
A1U5A4TMTS2HS5	3
A1U5N4567HJE2J	1
A1U68L0TD5P8C5	0
A1U7CRU3CJQZCR	0
A1U8H8BOXQC4X9	3
A1U8I080X8DVE0	1
A1U8SVJ4H1ZN19	0
A1U8VI6I2MFEU8	1
A1UD4GTW9YUERV	3
A1UDB5MFYM86QI	3
A1UDK5YTZ1QMKK	0
A1UEA9KOAL5JE0	1
A1UFS9818GTJEM	0
A1UG3AHYA8RDYS	1
A1UGJ1NL5WBROP	1
A1UGSM0MZBRCAU	1
A1UHLY3WP753H2	0
A1UIP5RFTWU2HN	1
A1UJJICBAASOKA	1
A1UJO2Q07ELR6D	1
A1ULK6BR6MBTTH	0
A1ULS36ZJP12OJ	3
A1ULZDNCRHM7E6	3
A1UNEDTQ5JLM2O	2
A1UNUDVXKB7HOX	3
A1UOENCQB7EJNU	0
A1UPWZ6NON4Z9X	0
A1UQJLUIGDUO6	1
A1UQNEXL36TYIF	2
A1URH8GOPUGAZ5	1
A1UTZOSBZV64XT	1
A1UVKIBG6KYX8T	0
A1UVUCBTE983VB	0
A1UXI5AZ3O2905	3
A1UYVV4VNOS2UO	1
A1UYZRMNDKTHOX	0
A1V08DHS5GULYJ	3
A1V0DGHRO5Q8CG	1
A1V0MY5J2TCA7F	1
A1V566QRT39VNB	2
A1V6IJDAIEFV6	1
A1V95I4C3TC4PY	1
A1V9FMO26GHZ69	3
A1V9Y5U4DH1AO6	3
A1VAGO7SG4HCBD	1
A1VBRGK1F1LA5L	0
A1VC7V9PA656C0	0
A1VDFIJY4Q2AS4	0
A1VE2LJPHYH0FG	3
A1VF2ANCK0APNA	1
A1VFGX92UXBO8N	1
A1VGDMKLYQPGAR	2
A1VGECUPE1UBZ7	0
A1VGI76JBHC3JC	1
A1VHU28D4KX1OO	0
A1VIHMRWUS6RQG	1
A1VKY6VOJIFWFY	1
A1VLZ0I2TL8D9Z	3
A1VMEXUFVPIVB5	1
A1VNQ0K2SXBVJD	2
A1VP8KZNBHKJPH	1
A1VPEWW3D9T9SF	3
A1VPOZ529428J4	0
A1VPTH02TOHN40	0
A1VPTV2Q4LUZ0R	0
A1VR27AT4Q7OIQ	1
A1VUOUJ6RJM11Q	1
A1VWE9QQ1TQVOC	1
A1VXHOVIAYG8J6	0
A1VXIF7U87YB6D	1
A1VXLNSVU0FSRI	3
A1VZLSL7ELREFE	2
A1W001LAYWBOS4	3
A1W02NNBCJ5YQX	2
A1W06249YVX7NH	1
A1W0OGSJMO7CHN	0
A1W1U2VNG7BCF4	0
A1W2GCA5HT6OM1	3
A1W4GAAIW7JD5I	1
A1W6LE05GO9W6E	3
A1W6QWU5KPF5AQ	3
A1W6S7OXUIHMBN	3
A1W7QKYNG8UT5V	1
A1W7VR6VT0ENCU	0
A1W8D22NK33Q05	0
A1W8HFFEVXETT2	3
A1WAJDGVY4V7UM	0
A1WBYBTZ7XWAHY	1
A1WCDD0I4E1VXA	1
A1WEHJG963TAGN	2
A1WERALL9FRP74	2
A1WF497KHVF28R	2
A1WH0TL8K2DGF9	3
A1WI9Q633XA3IB	1
A1WJ64AINOO6PJ	0
A1WJSQLFC77GKD	3
A1WKKDSHQEUUGM	0
A1WKVUJQXDIIR5	1
A1WLEHPDC3X55W	1
A1WMDGXKYWP0CR	1
A1WMGFT19MJEKH	3
A1WN97TG000IVA	0
A1WNJVHS82YTLP	0
A1WPNZK2UFHWWF	1
A1WQ50074A51VQ	1
A1WSF0IEFMTZSH	0
A1WSFA9AZJK514	0
A1WSPJNH2AMYI6	0
A1WTI921OTVBA1	3
A1WTPAHQQNUCVO	2
A1WUKSGWPA0930	1
A1WWZKIPXPKPEQ	3
A1WYAM4MAP5J6	1
A1WZFINDJENOV2	1
A1X0ATVIWHE1S4	1
A1X0N0E2NEJQED	3
A1X13UZDZBC78E	1
A1X1QSJHTZY6Q2	0
A1X2PY5LQUKPYO	3
A1X2WU76XAQ5U1	0
A1X5K5AFPF2LNJ	2
A1X5MLAVX8LO3I	1
A1X6B7HHJIFKHO	3
A1X8PKXSML1IVG	0
A1X9G6B5QQ85PV	1
A1X9G9932EDAL	1
A1X9RE3J400EBG	1
A1XA7YL1WK5Y7B	3
A1XAGC5HRCLFV1	0
A1XBGH0Z2LK9PW	0
A1XE8WPHLX9AS4	3
A1XEGHJ412UTGE	3
A1XEJGFQ9OB15Y	1
A1XG6CUDAI6SS3	2
A1XGF42R5GA28Y	1
A1XI1350DXBH4A	3
A1XI7N1JKJL67	3
A1XIFNB0XAMPOZ	1
A1XKVGWXZ9KPWY	0
A1XKYP9N7R67WU	1
A1XMD2UQ0NCGIZ	2
A1XOFZ8XXJ9FOK	0
A1XOIK660PN5AQ	3
A1XORCJXY6OP7X	1
A1XPU5GK53NM2E	1
A1XQ0F01CF84Y3	1
A1XQ2N3WD9DDUJ	0
A1XQ4ZSOCJIJRD	2
A1XQR1OLUICEIF	1
A1XRQVQR2WNUO3	1
A1XSV3N0OG5CAZ	1
A1XT7IH20PTGMG	1
A1XTXOVDNMBEM3	3
A1XUQ9JM3H1N4F	3
A1XW6X6C3XW40S	0
A1XWETW84E5FXE	3
A1XWQZB1MOQZ7G	1
A1XY4GZM34RU	3
A1Y14Y8NZUZ0ZB	1
A1Y1OMGAPW1MBV	1
A1Y1R2OM46VJ30	0
A1Y21HXSYGRA8D	0
A1Y2AYSY037XYD	0
A1Y2HZ0FML388W	0
A1Y2QYOWYDVJ8R	1
A1Y392L3GBWGUS	3
A1Y3K6QIR6J81B	2
A1Y3K9CPWHLCCD	0
A1Y40NEXKJEG8Z	3
A1Y4J0M2CZ09DH	3
A1Y4MMX5049C29	3
A1Y5LKQWZOW0UE	1
A1Y9JUW2M76K92	1
A1Y9ZQ599M3OLC	3
A1YA69FGX75R9O	2
A1YACU65QLFK4W	1
A1YAOAODMN46F4	1
A1YBJU7XKQTD6U	0
A1YCDVBLAQQPZL	0
A1YD0PUG3AUNO3	2
A1YEDKQR5W8M8L	1
A1YEKHPLDN5O71	3
A1YEOQA0L0PJEY	1
A1YFCYL2L9L4UO	1
A1YGH7UJZIJXUZ	3
A1YGQQUV0FLF6I	0
A1YGUFU306JKGK	1
A1YI400AU32J43	0
A1YIDB3GMPZZN1	2
A1YIWB8X544YMP	3
A1YKSS16ZGY4UE	1
A1YKXVGAIA8952	1
A1YLGOE0MDS545	0
A1YN77JD9UGPPC	1
A1YNGTOZ2IVFE7	0
A1YOMY6FHEV2SO	3
A1YRA5W36NXVEC	0
A1YRAJG7SUPA71	0
A1YRC0DIWQP42L	0
A1YRIEUOGM4G7A	2
A1YVBO6YI1QJHX	1
A1YVM9MZNL46RQ	3
A1YWO04ZSXPIZZ	0
A1YWT44P34LAR7	1
A1YX3843CIG6UZ	1
A1YX63LHNYPAAS	0
A1YXY88TAV9F49	1
A1YYQ63RDM1IDY	0
A1YYQ9A9SUWE3V	1
A1YYSL3PH7DXQG	1
A1Z0W3M14L4LGV	1
A1Z105EUFW73UT	1
A1Z1I7P2VJPF4G	0
A1Z3GFDVI65RW4	3
A1Z3GFKEC8KXDP	0
A1Z4HOWAG4A0PT	0
A1Z53PLTUQQU3K	1
A1Z66QQ2488KKM	0
A1Z68PWFUR564N	1
A1Z7JCF5DK08Q4	0
A1Z8T7YSNO59M9	1
A1Z9XI85MV7BLO	0
A1ZA7UMA875WEQ	2
A1ZAW4FZM7XYFC	1
A1ZBUSXHO0SFJC	1
A1ZBWGVDBV8S14	0
A1ZCOCOEY3PE6U	3
A1ZD2MG9QFXDB3	1
A1ZDSGSIY5FTBS	0
A1ZDWXTZ7MX4WL	0
A1ZE56EBLYAKBL	2
A1ZF4FNG221WWN	0
A1ZG3MKRGGW9HP	0
A1ZGNTWEXZQ3XO	2
A1ZH1498KCF0II	3
A1ZI2AYFJISEGH	0
A1ZI2ZO17SDZOX	1
A1ZINFGYZVNGUA	3
A1ZITOFW9Z7IWR	0
A1ZIUKMDFL1OHM	3
A1ZL0PITHTAM0P	3
A1ZLPDPPBMH3L1	3
A1ZM33N42G1L4K	3
A1ZMX2RYULVVZ5	3
A1ZMXZMAUJQS6B	0
A1ZNLJOBPC9WKD	1
A1ZOCGJARI3QR7	1
A1ZOCNV3CK4DUQ	0
A1ZPCBLHVV19RM	0
A1ZQ0CXNQIIVGG	0
A1ZRS3DBW5L44D	1
A1ZT4GJ89DLOG0	3
A1ZW5OFLQA1QW4	0
A1ZWJHR7YWF6QF	2
A1ZX1J6VUZIL5B	1
A1ZX87BCU3WNOD	0
A1ZXFR9AH24IXQ	0
A1ZYIJPYNVEZPN	1
A1ZZBRG95I407J	0
A202DWE5FYHLI0	1
A203FDX5IAKC9P	1
A203RYA42K371Z	2
A2056RR3A17HGM	1
A205DDL86M34HE	3
A207NW1YKK0H1B	3
A207RLT8N2BK3G	1
A208Y1ZPM9OUNF	3
A209ELR648ZOJ5	0
A209EP68PG7OU4	1
A20CZDROTV0ROB	1
A20EKNRRZ4Q78N	1
A20GINPO6F5L7G	0
A20IGUW9N3ADFJ	2
A20JNN1HV82W07	3
A20JVK430FJK1Y	3
A20M6P1WSDHAOX	1
A20M7W2JZBBIL2	3
A20MFI0PI2GS5D	0
A20ONIFJT8G44V	1
A20OWBSNU4KIE5	0
A20R9J4TW4S0AT	1
A20RES3V77D9TK	1
A20RQY9I93L093	1
A20S5KFY4VQ0RC	0
A20TLYLGS0P4VS	1
A20TRVVKOF4098	2
A20V8KGOV6DEYG	3
A20W4OQ0BQD3VH	1
A20WR7CJMBV0GN	2
A20XGYMASAX0ZG	0
A20XT5P9XDAS8N	0
A20Y2LC00R7AF	3
A20Z8Z7GTR3ATR	1
A20ZWCGXB2J9TO	1
A210ER7EBXNG94	0
A2110Z8LPBTRDD	0
A2123TBM7KSABG	1
A212JLXYATFWKO	1
A2131HHBQQBY1D	3
A213MZDGNEIKB8	2
A21498DFIZ25XD	2
A214Y3OO4B5ZZS	1
A215LSRYATXVHM	2
A215WH6RUDUCMP	1
A2161FSD1VAOYG	3
A218P1ZZ09HRJ0	0
A2192UAAGWZSTN	3
A2198N0FLZ0DK3	1
A219IKX4D7G9T8	0
A219KT7U9WRW9P	0
A21AGX262NNTNO	2
A21AMFM92RKG8B	3
A21AZI216IU23A	0
A21B63X8Z71KBC	0
A21C32QDAH1P1H	0
A21CFQK1SB628L	0
A21CXMNADO5YCS	1
A21D7KM3E90RH6	1
A21DFVV53RHEOO	0
A21EUG156436HT	1
A21FGH67RH9EB	0
A21GR0S9JTR0XC	1
A21GWTPYSFAZ4P	0
A21H84X6WHII6L	1
A21HBPE68GLJSI	0
A21K4W6Y7S0T4	2
A21KQL7475TFNW	0
A21LKBH8OK46AU	1
A21M5DL9JK6AYD	1
A21MDWHYH73L3U	0
A21MGDYSC0AHL1	3
A21N0KP72IPLI7	0
A21N4CZ4VEBURB	1
A21Q6FBKF94YKX	2
A21QVQXNU3JIC8	1
A21SEHWKBOATQ0	2
A21T6IUEWO5D1O	3
A21TJNKNCNXSH2	3
A21TOXY3XEVAAT	1
A21TYD402HNF0H	0
A21UH282D38X42	0
A21Y7HM23J08WT	3
A21YOW8MYDOD8U	0
A21YX8KKSTZHPQ	2
A2216VU60C90VW	3
A221GFD4OXA04R	1
A221VEFEZQ0U5P	0
A2232CQQZTJMO1	0
A2236CRRK6PMEM	1
A225CJPPLYJZ8L	1
A227FZFWWJUPJF	3
A227HHHKPWE1OZ	3
A229FI6S2SHV5K	1
A229J0C7XKO40A	3
A22A539ZQEJVU4	3
A22AWU9NUVE0IZ	0
A22B4I0HXCP3OF	3
A22D3UU4WMIOR6	0
A22DOEYZWPF22I	3
A22DZ9HTW0ZUH1	0
A22EHQNVFKOQ56	0
A22EQFO1HIOTVJ	0
A22GN9ZQJ6MHL5	0
A22HX99ZGA9NF7	3
A22HY129CAKC2A	3
A22JY25I24NHQM	1
A22KWVY8JY5H3D	1
A22LGTFVO271ZU	0
A22NGWLWJ9VR5U	2
A22NIY0CY1N2Q2	0
A22OHJYZCLM3BE	1
A22PV02T6T5B4V	0
A22Q8AMR34XUQI	1
A22QZ3QZ131TFO	1
A22RIIYSPA3EDH	1
A22RLA634EOB46	1
A22SLZKRYVSL3F	1
A22UNIBY0F05GF	1
A22Y65FOGKAN6Z	0
A22YK7RDYOIACZ	3
A22ZN8MU7QJTFH	3
A230BAOGWVOS81	1
A231GG50LYYGE2	1
A231TIF54F0L7L	1
A23367UINE7CYJ	1
A235AIV45I87F2	3
A235AXM77WKJO0	1
A235T3W2AGSPFW	1
A236ICZRH93U33	3
A237AZXIP2KY7F	2
A2394RT0LN8QI4	0
A239NVXHBO8IT1	1
A239RVX6H8J55S	1
A23AHCLS1KMOCZ	3
A23AR8YZJAUQW0	1
A23BPKU2KYJ0J2	0
A23BRQWL8LNB37	1
A23C6JAQEGDI48	2
A23DVXX5QH4HN0	3
A23E8CHPRWJCKK	2
A23EBERRGAM3NK	0
A23GKFF9W41ETA	1
A23H2PFUJ98LDX	0
A23HUYO3IZSPF4	1
A23JVWAUD2SDBS	1
A23K4US7D40JSY	2
A23KAIPAUKT88I	1
A23LF105VHNS8V	0
A23LYMWMTOQ6TZ	1
A23MG20JMM5ISZ	1
A23N0FWO7ABIV1	0
A23NDIGVIP9DK1	0
A23O64XNKA7VED	0
A23PFA6UX8LS4K	1
A23PXI4JK9CHN2	2
A23QD4RP8P597T	2
A23S7PE12AIAG8	0
A23SLMJXRRRBQL	2
A23SXY6GX5JWS8	1
A23V73459729FG	1
A23W6JR4KB32JQ	0
A23WTTN75ARZEF	0
A23XM3ZWIBRHSF	0
A241B4V8U2MYKZ	0
A242A2GAN46CWO	1
A242ADDCE3YB3U	1
A244API0S26A5A	0
A244JVPE2J4JPX	0
A244KWUMBA3W8R	1
A245760V7HRK5A	0
A2467GVRVGNO0D	0
A246PV2Z74FIYU	1
A2474M8ZFQO1JT	1
A248XKSUCEDW7D	0
A249MRLYTLTAII	0
A249WP3E65N0CG	1
A249XXFLKAZ4KC	1
A24AJ2VO8LM7BA	0
A24B6PH901HGEV	0
A24D3WAE2W0PNG	3
A24DXJ2BLNA1OD	1
A24E59OG03WHAZ	0
A24E7P7NKBJRHL	3
A24HIT4QN62ISP	0
A24HPX50XSOTXF	1
A24I0VHH0ASOOO	1
A24I7BCY99FN5V	1
A24IY7F3DRYKQA	1
A24J7KJWWX1SNQ	1
A24JOBVN4UM66T	0
A24JP0OT1W9P54	0
A24LCUH8A45ASI	3
A24MXDMCBVK18Z	1
A24MYSR827PQ0Q	1
A24NMR8B16ST93	1
A24OZP0P0PYLC7	0
A24P28ZI2KYOX0	0
A24QG6FSVO4K8K	3
A24SRDH8FQXEV7	1
A24UCQNEYALC65	3
A24ZC7RQ67WMDG	3
A25070GK8UF668	2
A253VOK1WTCZDB	3
A253XRSWVFP8V2	3
A255RT71F8VXRS	0
A25705CYV57PFN	2
A257CDGEHX6ZH4	1
A258YU9YI00VQD	1
A259U7E2COXEE0	0
A25AC5CI7DK0MN	0
A25AIDHKYTECS1	3
A25C9U27SXVC4O	1
A25CMIJ3JMBW6J	0
A25CRTOY222CXH	3
A25D37LVHZUVHX	1
A25E3E5FU7HUGV	0
A25GF8UC4VTVNW	0
A25GSZDGOOQ8VV	1
A25HYOU4S3ERSP	1
A25HZAKTCS2PYX	1
A25IB9LLL0L6M3	1
A25J9EGIAYOTXP	3
A25KH23XDR0LO7	3
A25KPTGGUF0BLM	3
A25LHBV9QUXWY8	1
A25LL3OSC46ROV	1
A25N2ZUF6FAWWO	3
A25OV7S94LW3RB	1
A25QKAO7ULCAK2	0
A25RJSVPQBQCP4	2
A25SVT3HEO7GE1	1
A25T8DAWZZ0DY9	1
A25TMOO06Y8NNC	1
A25TSZ3A1XWTHZ	2
A25U2K34II1BFT	1
A25V6Q10SUARHA	3
A25VPN9XCWT64R	3
A25VRA4T6OF519	0
A25VVM3B9SG4K9	0
A25WR5DC38UMYS	0
A25XCXD9M89OUC	1
A25XJUNPZ5OTDL	1
A25YFJI1OGK44U	0
A25ZM6XJF321SC	1
A260TPR042L4T9	1
A260YYZR97JYDE	1
A261BI5JIC4TUX	3
A262FOYAMR9LFJ	0
A2637P59FJ47VT	1
A263N2G3QF5DJF	3
A263WX6JVGBKMS	1
A2648615MDQ1X8	3
A264FCSU1VTD1O	1
A265WVEXXDLO1R	1
A268GX819E8OUK	1
A269DFHQASF4EE	2
A26BKMX65FAZP8	2
A26BTE52VMT9SP	1
A26EMOWXR2HK7A	3
A26ERCCBFYUTZQ	1
A26G6Q83J73YOS	1
A26I6H6YXWIAMG	3
A26J72MXD4Y6MH	1
A26JCHHXW9I63F	1
A26JFEHBWAZQWN	1
A26KYZ3D2AQ4JL	1
A26NMR5AI4B2QP	3
A26PY2RWUJXY18	0
A26SW6KHYJJZWD	3
A26V21IGXOVRZZ	2
A26VZ7O4PTH2PM	1
A26WHR1IP0A250	0
A26WIF46Z89QXQ	2
A26X0RY1SFVMEC	0
A26YKAJ3BO35U1	1
A26YQC4ZZTQGY3	1
A26Z42KH1G73GR	0
A2706ENHRQ2UQ8	1
A271CJWRJQCMC9	0
A271JVDWL79L6Q	3
A2723ZQYYUQ9U	0
A274FMZ8SFXYBT	1
A276GC7AJCJDIP	0
A276OI0NHBYORX	3
A277ZKHUKDM2M2	0
A278544YHUSEZO	2
A2798Y4YPYWJRD	3
A279H607WCVUZQ	3
A279RDKX1XNBMK	3
A279VE807NPUK4	3
A27A285M5EDWK2	0
A27AOB1XTAK09Q	3
A27B9A82VGTQA6	3
A27C1BX4824DT4	0
A27D55ME4XBNL0	1
A27DFE2H759R8E	2
A27EDB6Q7K52G9	1
A27F47UWVXOV07	1
A27FARSD8FAP1F	3
A27FCEP5UIX1ZK	1
A27HAUPNO3H7LG	3
A27HCF3OZ24LEW	1
A27HGURKO0AN41	3
A27J7PUQUE92VV	1
A27JY7TY3ZSVD3	1
A27KG6FSBH6TWI	1
A27L2H9YEBOWHT	2
A27L4B7N261WS4	0
A27L93PTPEJAIA	0
A27LRZOWIMU094	3
A27MP3ZYBAA16T	1
A27PF8WSWHGYAX	3
A27TZ4YDT7P7D7	3
A27WEBGMCBKFDR	1
A27WGWACHNQUR4	3
A27XH49VOAK167	3
A27YO0IV0OU5YL	3
A27YPHTNU7N5AK	3
A2807R6LDV4WUV	3
A280JRMEBHA63S	1
A280S5HTVSGODG	1
A2814P4P36QHPE	1
A282BRS7Q3SXAD	1
A282W040URKOGQ	0
A283LMNS8BMWT4	0
A283WBHFSI5GRB	1
A2845ZWCLFBGKX	0
A28744D9LWDQA6	0
A288LKWW8MVA72	0
A289JRE05JZED	2
A28BU664L5P1I9	1
A28BUSZ21W1TCX	2
A28BXYJPLS0PYU	3
A28C31F55I84XA	0
A28CRRL613RMVZ	1
A28CWGOS6OX0A6	0
A28D2PDS4GDE57	3
A28D7XSD8UVJ27	2
A28ENZKKGVBIBW	1
A28F5OASAOTAI8	0
A28FTIJVL1CTA5	1
A28FX7L2EJLMZ9	1
A28HC568ZAWK1O	1
A28IX5U1QJJZU	1
A28K026S6WSABD	0
A28K6175ETG39Z	0
A28LD8ROTX88KH	1
A28LNO8FI24ANE	3
A28LRFTEK50WWP	0
A28MHJSBEP6EOM	2
A28MO3GGZRO2BR	1
A28MVRNXW7FSIA	1
A28N8VZZ1EKFDW	3
A28NM8XBGJT5MM	0
A28NS9DKMV22G5	0
A28NVBMY7BYBB2	1
A28OSPX458JSMI	1
A28P66W0O9ZKUZ	1
A28Q3FLRKEDISK	0
A28QG41Y4FCNHH	3
A28RRXYHN5O2TI	0
A28SP21NDEQAO4	3
A28SYHTF60P3JW	1
A28T5ZJRTHCYY3	1
A28VESZ9CUDU59	0
A28VN1TEOFON7F	0
A28XAER5QSTWUL	1
A28XNIJN6B9W0Q	1
A28XVLY0EQN2MF	1
A28Y4DAZH0VXKW	1
A28YO2O69GQ3FQ	0
A28ZF6PTEPPTW6	2
A28ZKCG5OBWUEV	1
A2908TDDK4065T	1
A290QIVZ2VWE1V	1
A291W0B9UZOTCS	3
A29381YVBY63P5	3
A294PK4PECI1FO	1
A294R4FRR559GQ	0
A296QTF8EKB2GR	0
A2978DGFRV01KP	1
A297UIZK794IF5	0
A297ZI01Z8BEQ4	1
A2989IMTLF7U8E	1
A298WOMP4H5T9Z	1
A299W6KRUXC2JO	1
A29BBNYZE4ZIQ0	3
A29BSPQDVOMA3R	0
A29C9WPFZE4Z8J	1
A29CEX7EC3C093	2
A29D65FWH0ZD24	3
A29EE27LHLT09L	1
A29F2Q0Z3DLK9W	3
A29FODEEM3VM5I	3
A29IPUP78065FS	0
A29K6TUUIYLCXK	0
A29KCTVXZRG8NG	0
A29LSGATWAUM6J	1
A29MFO6ETMVLW0	1
A29N6RFT5ZTTUO	2
A29OXYORFN5QI2	3
A29P1OBIEHPUNM	1
A29PSNA6CJ4ZWT	3
A29RMR90U6JCZ	3
A29RO41RJZEX47	0
A29RP9O56VNMYH	0
A29TL36GESM0P0	2
A29V7AY3IJAJ9B	0
A29Y0Y8VWEROMB	2
A29YCCRUAUI1HU	1
A29Z7C9GSCWJJP	3
A29Z8NXGXEZ3IY	1
A2A068K1JXBSUW	3
A2A14E58SERS42	2
A2A43BI5DHGHK	1
A2A444MFNFFYAV	3
A2A4PGN89KWH0A	1
A2A4S8F8QQSGNG	3
A2A6DSJKSCFMJ	0
A2A6T59QK9SGKS	1
A2A88BGQYPD7EH	0
A2A98DJIUX7JI2	3
A2AB23G799SOCU	0
A2ABHJIXLCZ503	1
A2AC5KC60PE0VG	0
A2ACFMXQ1078LA	1
A2ACR7XKH1B0HZ	0
A2ADDOEW5BLFOD	3
A2AF6CL98LM034	1
A2AFATE5ZW8KO	1
A2AFH2KH9N7VQX	1
A2AFQXEYAKY4E1	0
A2AGMUZ43ZL8GJ	3
A2AHO0MMRQXVTO	1
A2AILLFFQN5M7Q	3
A2AK6P8BDJ2BR8	1
A2AKL7LJTPFT82	1
A2AM70WPOP3E9L	3
A2AMO4KH9PJ0OF	1
A2ANRBHK9UJHKU	1
A2AOFXI2TZYD0G	1
A2AOG8Q9N9JTEN	1
A2AOPSMS5FSRFE	1
A2AOQB0A54PSKB	0
A2AP3QDAN4W0XK	1
A2APVMB58WV0W0	1
A2ARK5MI1RMJKI	2
A2ASVRN1KDTEOD	1
A2AUI9LDKF027R	0
A2AWAYE3KQEWH9	1
A2AYFAXCNR13TP	0
A2AZKFVF4GI1F2	3
A2B082PZLAGGK5	1
A2B0HKH4R1U0W1	0
A2B3ETUEO92UHL	1
A2B3F8KV8YM464	1
A2B3QAHKAQG24Q	0
A2B63YZK4XZ7KR	1
A2B6I0N8RNAQXJ	1
A2BBAQD4Q09ST0	1
A2BBJDIAPMDVVH	1
A2BBPHC164R85L	3
A2BBTUSGELCQSE	2
A2BDIGT1P6QLBS	1
A2BEW9FKWI2YRP	0
A2BEZHB27P0CKJ	0
A2BF93ZTKU2SEF	3
A2BFI4VU0T6MN4	1
A2BFXDXGTIXQG3	0
A2BGDQG2D0EWXA	1
A2BGDV09HCHX8E	0
A2BIRIDF97YOD6	1
A2BKKLG58YOVZB	1
A2BL9QEAPA9CEQ	1
A2BLKOR5GXPZK9	0
A2BLRLS5FESGBU	1
A2BLXXYEJTKBNI	0
A2BMCRKZRWEVLG	3
A2BPRZHPCWV4YX	3
A2BQ4HQMZRS9YU	2
A2BTOLT9WP498	2
A2BTRW34QUV6TB	3
A2BUPFYUOFL8WH	2
A2BVLSQDYFTTQ0	1
A2BX7HJMXOAL94	0
A2BYYM9JM3OAQE	3
A2BZCVYU5J52OW	1
A2C073PJ0TJAMW	0
A2C0EFOD7YDTDQ	0
A2C3C4IOF7YZW7	1
A2C3RLEBRBPR4T	1
A2C4RPGFJE10FU	0
A2C4ZV70PRW69J	1
A2C6PG2S4T70I4	0
A2C728305OOX52	3
A2C7AZLCGYGD5W	0
A2C86TN68R067Q	3
A2C9NF3X1YZHQE	1
A2C9XE9I8RSKNX	3
A2CB8699VOMYQ2	0
A2CBIKH1AXZ0ZE	3
A2CBMUD5V3HTRJ	1
A2CCV588JDYG6Z	1
A2CD4E8UAGXX7I	1
A2CDT1DWLX5W2J	0
A2CFMK9NJZZWEQ	1
A2CG6QBJH7J17E	3
A2CG7C9J02H5K4	1
A2CGB8JA86PWQX	0
A2CGI9IB8WD9I4	0
A2CI2QWYK2VY7S	3
A2CIHH2KQBCC4K	0
A2CITM7RP1DPOW	1
A2CIYEXKAAMPTU	0
A2CL9VNOYV94NE	3
A2CNI4NIE47N9S	1
A2CRA78B29VDRP	2
A2CRJY02T11NSG	1
A2CTT2SNYDN15A	2
A2CUK5J2T9GVB3	3
A2CULODPKOX770	0
A2CUSRODI1ZZD8	0
A2CV29K4PINS0N	3
A2CVLGXNX6DUH2	0
A2CVT5Y1WY3XZQ	0
A2CWNOKHJJ0MIX	3
A2CZSYUNBKIYRY	0
A2D0B4OROR70F0	3
A2D0JBYRRQW5O6	2
A2D1HV7JMXM6SM	3
A2D25QEO9ROKR3	1
A2D59P4YEU4D9Z	1
A2D7L2YX25O25R	1
A2D7L3RMF0KG8H	1
A2D7M6XY0R30F3	1
A2D8A30L3ND4SJ	1
A2D9FK8499ZATU	1
A2DBL7DGFEH8N0	1
A2DBOHSX70Q826	1
A2DBQDNOYFIFWC	3
A2DCPQ5NPDVATD	2
A2DDCPW9FJPV9T	1
A2DEGVQI9GU35X	2
A2DEMROKYTYIJ2	0
A2DFNZI7E8AWMK	0
A2DGM44F246XMB	0
A2DGW5KSCSL8HB	3
A2DH598MCF4K0J	1
A2DH7JUU3FTTE3	0
A2DHJ07REBFROR	1
A2DHOCWHU86K8Z	3
A2DI2TNAS3X4ZH	0
A2DIHEECPMD49T	1
A2DL9K3V0ELM3D	3
A2DLX5MRPE7ZWZ	1
A2DMNZ99B4Y4TZ	3
A2DN2QQ838XEYX	2
A2DP0A04WM5H70	0
A2DP0PUH88TLZI	3
A2DPKRSTUYPFHN	2
A2DPYMNI2HCIOI	0
A2DQ0DXZSO3SD	0
A2DSUD4EVD9CUI	1
A2DT5HCJXCZRLF	3
A2DT7HP9843YOZ	3
A2DTA3P6BGNF1Y	1
A2DV26BHIP0LOX	3
A2DV3IYXQTXCGN	0
A2DVOJL4VCOYVN	1
A2DW68SEZMKB0O	3
A2DW6ITKD576FH	3
A2DWVDPDXQKBUO	0
A2E1OG9ON0YR64	0
A2E1RVYF6RNABV	3
A2E1SZQY1TDY70	1
A2E3HYPS9DH62Y	1
A2E3UCNYNRNSLJ	1
A2E46P0SS8WDZ9	0
A2E5A3PR0RZYRZ	3
A2E5FCIDSHH99M	1
A2E6MYBYADEBAA	0
A2E6QO11G6WEO5	1
A2E8OEDYD88CN0	3
A2E9IC8HAGA60	1
A2EB86ZJM56VQA	1
A2EDK4ADMVFSCN	1
A2EGA0XFAMQ5KW	3
A2EI9600UB8KAB	1
A2EIZNVK3KLY9	3
A2EJLPLDVC63RO	1
A2EJM34EU9RPXZ	3
A2EKOJIR40T2D5	0
A2EMAH6W8HWI7Z	0
A2EN6X2K3QSNHF	0
A2ENZHR6N5WV6S	3
A2EO861RUX325I	1
A2EQUW4TC99ZA	1
A2EQZ4M0K51JNZ	1
A2ERCP8FQB8CWK	1
A2ES9PH17RXCUP	2
A2ESBVPSX218FM	0
A2ESG4AYM4Z6AB	2
A2ETX98XZ0BWBH	1
A2EU4E3K9C0PGF	0
A2EUV80716U1XQ	1
A2EV5VS4518MAQ	1
A2EVIFKNK52IS4	1
A2EW4XFJUQH5AO	1
A2EXLS21H7FVCU	0
A2EYATCUMMA9L5	3
A2F06AN5TRPWY0	0
A2F2L3CTO74OZD	1
A2F500MCE6IGNF	3
A2F50MUHDZ2TP1	1
A2F6BTPUF7O62N	1
A2F6RJR0DA5AC2	1
A2F75M4NCPD04O	3
A2F7DP3P4YNFH0	0
A2F7XC3U9313QX	3
A2F8BUVXV5S1GV	3
A2F9NKPLMERSHS	0
A2FB0490KA5SL3	3
A2FC2RUX0QZ312	1
A2FCKMO78F5XJV	0
A2FCRALRRAMKRE	3
A2FDYSHQ5PB9DU	3
A2FE37O05J3UE	1
A2FFIN09JYYSMJ	1
A2FGRIG9GI96AW	0
A2FH61AZ3ZQY8U	3
A2FH91MAO2WBAQ	1
A2FIOUGLNSAO5B	3
A2FJNJKTLMAAYP	3
A2FMWIQI3D8JSZ	1
A2FNK8AS8HD5TC	1
A2FOS147TETKTH	3
A2FRHSW3ET3Y2F	0
A2FSDZAQPMJO3	1
A2FU6FIPCQCYM4	0
A2FV2M9MG76NB7	3
A2FV9630WWGLCG	1
A2FWA1B087BULH	1
A2FXD3EL41H2O	0
A2FXKTDEEQX8P3	0
A2FY1N895HNFJN	3
A2FYBHC853YRNA	1
A2FZVUDXBZC095	0
A2G6BMA5OKOVG1	0
A2G7LC969A6K2H	3
A2G9AVNR3TJW7F	1
A2GAHIZ331C9ND	0
A2GBU89DKRU3UW	0
A2GCC5YRF2JR4P	1
A2GCGZAY6VCE7T	1
A2GCYV3LNT3TUD	3
A2GDJSW4FDQQIO	1
A2GENIMG7TOA48	0
A2GF2C8AFX5FBG	3
A2GFNM8Y3BJ7HV	1
A2GHJJHYSS82FM	1
A2GHTBHQ7G1A4V	0
A2GI5V57YC9KTN	1
A2GIBOQ7JL6JZX	0
A2GJAVB23HVUT	0
A2GJCEYZ6GRHAV	2
A2GLL4L3HLBJAA	1
A2GMP2B6MWIB3R	3
A2GN239BLX4LU9	1
A2GO5LR4JLRHVK	1
A2GO884DHHQBOL	1
A2GP0C7V05RIN0	3
A2GQJQDEXBI2SG	1
A2GRE8ZPYX9W4K	3
A2GRXUCI9PCXPZ	0
A2GU2QI0OZIKAD	3
A2GUQFWVAGY0EJ	0
A2GV204S0WDMYH	3
A2GXIHF1NLTSI2	0
A2GY3HMW1YXPIC	2
A2GZSB8AH0PD7C	1
A2H1UZ17P8YBW9	0
A2H293POT5OW10	1
A2H60YTE5004XN	3
A2H779E1L8MCGG	1
A2H8FB4P5X372X	1
A2H9FHZWCTJF54	2
A2H9FZQOYXA09U	3
A2H9M1OH2RAU3Y	0
A2H9SQUMD92WU7	2
A2HA701UCR6LB4	3
A2HBR0CYRJU2KN	2
A2HC9549CZAKNN	1
A2HD74853D2HQY	0
A2HDMQXSSL8TE8	3
A2HDZKQHZHQEL3	0
A2HF4NJ8NUE870	1
A2HHD9IDAQF323	3
A2HIFGGSUCF7J4	1
A2HIIBG3J7RUI7	0
A2HIW9DUO6RKP2	1
A2HJ31CO884JQ5	1
A2HK9SX7GRT1LN	2
A2HKKAZE078N92	0
A2HL14WZ57ZC9W	0
A2HL6P2ZFH6TKH	1
A2HLHLKBCZ1WB5	1
A2HME9433G8V5U	1
A2HMXAN3P0NFLO	0
A2HOF5IMCZGV3V	0
A2HOS9SO6JL5JR	0
A2HQVR914YE3SP	3
A2HRUFY876QCWH	0
A2HSTO50X60C80	1
A2HSXV0QV1DS77	3
A2HU37RO6RKYAV	1
A2HUAPR2J2HUQK	1
A2HVLI3SKTP5WC	1
A2HVMZLMYU4QA0	0
A2HXD5OH0070LB	1
A2HXNQB6LBDQ0B	0
A2HYJOEPSMC7L0	1
A2HYTQLQ7SEX72	1
A2HZS2OICQWKEM	1
A2I1L1S3B2OXU3	3
A2I1QS4PTJFN0S	1
A2I3SQUVOONC42	0
A2I53PLVF1ER5B	0
A2I78PMBI9Y0GD	3
A2I7BUMXKSST97	1
A2I9V9HPJD4WK4	0
A2IA4AYLYKLR5E	1
A2IACU8LJ1FCKE	3
A2IBF31N8P9FPJ	1
A2ICEWCM31W961	1
A2IFLNOFGRH13R	1
A2IGLATWMJYCYR	1
A2IH0O5X0TWT5J	1
A2IITI3O6ZF4ID	3
A2IIXO6THYA8BE	2
A2IKHGC1RVX7TV	1
A2ILXO3ZV6HQF	0
A2IM89AA64K1SK	1
A2IMYZ54W6IDU2	0
A2INEH3N5DRDLQ	0
A2IOKMMA3HGLHL	3
A2IPDJJ88CB16D	1
A2IQKZ4060UDZO	1
A2IS3IS98I9T73	2
A2ISV6744ABZUL	2
A2IUJZOOUSTG85	0
A2IUOX3GUQ22XH	3
A2IXG2229IGNHI	1
A2IXZUFWAEY2T4	1
A2IY81PXGFK0JV	1
A2IYO937PQT7JF	1
A2IZZTY6CZURJW	0
A2J0CTETNN8DKB	3
A2J10C3JIZM24E	0
A2J1BJWQYXG7EW	3
A2J1I2CXUX1UEV	1
A2J1NC721YS9UC	1
A2J21EGH29YJ1	1
A2J2V674PVLRJS	3
A2J34PJ2JE9WUE	3
A2J3508QW4OLS0	1
A2J3B67R5ZIJDZ	1
A2J3EQB87H8VL1	0
A2J53XWYRIIPMY	1
A2J68NTO7GH7NQ	2
A2J6G8GKXRK6XF	3
A2J7ERNF903OQB	1
A2J8Q36BOUFFNA	1
A2JA611Y2J047T	0
A2JBG6MD5Q9DJX	0
A2JC3NNXBTY45E	1
A2JC93E53HSB4H	3
A2JE3P1E5TOED4	1
A2JE7Z4WLPNHOV	2
A2JETP3UTVT56P	2
A2JHONU93QXUVN	1
A2JHVTC8LYMZ21	1
A2JIDQE50MFC85	1
A2JIQNP8QRDPMY	1
A2JJMYPDN2BTZO	0
A2JJP1A1AJ90F	0
A2JJT2SCXJAW9E	1
A2JL8UJKNLRW4T	0
A2JLUMPKC0YGCE	1
A2JMFIGCNFGBS4	3
A2JMUZ3VRLCEAZ	1
A2JN9A28FP3029	3
A2JNHUPS45GYXF	1
A2JOJUDJ68IW04	1
A2JQIDTFKJ5WG1	3
A2JRFQ963WNW8A	1
A2JRVWOTFD6G7	1
A2JUIDRNVZA762	1
A2JUKRO8OQJ8WP	1
A2JWIBS1O074VF	1
A2JWUOKYP41OZQ	3
A2JZMI5DXIE5UP	1
A2K0Z0B8U8T6MZ	0
A2K19R6A9JGL30	1
A2K36R7NE7NNAN	1
A2K3QJDYFC0NTA	1
A2K41Z0ECLHY9P	1
A2K4UO6NP0GXPX	0
A2K52594UUAD4I	0
A2K6BNQKR28ZV2	1
A2K73PMM1ML9XP	3
A2K7YAK9S4Q3VA	0
A2K89R0B20LYHB	3
A2K8WUQ4FIY3LC	1
A2KANK5518AD9F	0
A2KBN62RUMCHVL	2
A2KBPS2RYYHP39	0
A2KCJS3GSPNFWG	3
A2KD5M5FJL5TL4	1
A2KECBF222QWAL	1
A2KETUOZTO0MN9	3
A2KFIDZX7GGBSM	3
A2KFV5TJKOXOB	2
A2KH3EOZO3DRCO	0
A2KHBJSHTZ3Q9W	0
A2KIAQ4FOM5D16	0
A2KIOQJ0W5C3MZ	0
A2KIWYYAYC1PBJ	0
A2KJ2PFMWTF7X0	1
A2KJSDC63JJQHS	3
A2KLQ1RFE766AH	3
A2KMKGZDQYPSL8	1
A2KMUPCPKW3FF5	1
A2KNN1DSGPCBT3	2
A2KOTS2XHEYQGD	1
A2KQ6ESTBMYUFX	1
A2KRAY870885EI	3
A2KSWKUXXEVPQP	2
A2KTUCSS5IZY2X	1
A2KU03VFQC2KLI	2
A2KVV3SUFDDC9D	3
A2KVZVNVVZHJLG	2
A2KXK6A2HTUA0Q	1
A2KYIOEIZSEYND	1
A2KYOR5EASK16W	1
A2KZ94JX3BC69X	1
A2KZH4F3LQQ0DD	1
A2L0BO3OSZTBAW	3
A2L0NZR1CSYSBP	1
A2L33HCFPJGFRB	3
A2L3G63Y2MLM9X	0
A2L42MFTXGE1IP	0
A2L6XW6AXX8YGW	3
A2L7GPE64XQPU0	3
A2L89T3NV2FRL5	0
A2L8S5WQVDFKB4	0
A2L8U68IAEIP6D	0
A2L8YJNGOWSGGZ	1
A2LAB1YMHOH64Q	1
A2LAFF9GH20G6N	1
A2LAK8O4OWXA18	1
A2LAL31VZDG2NZ	1
A2LB4SYC5S70K9	0
A2LC7FIQME5SIG	1
A2LCDZHW8ORCWL	1
A2LCHX9OHYTWRQ	3
A2LCO5FYZVBMFP	2
A2LD6M3DK8PL2K	0
A2LDMJWK8U2PKD	2
A2LDTYS4YLY6V4	3
A2LFRGKNR7DZ10	1
A2LI1L5F9KD4LF	0
A2LIC1YVQTCDRD	1
A2LIZ2DG80121W	1
A2LJDXBBU6AZJ9	1
A2LJWZL116W226	0
A2LK605QEN6DOP	3
A2LKLSFWFPPPEN	2
A2LKXDUWPIZW5D	3
A2LLH7NFJ509AJ	3
A2LLHYSLU0JNJK	1
A2LMMTNP90CP9T	1
A2LP752IFMLJ4B	0
A2LPAQLDAMP375	2
A2LPN2ZMYB0LKC	0
A2LR3ODIU71J9I	0
A2LRDTSSP3RVFE	1
A2LRNVBGWD8XM	2
A2LT415W6AWJ72	1
A2LT9FARQA4X7H	0
A2LVFH8I5VQOFR	3
A2LVQ5M00EGJJY	3
A2LW17X1M2MBFZ	3
A2LW33IXXGVD34	1
A2LWE8MABOS985	1
A2LY4B3VOG7JQC	3
A2LZAJO6RYN95F	1
A2M09BHDVE406A	3
A2M0BULBK2X2UE	1
A2M16O583JKSJC	3
A2M1BQY5353PLW	0
A2M1C32PDH32C7	0
A2M28S8CCW8CZW	3
A2M2N3Y0KGS4YO	1
A2M342YYA5TND9	1
A2M4J0UXBY45CW	1
A2M5XWQP0C42F3	0
A2M62T5QA53J2L	0
A2M6F2XO9S2ZQJ	0
A2M6OFCY3WGQZH	0
A2M6WHDTBRLXY6	1
A2M7BBYQJBLRYM	1
A2M7NC7WRDOCEJ	3
A2M8Z8T9ROUOSF	3
A2M926OQF24YSY	1
A2MCIK7M605H91	2
A2MCK35CNXXHEQ	1
A2MD0UHR86AL3Y	1
A2MDNT3KJDNPFS	1
A2ME5GFRYH4KB8	1
A2MFLA06HVXNXY	0
A2MH4ZW9OPFI8J	0
A2MHG3QNBXIQMK	0
A2MHQQRXQESSNG	0
A2MIBJH1OY801O	3
A2MISCPU9A4V25	1
A2MISNDANNRUSI	1
A2MJQ79TLFDO1L	3
A2MKM3QGS58TWT	3
A2MKNDMCP3S8O	3
A2MKZEEZ4FQYUH	2
A2MMO1P2ZNEUNF	0
A2MMRDMCD46847	0
A2MN0JB4EEWMNV	3
A2MNIQ5GVSJML7	2
A2MQDYRPFM4XUF	3
A2MQIAOWWLFEL7	3
A2MQSRO70U8SW2	0
A2MR44QNQ84PB4	1
A2MR82LDOMM09H	0
A2MRATVXMMZG7P	1
A2MTN8CCISKYE3	0
A2MUGFY21XMITL	3
A2MUJKZKOFKGSW	2
A2MVKJW55XMRW3	3
A2MYPK1UMBJYGO	3
A2N0QD6JU3XEWI	1
A2N1GN7JOBW8ST	0
A2N29Y2SJWS7IR	0
A2N2KJH88J7E49	2
A2N30Q9DG5OGDI	1
A2N3OSHOOOD2O7	1
A2N50F3KYZ6DQX	2
A2N591AS0ZXH4Z	3
A2N694T4MZLKP7	2
A2N6NLJWTZYHSW	1
A2N6ZCRHOSOM0Y	0
A2N87WT6P0BH3F	3
A2NA0YK3927W66	0
A2NBHOZ1BDLUI1	1
A2NC99P63BOYD5	1
A2NCIAMP6ENHIR	0
A2NDC2PMI4NI7X	1
A2NFBAP0ABD4NT	1
A2NFEMMHMTA7VA	1
A2NFXCZ4B9MP5G	1
A2NHUF98SMR2WP	1
A2NHZ6WFN0NZRY	1
A2NINSH0QZ6MJY	1
A2NITLEQY7EUD0	1
A2NJ5PYO5FGYC	0
A2NJ7DGM5HGGJ6	2
A2NKAHI7LTAGEX	0
A2NLU5NARR8V3U	3
A2NM360U09Y1XY	3
A2NM6383S01M2N	3
A2NOGCH2GBG7CD	3
A2NP4B4KRSAQ88	2
A2NPBE5JEBL06	2
A2NRAZ3FG470N3	1
A2NU00TU04EHOF	2
A2NU3BA05436HK	0
A2NUVAN6PJ05QC	0
A2NVXXITHIAZRL	2
A2NWFDJ9F3TTXK	1
A2NWSYZI2SCD3A	0
A2NX5JCZQL04OE	1
A2NYDOJV6HIRW8	0
A2O08J1QZPCO53	3
A2O0CFHZ74EYMG	1
A2O2L7ATRQHNL1	3
A2O2LU58PD7Y16	0
A2O2UW6N8G34OY	1
A2O3MFN4GYJC99	0
A2O4DDVZ3KLBLL	1
A2O59ABAZIE8UT	2
A2O5OF57A3DIIU	2
A2O6UVCFSA3YW3	3
A2O771ZZ73YBKX	0
A2O7WPLWHD2A4D	1
A2O87HRBT3E0JI	1
A2O87QMFC0MZK	0
A2O9FWNNGWV21Z	0
A2OBBINFA5QUIC	0
A2OELM5C7NM93R	1
A2OIK2V7DDM9V6	2
A2OJD69H9QAXJK	3
A2OK7M30PFBC10	0
A2OL32GN3UD72	0
A2OODZPME5H74	1
A2OPA38VZ4N7S6	0
A2OS7CFQI4DWPT	3
A2OS7KLNYWSVOF	0
A2OSRM3ITIKWNS	0
A2OTERY3VLJSSK	3
A2OTUAAJXJH1D6	3
A2OTYQYUZIVC9	0
A2OU3WEO68RB26	2
A2OUCODZYS4NRP	0
A2OUFTL8ZWGISZ	2
A2OVXMSS2IULHE	0
A2OW7FDXMHKVQ6	0
A2OZX3OTNVMPWF	0
A2P13Y04B5L31B	1
A2P3JLL79ZOBLQ	1
A2P3O1B7QPP10Z	0
A2P4DHDYC1AMTY	3
A2P57A14VKC7GU	1
A2P7YSXI060RDO	3
A2P8TGCH2XVL66	0
A2P8TZPCLQDYBL	1
A2P9Y5JTTCUV28	0
A2P9ZJUBMADXG9	1
A2PANYWZGT90B7	3
A2PBC3HH1Z5R68	3
A2PBQLY8KO88WJ	0
A2PCWH1SPAN1DG	1
A2PEA7A64DYTNB	1
A2PEE7FBVPL8HD	0
A2PF2T5GN744F7	3
A2PFXCWN5QYAD	2
A2PI6FHTP5YQ7U	0
A2PL30PQLEQ6C5	1
A2PLGB52VCSYHG	2
A2PMCEIA67VQEZ	0
A2PMW3T8QQNPD6	1
A2PNH9C7AWEWHA	3
A2PNPCMQ7FNHAG	2
A2POMW08SMOHH7	1
A2POVKL934OT4H	1
A2PPL34DWUTB14	0
A2PPNABXKM7DE2	2
A2PPOF6QBF3GWF	2
A2PRFQ9MDSLK2N	1
A2PTYDIIIQVTU0	3
A2PU9KAGYDFZ02	1
A2PUKKR4DET389	3
A2PVSP7PCQU4UX	2
A2PYVK9H6NHTMM	1
A2PZG4KQZ455DI	0
A2Q3TBWF965P49	1
A2Q4JU8UYM3W31	0
A2Q5KKJGAF9E07	1
A2Q60I4JNZ1P1M	1
A2Q6AABHRCMLBO	0
A2Q6FMFF2KXXY2	3
A2Q6IU3ILB5CO3	1
A2Q6Z7S6HQ58NB	0
A2Q9OFBZOJP05Z	2
A2Q9RO85EADIXT	2
A2QAQZQWFFLV5A	1
A2QAZFOEY0SZYY	2
A2QCE7L6GRE3MT	0
A2QDLD9UREGHI9	1
A2QDOJFFLFGF18	3
A2QDQY2ZKZGLN2	2
A2QDS7ZO9INPZB	1
A2QEMJXZ5SDTZR	0
A2QERG8P939P4H	0
A2QIJ84M3E16N	1
A2QJAZ43HK74KF	1
A2QJMAL2VIV9D0	2
A2QLO1L4XOHI84	1
A2QLRSBGITM8TF	1
A2QN1A5JN9NZI0	2
A2QNM8YZ6OBSV0	1
A2QOK43CTC77O7	0
A2QQEHL6JLLLQ9	0
A2QQV21I70LY4G	0
A2QRGPCCU0S9J	3
A2QRL999DVZPSO	0
A2QRM4CRZCAP2D	0
A2QS5MH9OXXNV2	0
A2QSUL3E2L4J5	0
A2QU3RM2DRCWST	3
A2QUZW3Q5H15JP	1
A2QVFYN58BPSEF	0
A2QVJ9ZXL0CI6T	3
A2QXD7XQCO6OR3	1
A2QXHPM0C3SZAS	3
A2QXOFMLFC3RQH	0
A2QXOKMOWCLOLU	1
A2QXUI9SHGV5FK	3
A2QZ4P8K3V0A0D	3
A2QZ90Q889GBUP	0
A2QZHJW8YKPFPD	1
A2R0HWI0UCBF60	1
A2R0N2DRQN9S0F	1
A2R4SW1ER36HE1	3
A2R51RW9V2YFPY	1
A2R6RJPGA0FP1A	2
A2R6U4HKYIHBYG	1
A2R82YPVG1PL8P	0
A2R83K7G8KL9J0	1
A2R9783GSTVYRV	2
A2R9RPBWX1XD1Q	0
A2RABF5RUHSTBM	3
A2RAMS00HMU1Z	3
A2RC7DLS5VAD3W	1
A2RDNAE5UN4L4H	1
A2RDTC0U3KFCQI	0
A2REIU20P3S7SG	1
A2RF0BZ7F5G4E8	1
A2RF72UWZCHYT5	3
A2RF836ZH9YY9	1
A2RJRFM18MDY22	0
A2RLBMJSNLNTVB	0
A2RML4BFVKSUBM	1
A2RMU7NKP03L0B	3
A2RNGHZ63V1M8C	0
A2RNJYW49YU6FS	3
A2ROKGK4D2EDEJ	1
A2ROKYZED44CTT	1
A2ROMADINM8VU6	1
A2RPW05DNXSBNE	2
A2RQ5HGH6N1EEO	1
A2RQVB09DQ0OV0	3
A2RRAOUW25CRPB	1
A2RVF4TMYZVERQ	0
A2RX62V4E2BF5Z	0
A2RXAC4B9YUT6C	0
A2RYWPOL4NN2KG	1
A2RZ1ZJG8YVU0K	0
A2RZ54LE8GYN8R	3
A2RZI744V1T9N0	3
A2S1079WE4ZXFR	3
A2S1FYWPGG5U86	1
A2S1XKY0YU2JP0	1
A2S3RCK4NIK0J3	0
A2S5DZEDIN5H7N	1
A2S5SA0JY1KO6G	1
A2S60MDUVUEYJS	1
A2S6C5P0MBDG4M	1
A2S6QCNNN8AK91	1
A2S70D24JJFM3E	1
A2S752ZZ282FPT	1
A2S7FT6OY8BBWB	2
A2S7QBNJLRPHRC	3
A2S8JL4M4VGQO3	3
A2S8SX1KPEHJK1	1
A2S995OW61X7AI	0
A2S99XJ7JQYF5M	3
A2SBH53IKT3LH0	1
A2SBJJ6BBS7T1W	0
A2SBLSNCAQVF44	2
A2SBQKB157P8ZJ	0
A2SC408M9J0AVO	2
A2SCS9GTZL5R20	3
A2SCYE452BZPNM	0
A2SDI48I98LSOK	1
A2SDZPRFOQMCAL	0
A2SEJ6JXNV34A4	0
A2SEM50I6OGUHW	1
A2SEVW3YHC1SZV	3
A2SI59BONCJKI0	1
A2SJ3UT5ISWBEN	0
A2SLOV8W3VU5DB	1
A2SLWJ1BWO7P4E	1
A2SMO4OCGLZ9BX	3
A2SNZ4KSF02L71	1
A2SO0AJA22N3JZ	0
A2SO42MWOS07H8	1
A2SO80MI0U1JUF	3
A2SPHLMD8JCYT7	0
A2SQWO11UKI1LC	0
A2SRWRJ2QZGTOE	1
A2SS5WF0ZKK275	0
A2SSRPEXXK6T2E	1
A2STAGYTU056LR	1
A2STWPJKEK0E0A	1
A2SV3QNPJRK9T5	1
A2SVY939KDBOPD	2
A2SWKBZSPA5K6R	0
A2SWWTT0M42KEM	1
A2SXKD3SL11OQN	3
A2SXL7JXDGMI4	3
A2SYNEKZX2HXOH	0
A2T0PN8JZK2DEX	0
A2T2DIXT25Q9S	3
A2T5Y8LR73LYSK	3
A2T71SZG524VBT	3
A2T83XXA4GNC4W	2
A2T8C6FAOX27ND	3
A2T9NHQTTK0TJA	1
A2T9QUVB3MRI2N	1
A2TA5XWB16ERL9	1
A2TD4I2POBORSQ	1
A2TDHTHD0WPAFJ	2
A2TF837E1VEKZJ	0
A2TFF05JW5AD7T	2
A2TG8DRZ8ZWAPR	2
A2TIE7FVRJW0X5	0
A2TIVKV31JFZRX	1
A2TIW6JMKSAUQB	1
A2TIWZ8F5BOX1H	1
A2TJX27IK92EQL	3
A2TMHA5MJ4YRBZ	1
A2TN29AA0A4L92	1
A2TN4RJR8PELZO	3
A2TOA4FHN3UD7Q	1
A2TOD0LJGVAJ0R	1
A2TPI1F2KOXASK	1
A2TPTVKVAKZG61	1
A2TSHN76J96KR6	1
A2TSK9Q2YF6J6Z	1
A2TSN47U6MD1G4	1
A2TTJ463QD549L	1
A2TUNPD5XGKTZA	1
A2TUSIPOX6U2N2	2
A2TWV823B1HLL4	2
A2TXB83140TH5I	3
A2TXBGZQQHUKYC	1
A2TYM2NABXVIJD	1
A2TYNVKGWAY3A3	1
A2U03VJTKU96ED	1
A2U0TX0GK9MZZ0	1
A2U105505X3K8Y	3
A2U1EAHJEMTG6C	0
A2U2XJIECES4UL	2
A2U346RWJXXYBR	3
A2U3P9L2MNVKB9	1
A2U48R4Z6WOMQZ	0
A2U4UG0E9LY5DB	0
A2U51T1TK6CYX9	2
A2U5GIOTY4H1BU	0
A2U6MOQI8C1ZA8	1
A2U6WZ2ZHFDI8T	1
A2U734KPF19WNH	3
A2U8IWOFOL5A4Z	0
A2U9E2FXR6C9BO	2
A2U9HKGBUHUR1X	0
A2U9NJC0O524JN	2
A2U9RGJWHSVE6H	1
A2UAR03O6BC124	0
A2UAR3GBRGVOG4	1
A2UEM0E6JZK0Q0	2
A2UF3D96TBYYV3	0
A2UGM4ESKX4JYJ	1
A2UJ8H44RK0E4I	3
A2UJK3L2Y4AEZS	3
A2UJP5J8QKUFMB	3
A2UL15CMBEYDNE	2
A2UMDOG27YEQPB	1
A2UMQYMN4EF161	2
A2UMUPXVN7C12B	1
A2UMWF2Y0ZVXKH	3
A2UMZZKTCWG0E5	1
A2UNJOHMSNMVQ0	3
A2UPCFL0Q584Q9	3
A2UQ22Q593JFGS	1
A2UR1HHD8R2MTG	0
A2UTM2CV3USHRK	0
A2UW2ORJAPY6ZG	0
A2UW8BT3ECYVTJ	3
A2UY85D4K93R5L	1
A2UZRWA1P6FUNK	1
A2V04A3F18W0WL	3
A2V186WTE53G9H	1
A2V1MA71VCFWXK	0
A2V1RX3OTQQ9AS	1
A2V1TD9TL6M1ZN	3
A2V3IWTL8GPUZB	1
A2V647298RNCE6	1
A2V6CFQ7LQGC9M	1
A2V6QAM3B4TBGP	1
A2V7LJGTR5XN0B	1
A2V8X62WASC75W	3
A2V98YBD3SRVG9	2
A2VBDMX9W6GKIE	0
A2VBZ2YOWDFB7T	3
A2VCGDE810CAMX	0
A2VCHV5C0O3UZR	1
A2VEQTQC0N7T6Q	0
A2VEX3K4QF3T6F	0
A2VF9VXXYYH2TY	3
A2VFEY7LF1P0XC	3
A2VI3F4S881Y3L	3
A2VIYMFXKZQ9AW	0
A2VJZYYEVVU4WH	0
A2VL5E0110WF5T	3
A2VMYHBO4JHQFN	1
A2VOS9U5TQXKAG	0
A2VQKZ0XRVX6PB	1
A2VRNS4EBSHS90	0
A2VTKJNGU3KDO8	1
A2VUCL2RL4BOSY	1
A2VUDX90N7P6MQ	0
A2VVJ1OOO5EVK5	1
A2VVRWHI1JT37K	0
A2VWLQTSRCBEIT	1
A2VWWX8CLXQ54B	3
A2VX8QAMPDHCCB	1
A2VXQ6Y840GTA5	0
A2VY0KKY033E1G	0
A2VZC899R9EOKW	2
A2VZTL95XLCCD6	0
A2W19FQ3AJNS1Z	3
A2W1B82J6G4MU3	1
A2W30AJBD37KLB	0
A2W3ZWRV482WP3	3
A2W5FAQ9R07ZTY	1
A2W5FTBWK67B4H	2
A2W5KAZ0XR8QUA	1
A2W711IPOXKIA8	1
A2W82EQ9HXNTLJ	3
A2W89DJXDEVCKP	3
A2W8N5LF4QRMUF	0
A2W8OG0PP6CQ27	1
A2W8YLAHWHJ5K4	0
A2WB3MO3MVXM3I	1
A2WBMJI1ZQ5N37	1
A2WCLE9JPNVH8R	1
A2WDF58G49HBSN	1
A2WDWTUNUNEAV3	0
A2WEHMA8BB3S3	3
A2WF49ILK8KY1X	3
A2WFNI3XHE1XZL	3
A2WG0QSK7NO448	1
A2WG24A95BIFCK	0
A2WHZLUM3KYI71	3
A2WID5KO4AYKRR	0
A2WIHN694QUMMO	1
A2WK9W6109Z398	1
A2WKD1P3MP2WIM	3
A2WKTXRKDBXG7D	1
A2WN7HZCMUTQZ7	2
A2WNW6VT649UXK	1
A2WO1H9VL0SM47	1
A2WO86Z5HC5ABT	0
A2WOV4CW1HI0EI	1
A2WPT1PUKV3RRT	1
A2WQQ3VWQA6G9Q	3
A2WR8YGP7KG345	3
A2WRIS6FUE8JH0	0
A2WTAPSF8JUVGA	0
A2WTCY4OHC3GM3	3
A2WTEV5FT5WVPI	3
A2WTSDYN4S8XZV	3
A2WUIVRR2Z4DC1	3
A2WWMLEJHFRJFP	1
A2WWTHHN2LY7G2	1
A2WWXJBZEQS2G5	0
A2WXAUVYC4TEDH	3
A2WXN21VGU18XV	3
A2WXNPYQF1SG5L	0
A2WYBWHXSYCPDE	1
A2WZTBYE5004U8	0
A2X23TUUD16FEN	2
A2X29N2LTWTINE	0
A2X2IPUOIU30KX	1
A2X2MFEJFOI8KP	3
A2X2Q06U2YO9ZX	1
A2X2X1P142DJUX	0
A2X36DXTGV3692	3
A2X372W06MFSBI	0
A2X42XFC5CEERO	1
A2X56AVIY2U67L	3
A2X5SS2S08PLPP	1
A2X6A645IUUEVZ	0
A2X7MKQFNZXMAE	0
A2X7TGPTCPHW8S	0
A2X92U1353W8AX	1
A2X9NUQ6YI1G2F	1
A2XA7MLDGDN6SZ	1
A2XABAXDUFAFU6	1
A2XAMJXY3ISCIB	3
A2XCLJRGFANRC	3
A2XFANB8ROOI43	0
A2XFH52V5BEXLZ	1
A2XFXOC5Z5RT7T	3
A2XI917N3DR8US	1
A2XIEJ2LTVOEAT	1
A2XK2TPL1TWPBU	3
A2XLGOUSSWBD6H	0
A2XLQMTZ02JZZF	0
A2XMBBYDBC4N9P	0
A2XMLHP5YUR7SD	1
A2XNKMGEYHLUK7	0
A2XNPHX8O89PE4	3
A2XOV71CHXRGEV	1
A2XOW1BOFLYISR	0
A2XPG8FBW1MPA	1
A2XRAOQAIP1MRX	0
A2XSE73XSZNE62	0
A2XUMC7EBS8YCO	1
A2XUY01FTGA995	2
A2XV7VO7B2296N	3
A2XVQFWD6JZSRD	1
A2XWY76V0JYE1D	2
A2XXMPSDBQHJVM	1
A2XY4J05F0DDL5	1
A2XZRHF1BJXWXI	1
A2Y0EH3ONVK1P	0
A2Y177JF6VMMS2	2
A2Y1U8PQ942Q57	1
A2Y2M8505DJKA1	1
A2Y3DAF6PF6UD0	3
A2Y4ROKK4AD5JJ	2
A2Y4Y2W49ELGZB	3
A2Y56CM7376FU0	3
A2Y5LY0AO0H5E5	3
A2Y63YA1FSM3OF	0
A2Y6IDYSDC9QTY	2
A2Y70X4RB9ZOMI	1
A2Y8GWZ7JJE445	0
A2Y8IEIU6IRHVA	0
A2Y8KGX27SN0JC	1
A2Y9BE1L30LOYL	0
A2YALP1K1URTYJ	0
A2YANUW3OEZGDR	1
A2YF24DTMZ53KI	0
A2YFEICY7TXPM3	0
A2YFKZ1GOOMWG0	1
A2YGOOM9T989B2	1
A2YIGMIVWWJOM	1
A2YISOGM55E9NG	0
A2YIWXLM9IK77Z	3
A2YJWU8TKWC1XC	1
A2YKE1FVBY0VJY	1
A2YMA2P2GUKYFD	0
A2YN9CMLE9LYL4	1
A2YNJND0Q8QEGT	0
A2YPVXPC8OY6KX	0
A2YPYGC1767C8L	1
A2YQ7LKHRTKBQG	0
A2YRH41EUJ37X4	0
A2YRM37ZXQ673	1
A2YRMZ8FJ4FOS9	3
A2YUKNOM048OYT	3
A2YVKIB26ANKLA	1
A2YYQ4SA5ZHLB6	1
A2YYTKZJ1DRPGJ	1
A2YZPX2TF25C1X	3
A2YZSQ47SJXM23	1
A2Z114GJ1QA8L	1
A2Z318ZPUJ7R1B	2
A2Z349JWDHEVR9	0
A2Z47NRDQPT76L	1
A2Z6DDF7E8GL9N	3
A2Z6G3I5CQBTRU	3
A2Z991CXGJ502X	1
A2ZA4GAQOM4LK7	1
A2ZAXQIPN6AJ52	1
A2ZBRDDMVALCEY	0
A2ZBTPGZ3TWZXZ	1
A2ZDGHLFDPPQPJ	0
A2ZDXTC7ISK7K	2
A2ZE67S39ITTO8	0
A2ZFSHEK4Y04OK	0
A2ZJFSFMMUQYED	3
A2ZK06FLC6CN9Y	2
A2ZKQ4UEJHRL5B	3
A2ZLFPPE2E9TRM	1
A2ZLQKA9YT1DUQ	3
A2ZM4FOYUQYHA7	3
A2ZM6SYOEREMTF	0
A2ZMK1T6NBWIAP	0
A2ZP5XS4UXTTHP	1
A2ZQ2LF09VP1U4	1
A2ZQ5899JKD8SZ	1
A2ZRKKN0W7JNYH	0
A2ZRQ1PCHP6L4N	1
A2ZT2M8SF5OVVB	1
A2ZT6OFM7ZWHT6	1
A2ZU2NN9VL7C0W	1
A2ZVETF78CVNO2	2
A2ZW1EJN3F1O30	0
A2ZWPRLE6EFNVM	3
A2ZX84ZP1XJJHW	3
A2ZXO2YQEWGX3W	3
A2ZY71Q8R6RVLF	0
A2ZZFORLMODXG6	3
A3003PDQF1O94Y	0
A302TJJ2Q9H4UY	2
A3045OYEAMGB7Z	1
A305K4BQIC2I7	1
A305LQ4ZCT2QML	0
A305SHQ2B8SDS4	1
A306PNNXS4WX2C	2
A306REGFY7C53B	0
A307IXWE14QC4Y	1
A307VAWL3L2MWV	1
A308IJSZVGXE8G	1
A309PFW8T6DMMZ	1
A30B27P6E4QZA6	1
A30BNBZNECY0BW	3
A30BXM9HSYAK7	0
A30CJ11ZPABA4R	1
A30DHE22AT0J02	0
A30EOA04FFHERB	1
A30F2V6ZL2W3JX	3
A30G8SGUPL9XLE	1
A30HA64NMODCZ	0
A30IP2BSOF9MDG	3
A30IYG1P8YRJV1	1
A30J4LDJG2VE7P	3
A30LL04GP14ZU9	3
A30MA6F1DAH0NB	1
A30NGLHAEO7XHK	1
A30O3QVV9T57UQ	1
A30ODD99T9X4E	3
A30OKHWK5F9B23	1
A30P9L3PFNUZ6P	3
A30RHQ5JW2LEVI	1
A30TIBPX855R6T	3
A30UDQSGVHM51J	0
A30W62RPVBM9H0	1
A30XIHEGZTCL4F	3
A30XSHTLCLZGNC	1
A30YU30MK3A3FL	3
A30ZII8EWOZSPO	1
A3102ZIRJEHXC	1
A3126MMD3JTO7R	3
A312JCB9PYCK93	3
A3130INNEWVD79	1
A31368RNFV9NYC	1
A314GWCSOZ16LH	0
A314RHXSO9MTAQ	1
A315PGQ04GC4PL	2
A316AQ8KEOM2MK	0
A316VCS99CF8ED	0
A3188QLRKUFG4	0
A31E6POEC67BK1	0
A31ENKIIYCGCX1	0
A31G5JDJYV0042	1
A31GJ9G99SOLLF	3
A31HBWNW187J9O	1
A31HDIWT7EMR4R	3
A31HJR2J8ED0DG	2
A31HNQJG9QURZ3	1
A31HU941L5R8OY	0
A31IDOFA0F76AS	1
A31IHZTWM7S6QA	1
A31IK058IGR4JE	3
A31IMUHYVZHIEA	3
A31N29I6PZB6A7	1
A31O6EC37F1W2F	1
A31OCDQW1JITY1	3
A31Q8L5HMY1Q03	1
A31QF68PV1XWGK	0
A31R4NEBHWLTJ1	2
A31TXHYGTAPPVR	1
A31UA3M24OZSYG	1
A31UCCSC2QE8O	1
A31UW1TKN3NHQS	1
A31W8JNPO0AGYG	1
A31WOZWME75YBT	1
A31WVMJQQPV75L	1
A31XWQWSUOK29M	0
A320ATPB6MZDTK	1
A320F8B3CAQ7KY	1
A320G0DCJSWVXK	0
A320S8XT42PXG9	1
A321BD2L5FTMKM	0
A323HKYFLZKSBU	3
A323OO5MNRH2H5	1
A3245LK9GGE3CD	1
A324G557ZMTUKF	1
A325NRS4NEAV8V	1
A325X0MOR8U5AR	0
A326AXD81B8ES1	1
A326VFA53553MI	0
A327L90O8ZYVDJ	1
A328C1OYQUHRYT	3
A328XWHT9X8Q5M	1
A329OUCQ5ELE39	3
A329PA67AQI0WH	3
A32B0B52P2GZWP	1
A32B9EHZ3IDSRE	0
A32D43SNW7X71K	1
A32DDBG3IEGDRT	1
A32DEGN13L44EJ	0
A32ERNRPOMSU3L	1
A32EZCRICSFPBC	1
A32FUUNQ8SQ8JC	0
A32GVELNB0F93	1
A32HCMVKGZF4U9	2
A32J6MY2OK3FY6	1
A32JLAMQ9WC5PY	1
A32K8W38EBKVB2	1
A32KYALSBMTXJY	0
A32LGPHLU1MJJX	0
A32OECGJYAEYJ9	1
A32PC5LN2CCDG4	0
A32Q726D4KHNHH	2
A32R8PK6I8BSZ5	1
A32RDINF9OJ42K	3
A32S4D1QZP8J3M	2
A32SL13J46EX6A	3
A32TP45DKR7C6S	1
A32UD2E4W6GN3E	0
A32UION5ZPO02T	3
A32UNLSG43JP2O	0
A32W8X7O0Z2MUP	3
A32WEJIMV33H27	3
A32WFHUR36LAU2	0
A32XNNZ4TGBV3T	2
A32XW5B90794UU	2
A32YRACP8ZK7FC	0
A32YTKZANAG1GV	1
A32YUP83U6YMBB	1
A32ZD7MSZXOMQO	1
A3308W4I2AR06V	1
A331QU82QX095V	1
A3327OZWS9VBFP	0
A332A3AVOWIGRF	0
A332EMNCQP0AYI	1
A332KD1RR5DTGT	3
A333BKFP0GRPE1	1
A3358QQPICOYKS	0
A335GUD1YBS31U	0
A335X606Z9UGJ	0
A336S4RU1RBTQ	0
A336TKP1YVY11U	1
A337EWQPM1T6DG	1
A337NTS6HYOX5U	3
A337QRWT1HDUD1	3
A337RR9YZQUL4	0
A337T56JH8J5YZ	2
A338UR0Q3EG733	0
A33BIN0VIKPF3A	1
A33C8UC3TYVZW	1
A33CY1L8TR5JES	1
A33F6H6L6NZA6B	3
A33FE8NR17Y1AE	0
A33FOXW120HLUQ	2
A33FY8JSMC27HS	1
A33G3CQRQBJGGS	1
A33G4C3I4ZOFD4	3
A33ID5EK154UUE	3
A33IHA73EKEIQ	1
A33KI6NGIAXW34	3
A33LHU3XE0WXC4	1
A33MD8EQOCKD00	2
A33MQZGWEZAE38	1
A33N616WPZLFQL	1
A33NM05NK0A38K	1
A33O9J0IRTRP6A	0
A33OKKQNEQ0Z5R	1
A33Q6COJE4TW5N	2
A33QSHYM6KR48Y	0
A33RBA5LEA2BF6	1
A33RPOUIH6YHOM	0
A33RVHQB7TU8FB	1
A33RW50ZVUM9G8	3
A33TF60GRZDN4E	3
A33TG1RU9LOHJV	0
A33VGR19T307HS	2
A33W5XU72IHJHM	3
A33WOO4RD12GWL	3
A33X5O4Q4M439E	3
A33Z777YWGDEG8	0
A341ARI5V0XUZO	3
A341C6B1LWCU2E	2
A341CNT0I4GPPC	1
A341W9YGQX18WF	1
A342GH8C6ND3HI	1
A343GABY8YYUT1	3
A3441T2Y4N7EB3	1
A344LU701BF3FV	1
A345VRQKIYDI71	0
A346M8XUM6Y56B	0
A348ELPSUFIV6A	1
A348NTU1YNFDXS	0
A349ACYBUI40UB	0
A349AS7VKQRHPI	3
A34AV0PWXNOCPQ	1
A34C7Y32JRDB9D	1
A34EB70GP3V32X	0
A34FN4VOO35QLX	1
A34GTGUL1G47BM	3
A34HLNN2RXV6GZ	3
A34I5YAH6R5S46	3
A34INGZEPO4EN2	2
A34JA6VX47JLS1	1
A34JD5Y7V831XR	3
A34K7XK54FCNT8	1
A34L8KWV500IHW	1
A34LOLQB571FZN	2
A34MZFV74SZ0RB	0
A34NS4GHV6P9UJ	3
A34ON7ZLOBNOCD	1
A34P4DQ2AUXRTJ	1
A34QHL54HTG5UT	0
A34QZOUJ58IHN7	1
A34SAQVIO463LV	1
A34SPFZIHHN907	1
A34TN58UDJESE1	3
A34U1CLRHCS0NQ	3
A34U87RQ96QSNM	0
A34U8RRMTWYMYZ	3
A34UD28JFEYHET	3
A34UXWA3X3GIGG	3
A34WIR3VOM3S5V	1
A34XESX1FSG7VK	0
A34XJ6W16JOXQU	0
A34Y4OFQZBYN2U	0
A34Y5ET7YO3PN0	1
A34YHYX6E820KW	1
A351DVGO5QV1OA	1
A351HQ1R4JB991	3
A351LW6A21NYV1	0
A352YCZBGNIM51	0
A3531SA1N60JVV	1
A353NM520Q2XIS	3
A354M1SBL0W4MD	2
A3552OYXYIUVFW	3
A356ALXAC5COJ2	0
A35779LECFIY3J	1
A358ZN5S5DA767	2
A359UUNB49BJNT	2
A35AOL1QE6BRIO	1
A35AQV3M6YS6JI	3
A35B3YCCCHSQH4	1
A35B98OFS8E0HV	1
A35BMS7X3WR1ZL	3
A35CH4YO0NWTD0	0
A35CUQ0NJ7VELP	0
A35EEDGXKHAB2O	2
A35F2TAKWRQQT5	3
A35F6A2ATHMK1S	1
A35INA6YX9FD92	0
A35JFEUY06VTFZ	0
A35KDEJS9CTM9L	3
A35M5D0YO125C1	1
A35NU1P9H05MAU	2
A35OUL04VLODIK	1
A35QNVQXUIVMKV	1
A35QZN6RI9DMHM	0
A35T35XH70S88C	3
A35V0IB005203U	0
A35VWMULW2JDPG	3
A35W0QXOGBB8JK	0
A35X7KDWY8QX4P	0
A35XO5YH07DZ4X	1
A35YUEP6EIKDFX	3
A35ZXUIB8UQ78C	1
A36076R70W6UYL	1
A360YPMELYSSDA	0
A361PR5UO9MPPD	0
A3626P3XH7DUXM	1
A362Q7RWAXELV2	0
A364WOFFLB5V4Z	0
A365AXRRHU67QL	1
A365KD790ML4GP	2
A365UGBHN1QUIT	2
A3667X2ZVIOTKN	0
A36697PPVMMEVA	0
A366ZWJJM54R1P	1
A367LYUEB6UAYG	1
A36AMVCL6E9ADO	1
A36BPQ8M20ZAJH	0
A36C6WVZKSG4XB	1
A36CC8484PZQ2G	1
A36DCKZLRR9KWU	0
A36DCPDZSCIVDB	2
A36GTRIGJH81K3	1
A36GZ89GWF491D	0
A36HN1BH173W7F	1
A36HQQCFLA8C91	3
A36IPIXTD35SMF	1
A36J9RVVMOQ14S	3
A36LXCP083LAC3	1
A36M2ZSOAU2Z9U	2
A36ME1GFQYLL75	1
A36N8P9GUD7I77	1
A36RQG645V8FPD	1
A36T7ZPJ7UJPNM	0
A36TIXHO2Q8F7Z	3
A36U1WV2R0HJKQ	0
A36W9GX11JP63H	1
A36XDR1NDZL228	3
A370F8A679ZMC4	1
A3714X8IVT50LS	1
A372JAYQJU1F79	0
A37473A70DL3T9	0
A374OHC6RA20CW	0
A375TQN5EHVTQA	3
A37676X1SDWUMO	0
A376SJKHKCGZYD	0
A3790ZT3EMRHW1	0
A379AU30UOVLAK	1
A379UELGO4FTZS	1
A37BK22O5P7LVI	3
A37BUYATRW9A0M	3
A37E8SA5EI3JRU	3
A37FAZTGPDBM1L	3
A37HSDRQJ71Z3N	1
A37I75119N5ZK	1
A37IRE9GZ0CZ7I	0
A37JDC3SJXS0US	1
A37JK6CEYJNYAL	0
A37JO83NV2ZW7D	3
A37JWHY859MDA9	0
A37KHNWSU0H34N	0
A37LCXVNBSY1DP	1
A37NEEBD6PA1OR	0
A37OUN1IGUAUER	3
A37QXCPVBKH8A2	2
A37RS6K0AP1DQJ	1
A37SUPHQA5CXUN	1
A37TZWW0MJXTZD	0
A37UEAF30EGJR3	1
A37V3NZZ0SM4YK	3
A37V498R507Z2B	0
A37XFSJMH34C7E	1
A37YZJJ947ZIS6	3
A37ZK70X5G94AP	0
A381JLJM8HC4UJ	3
A381UCMLEH7YC5	0
A38303EZTU9180	1
A383A9KUYFZMOG	3
A383CWRB0JHSYA	1
A383KA6ZYSHA3F	2
A3848PBX2RR7WH	1
A386UMF9419ORR	1
A387JMCWPQHQIK	3
A3881AIBQM8LWD	1
A389YYUEDAV5RL	1
A38A7HEXW3B1FZ	0
A38A8D8R67GSU1	1
A38AO5O5R6S1R7	3
A38BZ5DXNQFF0J	0
A38CJBU391WLWS	2
A38CJGJMZ1OGEJ	0
A38F7RNQL47F7X	1
A38FQWHI4RKP2	1
A38FY1AWVJVPQW	3
A38GYNVQVNTUAZ	0
A38HMGVK3DVE4D	0
A38HO6CGZHVJVW	0
A38IJPCYS1KO1I	1
A38K9LXWKBXRBA	3
A38KP26L686KFG	1
A38KRM6EQYO3F4	1
A38NHXL5257E3B	3
A38O6YEFD84WL0	2
A38OZTCZ7S8ZEM	1
A38QLESOXKL2P9	0
A38QOU1U3ABG31	0
A38ROI5TMLXJFR	0
A38RQGM8YBOZUY	0
A38TBKO0SLBQIJ	1
A38TXEJPKPU6Y2	0
A38UHN0ULFLQ8N	1
A38W5SXXI21OR6	0
A38XBQHS6DO5RQ	0
A38XRHJWIZEDD1	3
A38XUQWTSMRWQH	1
A38XY9GEB11VLC	0
A38Z3UFUSXP4WR	2
A3908BXFBQMTQO	1
A390FFLYKFO1XQ	1
A391NWGHB689O6	1
A3952OT8XKZQU0	0
A396JL9J27G5WK	3
A396X9BTEA9XQU	0
A3973LBOE0HXLU	1
A397DXP6QIA360	3
A3991Y54TJWI6B	2
A39ANVSTOM4L6H	1
A39BUGVEWZ9DTM	3
A39CT0N8V9ZY85	0
A39DT8S7YZFLCV	2
A39EXW1L4UMQCX	0
A39G0WEIXC1V23	3
A39IFBQCBTXCKD	3
A39IHGDTC2FXWL	0
A39IMNMTHJ4UWC	0
A39K8ENCMD856X	1
A39KFA2FQBFDTG	0
A39KKN4JTMEHE3	1
A39KR7WL4UFEQ9	0
A39KSKNCIJCIC6	1
A39QC03AY9LX8S	3
A39QWHWI6S2MMY	1
A39RBOM2GGNQ7W	1
A39SX7VZWV39C9	0
A39U6NH56FPQKM	0
A39UGRZI9BPDH8	3
A39UYA2ZQ6ZYFD	1
A39W5E10DFRHHN	1
A39W8D8QDVSYLD	1
A39WSZEXPRJN6L	3
A39WWFZ7L4JPNQ	0
A39X63ZD7TGBCS	1
A39YTNE4NW7O3P	3
A39Z3CXK0FRQBT	0
A3A01A7IEW5YVF	1
A3A19D9UM3ADCI	0
A3A28JU14L7U2E	1
A3A3YG4XF7TQAC	1
A3A41ZUNH2VZDP	0
A3A50QTEQNA231	3
A3A5YOQOLA1DNK	3
A3A62NNYLIL34G	3
A3A6QV3WWYJE69	2
A3A8OS0ZSIZINZ	2
A3A96NFWRFS8HB	1
A3A9PO7MOY5P1U	1
A3AASIB19J3KCY	0
A3ABT9V3KH2LO1	0
A3ACGQNRDQJAJX	3
A3ACLI5SAH7QFF	1
A3ACR8IG31Q7K6	3
A3AE5T7CWOBLY	3
A3AFCTBPJ2D08O	0
A3AGOG7IBCDJ9L	0
A3AHVQH9EPJ53Q	1
A3AJNP76RWQKKM	1
A3AJZ9KP2FW16K	2
A3AKH631PSCOXP	3
A3AM4RSNGMEUNM	2
A3AM6KVOZ1YHZN	0
A3AMWS89U3RUO2	0
A3ANDNKOPRHF9H	3
A3APYNJK1A0SIW	0
A3AQRSYRSLUTSL	0
A3ASK65AAECE8P	1
A3ATX5V4NV5EQV	3
A3AU9P1UAKRE2X	1
A3AUVK8T7VHFK7	2
A3AV0SR5X4FWQA	3
A3AVGL8JD3AD8G	1
A3AWPWMH3U5K76	2
A3AXARFO85CH8H	0
A3AY5WR2O95SMF	0
A3AYQA6I2X409T	1
A3B0V9XGZDIYPL	1
A3B1B6GMSEE5JV	1
A3B26EDA8BG84N	0
A3B2VJUSR64PZ9	1
A3B32BGA1FHFS2	0
A3B3T22XV6BIK3	3
A3B4P0CGGDN8LQ	0
A3B70NUX32KNSF	3
A3B70Z6W6QKO13	3
A3B7TYB45Z0NY5	1
A3BAPCM4XA4HVI	2
A3BCTYRP8ZVGWU	3
A3BD122EPHIO8W	3
A3BEFDB48Y70F5	1
A3BEU9OA557VNH	1
A3BF7GV6NQUGFL	3
A3BF7NP172I3WA	3
A3BF84RFLVT83K	0
A3BFXLY3BP9X6K	3
A3BHJ0X6E5FPZ8	0
A3BPF877QLUMTG	1
A3BPNKBZKA70AI	1
A3BQ2AH6QKCX74	1
A3BRLR78RHW0HD	0
A3BSQXYHNLJOGN	2
A3BSYY0BV623OY	1
A3BTI607V9J8BS	0
A3BUVUH2OZFG7F	3
A3BUZTQRLKV0TB	0
A3BVWDC1KUAP9Y	1
A3BX2GDD2QBPWY	0
A3BYW68E9H610S	1
A3C0BMZK09W765	1
A3C0ITW2XGIU1U	0
A3C2JDNCKNXYU3	0
A3C2MEFIK07GP3	2
A3C2Y5SH0MTTHS	1
A3C3CHMEF0SF9F	0
A3C3UE33WVTDMA	0
A3C47RB3UU5FMP	3
A3C4I53MD11GN0	2
A3C4NRQ1S7AZ60	1
A3C5TYI2Y8ZK1Z	1
A3C6BH6WEOJA8R	1
A3C6DPXFO7KWQY	3
A3C71EZYWETP5F	3
A3C8MN2Y4N5KFX	3
A3C9384HRMI161	2
A3C9X1VB0AU0P2	1
A3CAHZDBO9TUBP	0
A3CAZLIQQQIJ83	2
A3CB88OI3LGPCX	1
A3CCLJZUFP3YQX	3
A3CE40ZVD2R3QP	1
A3CF1NGVY4T8S	2
A3CFWIAIPI9ZQ7	3
A3CGCO59N7WMY2	0
A3CH3XIWNFRZ0	1
A3CJC6D13PP1QS	1
A3CLGU00RHB8AW	0
A3CLLRK6DG3NIM	0
A3CLQ2U59HGL7M	0
A3CMIDTCMUYZ8K	1
A3CNECK5LWX5NO	3
A3CQAWOFGAHE9E	3
A3CQLUV5OXTF7T	3
A3CSITKMYMZIYB	3
A3CSJTKRMTAOY7	2
A3CT5U6P8KM9AM	3
A3CTM44BRINEVH	3
A3CTNLCC7T2H0J	1
A3CU5S1XX5E1L6	1
A3CU9JGZ04XJBO	1
A3CUPBG99HW056	1
A3CVAVP8NZ10A3	2
A3CW6GRFT1N7OA	1
A3CWEO744H7EBT	3
A3CX9TVCTTL1M3	3
A3CXMSZH7K5U2I	0
A3CXQQ1OO7AR22	3
A3CY2DKW9D7AR4	1
A3CYRFIHPO8J5C	3
A3D01JGRI4DJZ3	1
A3D03SD5RKWYR0	3
A3D2KOGE5Y9M0B	1
A3D2V5YZN28NTB	1
A3D405KQOQ85YZ	0
A3D52CZ9YY4KLW	2
A3D56YWJ4ZY9DJ	0
A3D5RGJ3DG1YUC	0
A3D6VGS9NQUZQ9	1
A3D818XKV9EII9	1
A3D8I1P1ZYHZA4	1
A3D8L21FZX6CST	1
A3D92E4L360KBM	1
A3D9IPWKBZOC5U	1
A3DC74MZ4TOY8C	1
A3DC95VDKZU9ME	1
A3DDHR0R3J8NA9	3
A3DH2B23QO5K2M	1
A3DID22ECCG3WD	2
A3DJCD5TUKOM8E	1
A3DJWMIBDQK3QM	1
A3DL01QI533VC0	1
A3DL5DZ1PQZRVC	0
A3DL9I1JOJOC6J	1
A3DLFSKBUOSYWK	0
A3DLH5LL5QX37U	3
A3DLTF72HQ7G6B	2
A3DN6TC6A6KOAF	0
A3DNG1X75E4BQ3	1
A3DPBHOFZC753N	3
A3DPEO02BUJUQ5	1
A3DPMLLWVMN19X	1
A3DPVY94K6CEYE	3
A3DQ0JQWF3T4VL	2
A3DQ1F3KTWTDDH	3
A3DRUMWL6A3T5U	0
A3DS86ZZYJM693	1
A3DSKUTAE46S8A	1
A3DSO7X7L31K9	0
A3DTZRCRHPFH5Y	1
A3DUZ9XWSFKNTP	0
A3DVG4S59Q3U0P	1
A3DWF09M21XOFL	1
A3DWWLPJVWX9TL	2
A3DXMLAXK203F	3
A3DXR1FSK8LUCW	3
A3DY4B9EG51ZZ3	1
A3DYQVR2124IBZ	1
A3DYZ16SFO19RV	1
A3E1XOCFOTW2WL	1
A3E3H2OF6HQCW9	1
A3E3H8FHCWRWFL	1
A3E4RGFQ4K1M42	3
A3E6JO7H00QFKK	1
A3E891GRU2FWT6	3
A3E90BH4019TC	3
A3E92BCBY5YZ62	1
A3EA3416DQDTER	1
A3EACG3VDW1EM4	0
A3EBODGAI88CD4	1
A3EC6G1ZLYJ46X	2
A3ECCRYGDAAP5S	2
A3ECY2MV6623WC	1
A3EFXA3FC0K3OZ	1
A3EG5CEVY8FZI6	0
A3EGOOG2ZHEGXZ	2
A3EGUU08UTM0GD	1
A3EI7D7E3G2UUE	2
A3EIJB675QY3CH	1
A3EJ31A3EXB8WQ	0
A3EKU31JYEUGZ3	3
A3EL2MUI4WDN93	0
A3EMVCMJKNDZ1A	3
A3EOWN4WGBIZLP	2
A3EP4549EW2P20	3
A3EPI2774PURJZ	0
A3EPW18FRTJL7Q	1
A3ES644U91HF7U	3
A3ESOPFSE86463	0
A3EU76NEQYNPZA	1
A3EWFWUD1GTMM4	1
A3EWTR1P19R6IW	1
A3EWX11WFQSS5G	0
A3EXQ72KAOQPSE	0
A3F0J0KCV6T46L	1
A3F0KFGE8RIJPU	1
A3F164GEJLL3BF	0
A3F1E4JRIHRQ4N	2
A3F1GCQ4K7GJUN	0
A3F2R6DT3YOAIK	1
A3F2YP5E1E7HTK	1
A3F30RJZ97MBO3	3
A3F3ANIHC282DY	0
A3F3COLYWHAQF0	1
A3F3MGBA448O6F	2
A3F57LHIAS69O6	0
A3F6ZHNZZ2TT2S	1
A3F7M2JW9TZSAV	2
A3F7TQG7Z48C70	2
A3F8SDNZZB2YRY	0
A3F9V48VCPB9IT	2
A3FARHUTUL2D7N	1
A3FARQW1J9HG5G	1
A3FAWTEE6164V6	1
A3FAX08RY7VEM4	0
A3FCHR4KJ7FXKN	1
A3FCNEHXB5SL4M	1
A3FF99H3G7BC34	1
A3FFIJR3ABD0FY	3
A3FG6KWUI7KT3Q	1
A3FGFD9YMXZ42N	0
A3FGP40M8EE5T2	0
A3FGTHDZLKDR6N	3
A3FH2NQJE94HBH	3
A3FHO90QL0ATXX	2
A3FI4LPTRIWFK8	1
A3FJUZASW3F8PI	0
A3FKAA5R50MQVM	1
A3FNTQWMU86WEG	3
A3FO157Z8WUM7E	0
A3FOTJPFJIDX7A	3
A3FPR2EHFQUO9Z	3
A3FPSQGVL72TQ3	3
A3FQE6N1IRE61B	1
A3FT85HSY12U0J	1
A3FU0E039QKL4E	3
A3FU9ZL7Z2R4PV	3
A3FUGJ2PPKPO8P	3
A3FUPRJHOENDLR	1
A3FVEHV0PJEME2	0
A3FXK2IPJVA524	1
A3FZ9N62U885TC	0
A3G0V05HFS0RTD	0
A3G1SA4BNCPXQU	3
A3G2KWMHHUHCE	1
A3G364TXKESUTL	2
A3G41SR3IZCP0I	3
A3G48SOFLPJPDF	0
A3G52IBW39DXTN	1
A3G5ANLL5LMJ95	1
A3G63IAO9YHF1D	1
A3G6HD3TNAHSAO	1
A3G6LJUQ9GCZRA	1
A3G716XB5BS3BE	0
A3G7VQSBYNPCGS	1
A3G7W9PLM22BQH	0
A3G81N09F3S9Z1	1
A3G82AFYHP5ZEO	2
A3G9HDSKPGG6TL	1
A3G9WZVY369FT6	0
A3G9Z2QKV64I5	2
A3GANUWACYPJ03	0
A3GBT5E8FY5YKR	1
A3GCM8YAWAVMC1	1
A3GEFJZV4GIR1R	1
A3GFQ0HZ9QQ439	1
A3GG5QLOAGCGR4	3
A3GGJ4KO4Q4YRU	1
A3GGPLHJDQRRP	3
A3GGSFIVW3VKEL	1
A3GH9UWPMI4TWS	1
A3GI8S24HJSI6J	1
A3GIORVWFZT2SL	3
A3GJ9I9RE7KQ9E	0
A3GKLL164RFLME	3
A3GMETY4USGB23	1
A3GN8HP3WKAJY1	1
A3GNRWGTI6AB0S	0
A3GO84D6LW04I2	1
A3GOPVHU4KN0K4	1
A3GOTT6W6NT8RA	1
A3GPR4SKRP0QNR	3
A3GREI235QLAEJ	1
A3GSHIEIKB97WO	3
A3GV75YMLZA87O	1
A3GVN12986WA35	1
A3GWQOZQ9G1H4B	3
A3GWXU2FHZSYLB	1
A3GZFJCSIKWEYM	0
A3H0FZICCEEHQF	3
A3H1D4G59UEYQG	0
A3H1DP20EM72PM	1
A3H2J4EW5CCBWS	0
A3H2QCZO4SK3XL	3
A3H2W879J4ML2P	1
A3H38WZ8SLMILB	0
A3H3CZ7ZD1DEUW	3
A3H4MA37U53LDH	1
A3H55LI56MS4D0	1
A3H621LDZXTW29	1
A3H93N0C1CSU20	1
A3H9OQKO7LXIIC	3
A3HAZ111JLOT5C	2
A3HBC8DVS5LNAW	3
A3HDERRVNW6YKN	1
A3HFGARL8DACP6	0
A3HFKG67H2UGA9	1
A3HI02I4DDSPG2	0
A3HIRUTQ76YBYQ	0
A3HJIBYN5Q88R1	1
A3HJNPYCRW5C15	1
A3HJTCYTIPHG8S	1
A3HLBBDCQI0LTX	3
A3HLE1I4BV9MS	1
A3HM2S2DR01V3S	0
A3HN43TF07QPKF	1
A3HNQAG5SARE8M	1
A3HP7DN53XL7F6	1
A3HPWCO03NENL4	0
A3HQ9GWG6MYGMX	2
A3HR4JULMIX4H	3
A3HR6D8AUWHA93	2
A3HRZU6SBMASK4	1
A3HTU29EBJ819P	0
A3HWZE7FNEYPLP	1
A3HXDQCTSJJEH8	0
A3HY76DS3KN7AY	3
A3HYS0UFN5SQW5	0
A3HZZPER2JX1V	1
A3I0A0J26WR2EO	0
A3I0F31E0WZZB6	1
A3I0V63NFTGYQO	0
A3I1L2QZ6LQHQ8	2
A3I7JMXYX4XLE9	1
A3I847OITTWHKI	1
A3IAM0T7EH2XBE	3
A3IB3CHTYNXJO3	1
A3IB4CQ2QEJLJ8	0
A3ICSXSMKZA1OV	0
A3ID3W85MZ4NQ2	0
A3IDN3HMB2ONH2	1
A3IEYX3KKA5YOZ	1
A3IF3MH8YY8PMU	1
A3IFE8MEWNSMRE	0
A3IGCDWEOWQC8P	1
A3IH8GD1HOGNLF	2
A3IIO144AJV1GV	1
A3IIPXEIR4X54W	1
A3IJ7HIAB97TLS	3
A3IJWJ0UX567V9	0
A3IK2QY5RO4991	0
A3ILQ8FTEG20KS	0
A3IOFRUBOMHS0A	0
A3IPG8XJS73G2U	1
A3IRDAYURK6O0E	3
A3IRM17NZDANN8	1
A3ITRPI3JHQIQX	1
A3ITXF82XGD3P3	2
A3IUDIPEMB2EE8	2
A3IWBR9KOO1O8H	0
A3IWLRH4QCA140	0
A3IY5MX9Q5YF5L	0
A3IYRZWLJTDAR9	3
A3J03TF0FY577K	3
A3J1EXSDUF70K0	0
A3J3KWAITGWHCO	1
A3J4L5D7MVTYQP	3
A3J5FRMMZ8NN8P	1
A3J5UTJJDF0QHM	1
A3J67XAM3KFVEH	1
A3JA913POTU34W	0
A3JB2CTGFAQ5Z6	1
A3JBJAY6F4CXFL	1
A3JCOCIS1C397X	1
A3JCXHU3I5J7TS	0
A3JD01MXP7VJWI	1
A3JD3I60GJ111W	1
A3JEC1WY2XMXM3	0
A3JEJCB1ZHDIT5	1
A3JELI1UH620FO	0
A3JEMJ9KMUPLKI	2
A3JEZX129TGGDF	0
A3JFGIHRC680PT	2
A3JFXFSL9WF543	3
A3JGJ4EFEV3MZD	1
A3JHIRTZXXS14S	1
A3JIS28MR1XZKR	1
A3JJ22ULXSJ2HH	3
A3JL5KLFO5S9OS	1
A3JLAQ1DGYZMOL	0
A3JMFWI85WEZJG	0
A3JN16HJ4XHOAJ	3
A3JNDY3FJ9CXIQ	1
A3JORVU3ARAT8M	1
A3JQC6RQB8O4HG	3
A3JQOFJ2IB1YMF	1
A3JRXPY87AKH7P	1
A3JRZCOAH4NIYP	2
A3JS2G3ABOQEQD	1
A3JTGMNHDIMG3J	1
A3JTLQMN6WQLH	3
A3JU3J38D8VOHE	1
A3JVNX1G6YIY3Z	1
A3JX4S6PNGDEM1	2
A3JXZJLMY3QIZM	3
A3JZ1KKXGJDX9U	0
A3K25T4WAMYZ9L	2
A3K2YO9NEJP2KQ	1
A3K3LLIWUEOSBP	1
A3K5EWS73NT855	1
A3K6ECZV05NJVL	0
A3K6K5IOILXRDH	1
A3K6ZFQ4LTXQYP	1
A3K7CFFWM1M37R	3
A3K7OBSVXW1574	1
A3K8ZU1OZ09K7X	1
A3K9R4AXK5O6NS	3
A3K9SWVK618UXR	1
A3K9XPY93ADL0O	1
A3KBMF7OMTL4V	1
A3KBNO844QQTF3	1
A3KC53NUQ2WGV3	1
A3KD1X27DP27T5	1
A3KDMCH0B59C5F	0
A3KFMDNTKHE9AO	1
A3KFV1OC1YRDZS	0
A3KHI93XUO5Z1B	2
A3KHIBFERCW890	0
A3KK3KZ9G3KBVL	2
A3KKC5TGBVE697	1
A3KL84BPQ51QWC	3
A3KMDGXBTILJ17	0
A3KN5AHMM1U4UW	3
A3KO67TZE3M9DM	0
A3KOGHSVTJFORP	3
A3KOKUIG5EJ2OX	3
A3KPO0GMD6EDCD	2
A3KPYU8RYALU5F	1
A3KPZ745IQH28W	3
A3KQI79ID9P6WG	1
A3KQQY9BGBWI0W	0
A3KRFFV261JTUS	1
A3KTE4131BE8YQ	1
A3KU75VZW2KXNH	1
A3KVNVQM2Q8GMD	2
A3KX0YN2KM0D7I	1
A3KYBUK9FW05DJ	3
A3KYOW8SYL6FK1	0
A3KYTAIGHGNJ2C	0
A3L2ZBKEM50GAV	3
A3L4CGJ0N62L2S	1
A3L5Z7GRE0ZQUC	3
A3L7ARYE5WXBTV	2
A3L7EPI58LILB1	0
A3L8BAYPDJMSGC	2
A3L8PN76QHTWN	0
A3LCRQ4HQDM5PM	2
A3LDIGEB4WVHAY	1
A3LEZSAGTJEBPH	3
A3LG77R06CVE94	0
A3LG7JVBGBDE6I	3
A3LGQM5TWG65CT	3
A3LHGV9BSV1IPP	2
A3LI7XAN5EWSV4	1
A3LIFBP7SYDCWR	3
A3LJM6341BSKJS	0
A3LKQW67FHFVD2	3
A3LLEX1R9IXQSO	0
A3LLGC5FQK99HK	2
A3LO7SBUGJSG9O	0
A3LOBB0PR0W50W	1
A3LOHAGU7C7VGZ	3
A3LOVXADK0SEZG	1
A3LQD3GREBYT4O	2
A3LQIABCI5KZSO	0
A3LUQUWHURNG3E	3
A3LVAWFMWRSPKP	1
A3LX0Z2TQRCUB3	3
A3LXX1D947SKQ9	1
A3LY73BM829N95	1
A3LYC6ILNTQ3CG	3
A3LYGFG8O9L73U	3
A3LZCQDC7C18Q	1
A3M014RXOO1KO9	1
A3M2ADDIWO2EW9	1
A3M2U2803IED3X	1
A3M3I2AHCGQV7F	3
A3M3R50C19EF2V	2
A3M3ZY1NE17WIE	1
A3M7ZH58AVWD5G	1
A3MA50UQ92X4WZ	1
A3MC0KI0MRENRY	1
A3MD4ECHC64O7V	0
A3MFYZWONZPI9N	0
A3MGEE0NUA4DNF	3
A3MHAX9SWWSXL7	1
A3MHTVFVSTIWRA	1
A3MIU3IZT3UA7C	0
A3MK01YCBFII7O	1
A3MKFV1W305L2R	1
A3MKI8XV2GFL2T	0
A3ML8OKN9IK561	1
A3MMTQWTKUHXH1	1
A3MN484XDY9BYU	0
A3MN5AGMIAQZ7G	2
A3MQLQMDD2SRDL	3
A3MQP7LVM4F2KY	2
A3MR217OWPBDXI	1
A3MR8ZAC76LYPA	3
A3MRBWTCO7A27D	0
A3MTAV8EPXAQHP	1
A3MUR8UPQPZ7N	1
A3MV4URJ6NHZDR	2
A3MW7H94YMJEU8	3
A3MXEJF97VD5FF	1
A3MYB4V5TGZRF0	0
A3MZELP6F1CJBZ	3
A3MZKPUIJQ4P9Z	1
A3N0UGN3F0X5Z6	1
A3N1COTP9CIVUV	1
A3N24GZA592TUR	2
A3N4K5CN029UJI	1
A3N4KYU3V93QRF	2
A3N57P4OFZ18UJ	1
A3N5YCBS7B1VDW	0
A3N8AN8FVF3LMA	0
A3N9ND0IMBKA3D	2
A3NAG6FFC7X96	2
A3NBOJO0RUVUTW	0
A3NBZOZF1QCVDP	0
A3NCJ2NI2KCRFD	1
A3NCVUCTUQLWH9	1
A3NCZKQY31YQ67	0
A3ND5T3NC45KY0	1
A3NDT5YLAOOTQ4	1
A3NF6TPWJEHGM0	1
A3NFX11T7CZJUL	0
A3NFXN00GEFCUA	1
A3NG4SVVGZIT8F	3
A3NGEB300KDPLB	0
A3NGN9MG23S57I	1
A3NH1SMW111SY2	3
A3NHF57BCOZQDP	3
A3NIFN80C0K59P	1
A3NKCRQGGW0KD	1
A3NKJPUWI5AD3O	1
A3NKXO720OGHSF	3
A3NLNJ2IS52S0F	3
A3NM4DX3QR2O0J	1
A3NMVJ2MKSZ45N	1
A3NOHOZG2IRF43	1
A3NPLJGL6QB94P	1
A3NPQY7WSGK8YO	0
A3NQFZIPITICVV	2
A3NQIZWMGCVZU9	0
A3NQPYC9ZE3ZLU	1
A3NRE0EKHTD2QQ	1
A3NRK9U3WF68W7	1
A3NS2U52BJW9ND	1
A3NSG5X0RWT8XP	3
A3NVDTVFZSOUXY	0
A3NVV8IY37XJ2L	0
A3NWAMA790NVLB	2
A3NWRLBKBKFJ1F	1
A3NX9NSH4ISLKF	0
A3NXER4696GB43	0
A3NZ1MZUYARY3S	3
A3O0A809GORKNE	1
A3O2PVY41N6NBV	2
A3O3PRJ4NSS93P	0
A3O3PVREXNRJLM	1
A3O4J78TPVJ59J	1
A3O579LHTGFRGL	1
A3O6T91TMWAL37	1
A3O76PVY4ES8D5	3
A3O7LYPQ5AOHUA	0
A3O8QCZVMHDL7M	3
A3O9F8ZI5TOE4M	1
A3O9W3XF2ZPKGL	0
A3OA1DSK2D88AS	0
A3OA1NASGJXE4G	3
A3OA4A7LKQXVRE	3
A3OD6TRGX2SNJC	1
A3ODEW5YOJEPAX	2
A3ODFEXNBC9TE3	2
A3ODV998W2ZOFE	2
A3OEIHITVBSS45	0
A3OFSGOUTCQRGG	3
A3OGE9LQVN17ZM	0
A3OHQ5H3JO2V5E	1
A3OHRBH5GD160U	1
A3OJ6WMDWHL8RK	2
A3OJALI14ZO6WY	1
A3OJHW0NN8A2N1	1
A3OLAZKM77XR6P	0
A3OM1CJOG3NZF	1
A3OML05ASX0JZP	1
A3ON1593TQHEN	3
A3OOLSRORIQT5E	0
A3OONYYDTSIXEL	0
A3OOR30PXKQCHM	0
A3OPPZ73RS9YFR	3
A3OQ8Z1NEP7YJ4	3
A3OQVLXIHJ00ZN	0
A3ORQ8JBY46AYU	1
A3OXAYHLXNBXXJ	3
A3OY3IRL7FXCJH	1
A3OY3O0WGOV6WK	1
A3OYQPF6OKND7H	0
A3P01C91AM86Z7	0
A3P01PV9UHKDCQ	0
A3P1HMIM2RIYU	1
A3P2GECQLU36J5	3
A3P33TE8C0Q9D4	1
A3P3UKDTLWYZXP	3
A3P467LZOIP0UU	1
A3P5DGA69NLLO2	3
A3P5LD1LZON0T5	0
A3P5UBU249DBG3	3
A3P70OSL4E3YUM	1
A3P72M3TMW2RBH	0
A3P80YXURYRN7I	1
A3P8545PU0CPFC	0
A3P8A2MA1IVWBL	2
A3P8QWHSRTYCKZ	3
A3PAJPKMB9PES8	2
A3PB9EHYUKLK0F	3
A3PBAA9U572PXO	1
A3PF93XYNYVF8I	3
A3PG7JHK5LCUST	1
A3PHNRWKDO20ER	2
A3PHV6BK110VAE	1
A3PIDPQVLSDV5	3
A3PIE5KOXBZ7I7	3
A3PILV82M4UZN4	1
A3PIX8EN9ZMOLN	2
A3PKOPLVNQFBI4	0
A3PKTO0UJJJ8BS	1
A3PLTDAI2IGHZA	1
A3PLVATKVUNYE0	1
A3PMXLUSDIWRQ3	2
A3PNCDX79HCME1	2
A3PNNO8DEX02Q4	1
A3PNVTE9TEFXRZ	2
A3POCZIU61HTI9	1
A3PP0YU97UZ203	3
A3PPEB1NKL31A9	2
A3PQX11T4CEBK2	0
A3PRBAQMIXPSX6	0
A3PRO28B3PSS2G	0
A3PSAYKLJH5PIP	3
A3PSDXO09GY4ZN	1
A3PTX4WDPL2T37	1
A3PVJ5YGOF05CZ	2
A3PVNICZGH8GCC	1
A3PWJN5VRFWKVV	1
A3PYGB5JA2IVVE	2
A3PYRWI0HV0YFP	3
A3PZ55BU94NSDV	3
A3PZT25DBGXIS6	0
A3Q017M1FFEGW6	0
A3Q0WMR9HYQ38L	0
A3Q116JFTNM6Y8	3
A3Q1SV7G72W6FH	0
A3Q1W2W7XPIVJA	1
A3Q27TDEBZPRL1	1
A3Q2U5XW774VYZ	3
A3Q46YEEGIKD6N	3
A3Q4G7A3R1L8YF	0
A3Q5U25BYGJWUR	3
A3Q80Z17D36JWM	3
A3Q8HQMHE6JXKC	3
A3Q9IOUWXIT389	0
A3Q9TBBXRDL3H5	3
A3QC6IWLGA4YXJ	1
A3QCB1K6169WEA	3
A3QCDE51PFB8MH	1
A3QDK915DO7IFW	0
A3QE874ZVA13CO	3
A3QE8C3DJ4E186	1
A3QEMHQT7XMT7W	1
A3QENMDL1F0SH2	1
A3QH9HQ3BSRNMU	2
A3QILKI6CYQNMB	0
A3QIVO1HZ35O3W	3
A3QIX9ATSH6AVB	3
A3QJUJ56A9NTG7	1
A3QKWFC92S03MP	1
A3QLUPILGVTQ3D	1
A3QNOZF00R0VO4	3
A3QPJ9I29U553O	3
A3QQPNJCLW6ROA	2
A3QQW1KRM23HY0	2
A3QRMCXTPQPSJU	1
A3QRTW41XGSF8I	1
A3QS2MO3GJO8IB	1
A3QV0ZJJ7R8R91	3
A3QV4FWS7B8BNG	1
A3QV7HWT62CJQK	1
A3QWDDN8OCI87V	0
A3QWGIO1WYZ0ZH	3
A3R00WJXEOBBWE	3
A3R0K00OY46KRL	3
A3R0THTT8FZHXI	3
A3R11L3J8VWKRR	1
A3R12Y13SBTEKW	1
A3R13XE6WE24CU	0
A3R24XL1Y6MHV1	3
A3R35FGF9R1W4D	1
A3R5CG9BFO1QBJ	0
A3R5MQDAKE44WM	0
A3R6CYT7L0KWJU	3
A3R6UADPGUDGFF	1
A3R86V7S0S17S8	1
A3RBXYEQAL5XZ1	0
A3RD03DY1UH3EE	3
A3RF3E3RX5ETL1	0
A3RFOKZ32MU0S7	1
A3RGN75LHYAG8U	3
A3RGSZHLNNL4Q6	3
A3RHUL1HBSF50T	0
A3RI2Y8JRU4FAU	2
A3RIBXELTHRNXV	3
A3RJEEREB2HXT1	1
A3RJYIPXO1D2WR	0
A3RM8MXD73L1C0	1
A3RMKENGOYHT63	1
A3RN01E67YJF4U	1
A3RN1SFAHYP6R2	0
A3RNDRH50R47CZ	3
A3RPKKMZTO0IJQ	0
A3RRDMU4P7XMOU	0
A3RRJ5PHUTNKMZ	1
A3RSGL5W6OSQK	1
A3RTBSJWO4HT13	3
A3RTMLWA8KE31W	0
A3RUBFWAC6VSI5	0
A3RV4X81AZAIXX	1
A3RWGB8YZE7T6O	1
A3RX1FYLS2TPGP	3
A3RZYVB2U37FRQ	1
A3S051S9JT6RDM	1
A3S0DVO66QCV7Q	1
A3S0KE8LHI3HXQ	3
A3S1N4C1RSILXG	1
A3S1XAH9F5W0RU	2
A3S1ZBS1TWXFLQ	0
A3S3ZPTHIXZKGI	3
A3S52M9XPSX3WC	0
A3S5MO0TS5LN65	3
A3S6ECEXGDOBKA	1
A3S6HXI1CZNRL3	0
A3S87VDMIOG993	1
A3S8J8LIDV4PXT	1
A3S91X4GWOXKIG	1
A3S91X8GTVUFEU	1
A3SA7LE47D0BH5	1
A3SBX24LFN5HVN	0
A3SBZEPDW5F8L1	3
A3SC04DC5TLYSP	0
A3SEYBPKITLKLY	0
A3SG7ZBZNH40FT	3
A3SGTSOJEBVFY8	0
A3SH8DL9RJGT7C	3
A3SHG02AS5DRSA	2
A3SJKDL7Q7SF6X	2
A3SKH9AXE286RZ	3
A3SN6JQXNSA116	1
A3SPIQ9I0XSEXX	0
A3SQ5E7Q7XT7VF	1
A3SRTGMCEHJZ3T	3
A3SS7L576RIQXV	1
A3SSYCJE4SNJJ1	3
A3SSZEN552BF56	3
A3SVVRH3VFD5X4	2
A3SWBS7DJEN87J	1
A3SX6KPAI56CSE	0
A3SXIKNA0NQ3UV	2
A3SZ218MYSRRJO	2
A3SZ2U6LGC4ABL	1
A3T10OUXVN931U	0
A3T1P0RS9D9MS4	0
A3T2THM6P43UWG	1
A3T36KLKH42DJT	3
A3T3R793H7ISRB	1
A3T4BU0RVIIOA6	1
A3T4LSDQNMNDH2	3
A3T4UJT2EMT9D8	3
A3T5EWCV90JK14	1
A3T6E8TTTRUUG	0
A3T6QTWUFD8WSW	1
A3T8D4EZZB5CIN	3
A3TAEFXD7SQNGP	3
A3TASLERKZ2UL9	1
A3TBT9BT77PAL3	1
A3TC2Z3ODAC50L	3
A3TC6OQWZDBSIN	2
A3TCF4CY8XJS2V	1
A3TCNR6CZFDT6M	1
A3TFTP8LFPSVRR	3
A3TG09QOK7X0H1	0
A3TGH236JU0DB3	1
A3TH93G2VRO89H	3
A3TI8GGOJKLWG0	1
A3TIASN5SNGFHA	1
A3TJLUF98I9ZDL	0
A3TL9XNVS929JD	1
A3TMV0CAQR7DMP	3
A3TNY0653L3M2X	1
A3TQ2DH1BWUQ0R	0
A3TS4EU4LLB049	3
A3TTAI31NQ78Y0	3
A3TU19J4T3FGG9	1
A3TUEMELIDX4JG	3
A3TV2RI680GKAQ	1
A3TV5XS089R450	3
A3TVHZ9VUG614B	1
A3TW697OEXR0F	0
A3TW6AJAXUNUNV	1
A3TXMLIBRWDE0J	1
A3TY3D3YHAIWX7	0
A3TYBNTZDVIA7J	1
A3TZQCXX3J8T69	1
A3U0JKZXWWWQKU	2
A3U3KOR0F4RA91	1
A3U4SZ9E4U6PYE	0
A3U5QAEC40JELD	3
A3U6D5M2VEWMYE	1
A3U7ZTNQMYV6ZL	2
A3U8ERDT6IZRDN	1
A3U8NPTHX7JNI6	3
A3UALQT1221CD4	1
A3UANQXDU2ZAII	0
A3UBTD2SDYTVFF	3
A3UCTNTOKCQPVB	0
A3UDB4IPZZEU4A	2
A3UEMGKRT45J4R	0
A3UFECSLOFX6I	1
A3UG1F882YW65N	3
A3UHM0K7LQX7H6	0
A3UHUP814K2GVU	1
A3UITPMV41JBVU	3
A3UJBUSDVGK0FZ	2
A3UJU8F0NFFQXW	1
A3UMCXWQF9SVIS	3
A3UMG62QKEZ5F	1
A3UMX5KQ6UAE45	1
A3UO4MNUA1T7MM	0
A3UOD5RHT8L2Y2	1
A3UORBSIKQ56ZB	3
A3URRA3MD4YB49	2
A3URZSEWK6UBZ1	3
A3US9GO3CJDEUK	2
A3USANZ5MODCD9	1
A3UST9FWLO969T	0
A3UTQ406O3K3R6	1
A3UU3GFGQG4DO9	1
A3UUIWBH8RHHWX	0
A3UV29H7H63ALP	3
A3UYD53AIRD3PG	1
A3UYWHBP4LIBK9	1
A3V1NJ2IOTO7J9	0
A3V2PW2LH5WB7Y	1
A3V49A6TZBA7VT	0
A3V4G8VYNOW5BU	0
A3V554WAE4VDKC	1
A3V6DZ9KNIRFE9	1
A3V76RS70AGS8C	1
A3VAI80NWHDZMH	1
A3VCWAHTOJLU3F	1
A3VDBZEOSEC4YO	1
A3VDPJXOSL33J5	0
A3VDURJ001TT9A	3
A3VE3VTWL6NSR1	0
A3VEJF7518Y52M	3
A3VEV97J9WCI51	1
A3VFBT5B0U0TTN	3
A3VGW93NKUM10M	3
A3VGXX3E85N2JZ	0
A3VHY70G3U6A5A	1
A3VJE959HHZ2OU	1
A3VJKEQ9DFUYQV	1
A3VKO2KTDSS6RK	1
A3VKR1ZG8WSAT3	3
A3VLKLQGGK08R7	0
A3VLSST2IA6K6C	0
A3VLT01670Y9Y9	1
A3VLU135Y2SVYJ	0
A3VMY92HE0B97V	3
A3VPCS4189DLB3	1
A3VQ6Z54UZHSLM	0
A3VR9XQZEPB06	1
A3VRBXHJOPRKJX	3
A3VT7BKXSE671W	0
A3VUB16U0BR7FN	1
A3VUU7SG6VBZ4M	1
A3VWDQ8ZB5I8KL	3
A3VWGBUG47KDCJ	0
A3VWYBKVPNBSDJ	1
A3VXV8HX35FF70	0
A3VY0DWYLV8HM1	3
A3VY9ZEUGTD2PX	2
A3VYEZB2NO87M	0
A3VZCJWM4E8EEN	1
A3W13O72HQR96	1
A3W20U6SOGEK96	1
A3W24L04MLW7VF	3
A3W29QTODGMKYC	3
A3W3WY2LYBGPFG	1
A3W40I21PC3YXK	3
A3W41VHLM0ITKM	3
A3W4QXKHJSDBY9	0
A3XP0AAYBTULG	0
A3XX2FCQQU8DS	0
A3YAYCZOWDMVY	0
A3YHS12449C1Y	3
A3YMGSFPPBU2O	1
A3YYI230QZ1BX	1
A3ZFETLYITC89	1
A4083NAOKMN4D	1
A40ILJ7X4N5SJ	2
A41II52YCOH8Z	0
A42108N5PJ8JG	0
A429IUVWDCAV1	3
A42CIBL5TA96K	0
A42JNLUNUNMT6	0
A42NR8ZKBZK7H	1
A430KUB0OF00F	3
A44EAWDIYSKA9	1
A44V99PXB7RCZ	0
A4598OIO2K8CQ	3
A45L6L7FD1A0D	3
A47MN83PKQZ72	3
A47Q26DA5037K	2
A47XH4M1APKAC	0
A494HFUJDOYBV	2
A49II4SHZHL3G	1
A4AQA2S8MWOLZ	1
A4BGIF6WDOLPB	0
A4BIWJ7GURFBI	3
A4BN4G8AGGU6C	0
A4C8O9TUGI8HE	0
A4D0VH8ILBILA	1
A4D5K46P2LBPD	1
A4EGD37KNXM7X	1
A4FRIC9KN9O0W	0
A4G5G2E9F4MQJ	0
A4IKILMR3YHB3	1
A4JYL863OY3DU	3
A4LR5VOPEWYDS	3
A4M17S60NJNHX	2
A4M5FY5JOYXRZ	2
A4MPX9G36GG4O	1
A4N53D80JAB0A	0
A4NNUITTEF6YA	1
A4O6SBPLENZHL	1
A4O8419SE829C	1
A4OJMXH7FT3F7	1
A4OOKC9ASENHX	1
A4OVVTZQ4K6YA	3
A4P2F2OKKBDHR	3
A4P9WK7Y65O58	3
A4QJKT4IJ0ATJ	1
A4QX1182FGNY4	1
A4VTXHSR1H10J	0
A4W35376SKXQV	3
A4WQ4T7UJBG8B	0
A4ZSJWE5MIM2F	0
A4ZUYJBLSJTOA	0
A51G7VMFKE3FK	3
A51U5YV1PKII1	0
A53EB8XES4BBL	1
A53N6OID1UHB	1
A55TM8LLF9YZY	0
A56P12OFSZCVZ	0
A583YTTF3FZ6Z	1
A585E57B94ILE	1
A59AMVSJ5ZS7C	3
A59KJVA39AA1V	1
A5ANIR192BCP2	0
A5BGDZ04UC1T2	3
A5CXYM49MWZOD	1
A5E6K4OP32P6T	2
A5HJ6FHOW185T	0
A5M168UW38QYC	3
A5MGFEPFA6ZP1	3
A5OFL61ZG71BU	1
A5OHGKZEOVVAS	1
A5PP23HAVJFZO	1
A5Q7MVZKJ8LNP	3
A5QPSN9NM1TUW	1
A5R50YN992294	1
A5RJO563EUV3D	2
A5S0QDDFOKD4W	3
A5UDRDW6ZHG8T	0
A5V34G66JTI66	1
A5V6KQRCL6ALT	0
A5V75QX2QWZA3	0
A5X4104WK0MUK	0
A5YTGBQJ6Z2EO	3
A5YY21H5SGE44	3
A60KBZ9UZPOD6	0
A61H299Z6X5GE	1
A61N4QIBB2T35	3
A63GNKV5ATLD0	1
A64RT8EJVLRGE	2
A656A65H4L0BR	0
A65DFK1MSAFGA	0
A65OB503UMUJE	1
A664BU0D5XYRM	3
A66OKY2D0C2JF	1
A67J9X3OIG7BJ	1
A684ORMPK1PZY	0
A68A158MWXNZ1	0
A68XYPAC9BSAB	1
A6ADOEO9S23JF	3
A6ARAKLYO6QB	0
A6B1LSTODH6EO	0
A6B9IVGREKNLZ	0
A6BA8QB7YGQ4J	0
A6CGVA287UQYB	1
A6D31Y8AXACJ4	1
A6DTK66VNSNPE	3
A6ESAPI1QAQUD	0
A6HCKPAECCF6	0
A6I5QQ3UO7BRR	1
A6IFM62JTZY60	1
A6ISGT1DRP84C	3
A6KZKFIXWYZJI	1
A6L5AZJFECXP4	0
A6M3OV20R8RA7	0
A6NQMWUDK0LTI	1
A6O3H74XMNQIX	0
A6O4Z9ZVB9E4A	0
A6PPVZG3E8UFS	3
A6Q12I3MI42S5	1
A6SJBXVMHIDPE	0
A6TODBFGICSKI	0
A6TRCKQVPCKXC	1
A6TZ3MADN1JSU	2
A6U0DQOOYIX1N	0
A6UKW2K1AM9U9	1
A6V4TO4RZK6YH	3
A6VZABYTEHE8P	3
A6YFKAG38OAAW	2
A6ZZ33MZIXS1O	0
A73ZQDWRHWMVZ	1
A751T4K0SUAJR	1
A755BP27TDRIU	0
A77ZY1HAHE8VE	0
A787VE9P5HUN0	1
A7ABHO6OPZ6FF	1
A7AJ4RHFYMIJ1	1
A7B1EBKWC7D35	1
A7BGLEXV79N4Z	3
A7BNYBATOX2HI	1
A7CY5AXGARGBJ	0
A7D8166K8VI88	2
A7DYBDGVB2LC4	1
A7E0PRLZT0ZMI	1
A7E7O6UD8LI9Y	3
A7EFNS33GHK7C	1
A7HBRCQAXV0I3	1
A7HXIPX4NLII6	1
A7JN2GGAQ6CB2	1
A7K0LEON3MNE7	1
A7KCKBYU9PPBR	2
A7L5LKSUQS3PH	3
A7PR8081PBUJT	0
A7PYF2ZN0615P	0
A7RZQYUYD1EY	0
A7SI38082LDVJ	2
A7UG9VMAGGID5	0
A7WLP9BHBNDLD	2
A7XNAR6PYJXGM	1
A7XUS926VZYK8	1
A7Y4VMV1H16H5	1
A7YTE7L5VFSE7	1
A7YUIKV5Q2OQD	1
A7YVBNVGWN6M	1
A7Z0LNCY7Y91W	0
A7ZWW3RLVR8T7	0
A805LMHV9G3N3	3
A80TXV9F8ORDA	1
A82OQ7VGNIXPP	1
A82PCB9BOXL1Z	0
A83I2S2W31SZV	0
A83XIYZC1J1X	1
A84A2FUVGG6WF	0
A8710RWTFG3IY	1
A87BXCYUAGKJQ	1
A883E4LN9IZ8E	1
A8AAGTVALUURO	1
A8BUSKAENBYFZ	3
A8BXVF17FSHRO	3
A8C8IDHNBGLIA	3
A8D516CEYX8U1	0
A8D7PR1H9GKN7	1
A8DXBXVP7JAKC	1
A8EE22YQFUAUR	1
A8EU6Z51CE9DB	1
A8FCZTLMOUB9H	1
A8FMPVR4O0TBU	3
A8FVGYR6OPBR7	1
A8GYSB35D05VC	3
A8HZX053SXGYE	2
A8IEV0HNF3Q7G	3
A8J9PKLJWEP57	0
A8JAP6CHVZSVZ	3
A8JCV4V3M8PS7	2
A8JZTT4XCPYVA	3
A8KSQELGP7B51	0
A8NCE3TDPY1FA	1
A8NMIYQLASYIA	1
A8O7SYBCZVWXN	0
A8OD4QGM60CZM	1
A8P15D96DOPG7	3
A8PBH4EHHXUJC	3
A8POZNI1KB5MJ	1
A8PP8NPRJSAKO	0
A8QILRJQ3QNDP	1
A8RKF82EMP6T1	3
A8UBAWM2YYGMT	2
A8UXKN9W8M566	3
A8VHTSVWUEQ1Y	0
A8VNGPGOGTHG1	1
A8WS3AII7CO10	1
A8XEFOOQS8UHU	0
A8XIT00QPHB4T	0
A8XLJEJ0AUQ10	3
A8YPP9PDQEH54	1
A90XRB7UKGG2N	2
A917QLQ3PFL41	1
A91ALRTTEOPMQ	3
A91TAIIM4ZB1I	3
A92WT04SNM36G	1
A94GVM3LPHNYZ	3
A951I9JGY43CZ	1
A95LXRMJ8BNK8	1
A9B07UI4C6NO2	1
A9B2807YE1IUU	1
A9BDQX1NOP4WQ	3
A9BLZIMOB9E1J	0
A9BRROJMVLQOH	1
A9CNBLXYYWYD8	1
A9G9EEQPPGUG9	0
A9HS5GL6JDXZ0	1
A9JKMTWZNSQ5G	0
A9KBC13CAT0SK	1
A9KV670CXN96R	1
A9LHKBGZK9DQD	2
A9N3ZHEPL4LSF	0
A9NS2SI6TEIZE	0
A9NTNTU6AYM86	1
A9Q4A3J0BBYSS	0
A9RVVB8UFLKO	3
A9TK3PYDC0I6V	1
A9U62H8F2OM26	1
A9X9LFLS1NJUM	0
A9XBZJXDKA33M	1
A9Y17FS1PRTIE	1
A9Y6GB1FNSE4B	0
A9Y9P564VMGVL	1
A9YM4LZD51EX8	2
A9ZJIHBA7OZTH	0
AA0QGRC20841H	1
AA0QINK24YP0J	0
AA0X1XXWBVKKD	1
AA0XMUF9TB18J	0
AA1P36UUOPXU0	1
AA1SS5D23U2S5	0
AA215YNULN1F6	1
AA2VUXFWUGBWU	2
AA38EUMBOETZS	3
AA47VO21DHN2O	0
AA50SX61FIOO8	0
AA7EWJS9EJNNU	1
AA8MN1Q8B1RC8	1
AA8ZNPCGGRA65	0
AA98LMTROQDD0	0
AA9GMMQRGKKLR	0
AA9JE9NG38P0Y	1
AA9ZQAQ8BQIJX	0
AAAW9GH888RKM	3
AABKG6ZZBUJAZ	1
AAC2PPCNTJTSU	1
AAC4EHKLLP2AE	2
AAC9KXIL8A53A	2
AACEZAH71JPYN	2
AADA40S35I2RH	1
AAEA11BG981JA	1
AAEJSDAMAV8PP	1
AAFV57VZJ6TIY	1
AAFVFQO3JDHA3	0
AAGFS9KANKWN8	2
AAJ1VF8RWZM3H	1
AAKKOHVSZZTQS	3
AAM1HE7IAQINV	3
AAM4YWYICQYMH	0
AAM9HFSC6CEGE	1
AAP1SNW622SAK	3
AAPPVH64EADW7	1
AAQBBVSZTDSNS	0
AAVFQ9MOMROFY	3
AAVQXBRFC301A	1
AAW11U3MHB24Q	3
AAW69DI8OZUMR	3
AAWCXB4J7COVX	1
AAX6E3KX1LQCL	1
AAXQ991SPU2S5	1
AAXRQW33NYOB8	2
AAYRADOS9RFGF	1
AAYT7W0ZJBYJ9	1
AB094YABX21WQ	1
AB1VU08P34L7M	1
AB205ZGIYEKWV	3
AB20Z1RFM6NMY	1
AB22BH0UR1PJT	1
AB2A1P3KVR56I	1
AB45RP3CWTO3N	2
AB4U7YLAXYAMI	0
AB4UDXJ4946QB	1
AB5PU4AJULHE3	0
AB7H23B839BVN	0
AB7JAWVGTU1DB	3
AB7XVX20VW3HV	2
AB8EBHX4P2UQ8	1
AB927J8K5ED5X	3
AB9DZRA2Z5BYX	2
AB9W8KXYNJANM	1
ABBODPTGRX7Y	3
ABCBWSI0VNWH9	0
ABDKRCIVGXH1H	1
ABDUIKJ2O1CM	1
ABE9YEMZ2XWD	3
ABEIZ6F11TU5F	1
ABFOOUTTTX31N	1
ABIWW6V0V01L6	3
ABKCMDHHD6TOL	1
ABKJDMFLE8DOG	0
ABMGITMS3KKQ1	0
ABMKLOA6J4XKV	3
ABN0O6TYSFYQQ	1
ABNOG33T83B9H	1
ABNUJ0BNL1KCM	1
ABOIP8WUUJZ79	1
ABONF1J2N5TT4	0
ABOTQKAC0YM9E	3
ABQ7HQG6LCD48	1
ABS7TTY6HXCE6	2
ABSL47W3ADWRA	0
ABSLKBTFMQEB6	1
ABTUBS6S9DK35	0
ABUP465Q36IEO	3
ABVW46C98FC23	1
ABXDNI1AM2OI0	3
ABXWQ426382I8	1
ABY2288UM1BAH	1
ABYOUE1EYREYK	0
AC0SR3JIQBRIS	1
AC17CWF6BOXD4	0
AC1Q2BLTAFLSG	1
AC27PJAPPFM7M	1
AC2DDLWR3XGSY	3
AC2WNRVJJXM1F	0
AC4VHXZMT80IU	0
AC74B2HHQ2CW4	2
AC7AJIPGE9Y48	1
AC7EC0YBK2KSF	2
AC80FL4N8HOP1	1
AC8A09ABACUB2	1
ACAUXC3YDCVJC	3
ACC4AV770427R	2
ACEFHYEC5D7Z4	0
ACF4DYZGKID3R	0
ACFRHWF5Y7QTO	0
ACG4XXEKWOVB8	0
ACHWDBE5YGJXG	1
ACI90TLCAXXFE	0
ACIQRGQMA17QS	1
ACJIDOSJ1C61N	3
ACJT2JX3AIGWS	0
ACK7NAIZQS6AS	2
ACKYVSYDW8U5J	2
ACNCYPB9R3CAH	0
ACNFSBD1R72D7	1
ACOQ6C8IX47A6	1
ACPQJH6RUYCTM	1
ACPSENP0EQE49	0
ACSITCHLJMRYQ	1
ACU5OX4QBTZ8I	2
ACVIBGA9TW9CM	2
ACVWF4ZVBJ75X	1
ACX3Q0ANXDB0A	1
ACZ6CN17BD255	3
ACZ6NU3I4YR5X	3
AD142HQYR488Y	3
AD188KVKL9W8W	1
AD29HYIFC4RHL	0
AD2JH1C0SEQNB	0
AD41D62MRDHPR	0
AD4FG16X144PD	0
AD4HRH01KCLN6	1
AD4JREIWBZ4ET	1
AD5P4LDFQ6QF	1
AD65I7SAP1XMW	0
AD9DYEZBHRR3G	0
ADAY9OY5DKY50	1
ADB33AIFSIQMI	0
ADB6SWYMTGX93	0
ADBKHKNU6JGS1	0
ADBRHF1LLW9XR	0
ADE14YK9KL32U	3
ADEFJFM9LTXZA	3
ADF4J7XWOCO1N	0
ADGKEP63Q1M3D	1
ADGZ1AUUKZKQT	2
ADH3TTPS6GZ3A	2
ADHKA6X1GZA4U	1
ADHQX3QJP82L4	1
ADHUABCSMDUM2	2
ADI114JY862GX	0
ADI2A1PXQKJFC	3
ADI8PM6S7Q0VC	3
ADIMZDAWIZ1UO	2
ADIUR4S3SHZ89	1
ADIYQN5S37V17	0
ADJ6HYV2SVOMX	1
ADJFEZLUTV7LF	0
ADLKIB22D5JAN	2
ADNFSZ98O5UGV	3
ADO2QTXN22Z9K	2
ADQJ7N1YCTZND	1
ADS98880R8CTH	1
ADSZQOWVRZ78S	1
ADT1G0IMUTK96	0
ADT7W130RP2VA	1
ADTYF2N63PYBH	0
ADUPZFIJT04ZP	1
ADV7VXF8KLFYG	0
ADVFNU8AS85FX	1
ADWPRURWXC5EM	1
ADXUJYVJ833VF	3
ADXZ2RON7L8WD	1
AE08WFNWBN8N4	1
AE0WN02UFOZ2K	1
AE3ACJY73LKJ7	0
AE3J298SUOHLJ	1
AE3YLOLQEECSP	0
AE4OBU6QJHYMV	3
AE4QQXEOZYIUR	0
AE4S94F5OMVO2	3
AE5K68VPZDVRH	1
AE6970JOZCKSY	3
AE785TP1PNF4C	0
AE7J7R3E48GOM	1
AE84L6RPHGE1T	0
AE978VLM9YQTN	3
AE9PDCYIDCC3A	0
AEACCR11TC1ZL	3
AEAJRLKBEIUW8	3
AEAYEITHPQ2FY	1
AEAYXHPQNNSRK	0
AECJM607B32GG	1
AECOIDBOE3ONJ	0
AED9ECQEV7SUU	2
AEDL388DSO93Z	1
AEDRQB86YETTQ	0
AEDXD8O6JMHV4	3
AEFITEFFACQ1V	1
AEGLYJYV4UQJJ	1
AEGOJM3JDSFLS	1
AEH07E8UWAQKJ	1
AEH0H9P14KTAR	1
AEH2I8H7L171R	2
AEJPJM2E43OZB	1
AEKCEFBU3A5Q4	1
AELFA5JZ4KJTB	2
AELXPRAGKLERS	1
AEM192DI1VDJO	1
AEMIPUKP4YK5Z	3
AEN3M6RYKACUT	2
AEN59CRZSRPME	1
AEO2WJ1CVM0EH	0
AEPACI4OEJ2IX	1
AEQMEG0S54NVH	0
AEQYV00OS5FU0	0
AERZFYFB3ZFH0	0
AESGXCFQVNK6H	3
AETSI2Y38ZTBR	1
AEUP3BYE86XOY	1
AEV7U9LMM565G	3
AEXLFJF7EYM66	2
AEXT4KGURPU61	1
AEYDC0ZD79H66	1
AEZUPF0ZMTUL	0
AF0CUB2NNEORQ	1
AF3W7HJSZG8RM	0
AF47SBURAZUZT	2
AF47VDHYK771O	1
AF53KLOK7NODZ	1
AF5MPNY9GWJEZ	3
AF6D9XWJCXJ8	0
AF78YPTFN3LI0	0
AF8I84NWDAJFS	0
AF8SREA2XE7BJ	3
AF95J75HSHQ3J	1
AF9CSZZBG6YS7	1
AFAW7I6VTACJ5	3
AFBARBSU7EQCY	1
AFBQDO1DETN6Q	1
AFC5QXNSYPIGY	3
AFCHC8KXGG7KZ	0
AFCLCMFDDAS7G	0
AFDIIZ36YSFTD	3
AFDXO09QU4F66	2
AFEB18HWJV9YE	1
AFFAZ4TETC0HU	1
AFG78RKMTITWW	0
AFGALLR5EVK25	1
AFGNQTQILLRXN	0
AFHPY4QTBMSYH	0
AFI78ALYX7ZFX	0
AFKHC4W98E9HI	1
AFKIYT4EKY5OW	1
AFKX97YDFXI7T	1
AFMS1KFFSQY2K	3
AFMS38E1M9G1I	1
AFMWWY10U9VJW	3
AFMXLV0UFLE26	1
AFN0K0YX5668E	0
AFNEVYZSRPMZC	0
AFOC8VRFP5LV9	1
AFOEOP87K031I	2
AFPFG5S4MP443	3
AFQ3Z3E5XB0CS	1
AFQBCU3PT40R5	0
AFRQQQ918CILK	1
AFS2VA6XKGSG5	2
AFT5GEHOMF11O	0
AFT8SHGI1LCID	1
AFTKATGD5KBGY	0
AFTO7QPATCWFO	0
AFY62LCCJEX7M	1
AFY8YK6PJ1C33	1
AFZKG7MVKU00G	3
AG0OMSXF8BHAF	0
AG0RY4ZZRCDY5	0
AG13QBFRIS62A	3
AG1M22OCME303	3
AG1YBK6HEA08A	1
AG339DCHNJ9O5	0
AG3FYOB9BDRCV	3
AG3OAXD6XZZMY	3
AG3YHDSI52BQF	1
AG3ZJG2Y603I9	1
AG3ZKK61Z1O9V	3
AG4CGX9BV63PC	0
AG5ZX1QDBXZCM	1
AG7CXEXJZ13OW	1
AG8FKGJ798JM3	3
AG8KUA1M5A11E	1
AG8R69HAFO62	3
AG9H2U3TJNJ7J	1
AG9UO0GZ6NIHE	3
AGA0MY5ZDH5SR	1
AGA8MLV5MZMN0	2
AGAHLVGW2Q7N3	0
AGAKXSU6EUXF6	1
AGB0Z4N9E71S	3
AGBPWO1SNCYOM	0
AGC1S6JPVRORP	1
AGCNTK0HWDJ8N	1
AGCS3OFIM05GU	3
AGD5PWX87ROTW	3
AGDN5XJ2HO19E	0
AGER81TMIRGUF	1
AGET505YMIGBC	1
AGEV4856MHZZ0	3
AGFXRHX9U184C	0
AGGOLBXLP3P1D	3
AGHA1CKJ9I6SM	1
AGHFR8PNSF9SY	2
AGIAMQQZYUEVQ	1
AGJRO2CB97BX2	2
AGLBZLQIJMSZT	2
AGLX6F19BKWV6	1
AGN73ZI19O045	0
AGSXC38UWD1WN	3
AGTLVL0NI7ROW	2
AGVKN2ZLW4VFO	0
AGVMCMGRQGPFA	3
AGW19EDH3NHWO	1
AGW7ZH4JCOM8Y	2
AGWFJXZZDMEM	2
AGXD327INL7WO	0
AGZU4E66D52UN	3
AH0O9FI5USU0E	1
AH17L6MEYE441	2
AH1EEW7IS1WND	1
AH1MIAI6SNXNL	0
AH1WJMRV4YV3S	2
AH208EPAONVJW	1
AH5BGAU2IPGGQ	2
AH5IY26YHXEUU	2
AH7AWRL6KPEPL	0
AH7CYCNCLY8JL	3
AH7K0Z914FUS1	1
AH8LY921SYG9S	3
AHA9LAT6M91LT	3
AHBD11MPPW98M	0
AHC1OP9E3SVJJ	0
AHCKJKEI783IQ	0
AHD37ZKJ5ORAG	0
AHE92C0KT0F8J	1
AHEIXJ9EKOBCE	3
AHFUZGR24SGMI	3
AHGABK3NMELU	1
AHHI9DP96HJTO	0
AHIPQPF00TEOH	0
AHJ7YBY8ADMXX	1
AHKGUPPBIQ2YS	1
AHKJ8QX765M8Y	0
AHL98CA2CJHQF	2
AHM41OK2PMGQR	0
AHM7TKILKCC5T	1
AHNGIWZ5KYL2F	1
AHNRYW21FFI71	0
AHNYS6Y23BGUH	0
AHO8ZUAN471N	1
AHPYWDCNVIX3C	1
AHRY32NHS66PU	0
AHS6T58G6CJ3T	1
AHSPXUMZETTZO	1
AHSY3YAD8ZR8G	2
AHTRAZC22RDFE	1
AHTS4VU2MY998	1
AHUW2R5C0JV34	0
AHVOC8UN5S6TP	0
AHW3Z15Y4TKV6	1
AHXMS6B2H6J62	1
AHXR7WAHZNETT	3
AHYPIR8HK7F3Q	3
AHYZKQU4LMIQ6	1
AHZBLYHKA6M5N	0
AHZIRRZPES0XS	1
AI05P2I6RWJLV	0
AI0DQ76KAL3X9	0
AI0M1Y0450SAL	0
AI2BHREOU64D0	1
AI2O3PDCTMQNY	3
AI37UHKQI4JXO	3
AI4GOMXWY213R	1
AI4XPXYG22T3K	0
AI60ZA5BVPX52	1
AI6VV3H41R3RM	1
AI6XLVCINAYYH	1
AI75PF6MIXKXU	0
AI7NPGMRVGYHC	2
AI8UOKCB3FHE1	0
AI94KRUVA2QWC	3
AI9HRAN96GT9P	1
AIBB1A7AT82FD	1
AIDQCXAKCNDX7	1
AIDR65RMDYJP5	1
AIDX2MKIIF2OO	1
AIEN3QW6IDKH4	3
AIFM0H1XCCBPA	1
AIFM1Y22Y8XE4	3
AIH1AT7AHKYHF	2
AIH1FJRDAEF4K	2
AIHBUTQHJKEN1	0
AIITGY2WG2W90	2
AIIW0X1VC7Y0L	0
AIIZAE76XNPY	1
AIJ9JAEN6FYIE	3
AINO4AKN7H5KP	3
AINZSSNU52SMH	3
AIP7X9PXRM3KY	0
AIPGBTM6TJ9IN	0
AIPJFP5G17SMU	1
AIQ2QBW8RIG6F	0
AIQS9IIY9BG1G	3
AIT54VIH7JS6T	2
AITB14GZB40WH	0
AITH8C2FML1DZ	2
AIWNA9CO69GZT	0
AIXWK5S4X1LFX	0
AIZ35MQ4789DB	1
AIZH1RFUT4S08	1
AJ1FI9EJMR3TV	1
AJ1S1YT6JWXYW	0
AJ2IO0P4V9CD8	2
AJ2XXMN3EZ1QC	0
AJ3QT44MGTX3Y	0
AJ431FG8SOQ4G	3
AJ662BBMKNWH7	3
AJ6ED6DFAIO6	3
AJ6MXIEKHHY4X	1
AJ7JTIP1D0J88	3
AJ7L5NX2LWJX1	1
AJ8TTDGADMBFO	2
AJ92AN4C0FQOQ	2
AJ9UKEDIHCNIG	1
AJAQW709GVEP	2
AJCNNTEOEHGQ5	1
AJD48ENUOJMST	3
AJEAP1T1K9S5O	1
AJFD4WQNK4D8C	0
AJFHMT3YU8AEC	1
AJGC1OQAR0CBN	3
AJHPA9PVS2JAW	1
AJJ8JHHDH13V	3
AJK2NHJE1CAKI	2
AJL9ZNJFRV71O	1
AJLDA2TMGCPGZ	3
AJM05EYT7T0KM	0
AJM75SEWITJWM	3
AJMUFKBNU2VHA	0
AJNLV9VYZF2UZ	1
AJOAAIXNIE33A	0
AJOH3QRLNNL00	3
AJOUWWDVKS0SH	1
AJP417ZBALVYX	3
AJPWCO30NY50E	0
AJREFOW82INJP	1
AJRL7KG8DWVYE	1
AJRSMFR95I31P	3
AJTS5AF10C88S	3
AJU2PGJQAZLX0	1
AJULHRD0P2XWQ	1
AJXNHH93RY88T	0
AJY4XI3RBP2O9	1
AJYEFBKHEGRLV	1
AJZ283R5XW5OX	3
AK16KSPRGE7M9	3
AK21SSYEL3JUZ	3
AK2VSD7OSDQRP	0
AK3402G7FO7AY	1
AK3Z85359ZI18	3
AK5SYO2TAMQ78	0
AK6CR6NLRIX64	1
AK7G3699HGMIV	0
AK803F3ZO19CM	1
AK8SPSRLTLCL2	2
AK9G51HW6CZU3	3
AK9YYAE7B04HE	1
AKAL75NZQG8SS	3
AKAPJ8NM1JK8F	0
AKBQ0KMTELKFU	1
AKDB29XV3MHLB	0
AKE0VQRJGA1MR	1
AKE6VC7D3GK4I	0
AKFZVY9YFXML2	1
AKIN43MKZJRR0	2
AKJAMSBKKRIL8	1
AKJCB2KRICTJL	2
AKKQPBCAFWM34	3
AKLF3LJVEPMO7	1
AKLXUOYWPWZ7A	0
AKODFFBTJSK9I	0
AKOKDEOS4Z95	0
AKOUGJVF1B71E	3
AKQHPFN2OYXDL	1
AKQPPKQS9YQW9	2
AKR96YO0ES0JY	1
AKTHOTXEE6Y8C	1
AKTJDS2UHZSDJ	1
AKUKZYOW1Q07T	3
AKY6ECJ3OKNLP	1
AKZSLUJ75JQPN	0
AL17PM6GAU90N	1
AL1GMZIERM69L	1
AL1MEN095X6C5	3
AL1QACYPULFN	0
AL2XXUSG2IS5G	0
AL3QEZ0NO723K	1
AL3Y9X83CIDDF	1
AL64SMTRB7SVK	1
AL6OU857IOFT0	0
AL6RIQCZPJD7F	0
AL7PC13ASMXML	1
AL8AEF117QLVB	1
AL8N34BPUK56G	1
AL97UDQWJZWPA	0
ALBASAZVGRE8J	3
ALBF424MAW3DU	0
ALBHUDJERARAX	3
ALBZTSGWFWLC1	1
ALC1T5ABKIUE	2
ALCPGPP1PT1T2	2
ALDB32UJFPJ4L	3
ALE2HZ8A8YY1C	1
ALEGCVICTOE3A	1
ALEUNN0XEUQUC	1
ALF0FIBIU01YE	1
ALFRMOGTO1K4M	3
ALHT04YCF2EW6	3
ALIVDRQGLL96X	1
ALJJHGNA3U1IM	0
ALMN25HZ0AG3V	0
ALO1VBHNHAS41	0
ALSJJGTYWMHCA	3
ALUYO5LFOZ65L	1
ALW2YYKLOGLFA	2
ALWI87QA04OIT	0
ALX0IQIMB3VVJ	0
ALZ06EAHW1KFO	1
ALZNT57WHMMJP	0
AM0AGUN3505JN	1
AM2P1OBZXGUQL	1
AM2YKKOFC5KQ8	0
AM3VL5MFXL41V	0
AM3WQEAA2ZRC1	1
AM5NIO9CF7R6W	1
AM7BKAD5QRBT3	0
AM7PAACCTW5JA	1
AM7UJPW3PI6R9	3
AM8C4SEC6IM7M	0
AMCYNFYX2VPQG	0
AMDWUSDPX48AB	0
AMEYEQ3DGT9RU	2
AMEZZER4C8SZ3	1
AMF3MGSAZK7Q0	0
AMF52EZBA31WQ	0
AMFEHZVA3L2TI	0
AMGTFGB0QOUJU	2
AMH34DUPANIZZ	3
AMHIEUV2DVI3S	1
AMLBYKOY6UXCB	1
AMM0KGRWZSG4B	0
AMND5JWE3QGLB	0
AMNT2KFM5KQXB	0
AMON2QNCTNFXN	2
AMOZULBUH2JIO	3
AMQ7Z3509GPBJ	1
AMQYYAV8Z9I6P	3
AMQZWPW1PTBX2	0
AMR5GH7SIZYNA	1
AMRCP8I4BCLPW	2
AMRO7ZED20X7Y	2
AMRP0GD0MR54G	1
AMSD8XFDJ6JSR	3
AMT29JS8W10YW	0
AMTRIHW52GLJF	1
AMUID0H2KID5M	1
AMWJHWNU7LEOH	0
AMYT1CKHY6L9Y	3
AMZ2T334DTCVG	1
AN0NL8U1I4929	3
AN1ZWSP5YUVZO	1
AN2HXTKZU48X9	3
AN3QQSMSA80DR	0
AN4TG3XIUDUYL	0
AN4XYYUZS2O48	0
AN7D4ISJ75IE0	1
AN7PMIKGQ1ETW	2
AN7SH5IZPLPD4	0
ANBEF6WBF24PB	0
ANCE5WJO7QU4Y	0
ANCOYPEDP0KTV	0
ANCZI0FHUWENF	1
AND2MLPXGPTU8	0
ANERRVQLPWSQJ	0
ANF52B4EYP9RG	1
ANG1IAGZ5ED5P	3
ANHT5VTUF95C2	0
ANJH43K5Z4LGW	1
ANJPD89UHDXFV	1
ANKJV8GEQXL22	1
ANLUCEE0PSQX7	0
ANMXGSAPW7S30	0
ANNACWI3B45NA	1
ANO0RXD1LFCQW	1
ANOHGVWM8P6U8	2
ANOXMQWCAFGVM	0
ANPUEDIHX18H0	1
ANPZ1FZJ3CNP6	0
ANQOEHRTBYCSV	1
ANSFFSC7WLVAU	1
ANSIFHFV7O9TU	1
ANTD7V8QDU4F8	3
ANW2BGM8JU0XS	3
ANW62XOZDRJYE	0
ANWLHX547HUAQ	1
ANXK2FWN5DC3A	1
ANZTB1R1FOVZN	3
AO03FOKETJOKL	1
AO194R4Z4K5Q4	0
AO1D53RS42EH4	0
AO2GWLCE9HXA3	1
AO2GZG0N16FCD	1
AO3PSYXLS789T	0
AO43NYV6UR5TW	1
AO449YOTW2PCT	3
AO4YILECEI60V	0
AO5K3Y84BISA2	3
AO6BS2NVR9RH4	0
AO7CB0ORJNMZ	1
AO84KHY4RD89J	1
AO8IJFK6594RB	1
AOABODRERCA9W	1
AOAMT5CROAI1H	1
AOAV7YRGTS2BF	3
AOB5DWU54V3TS	2
AOBEUKTNEKY0G	0
AOC4Y64MYX3LQ	1
AOCV8FF8EOGPN	3
AOD9XZM38NRBZ	0
AOEGEPKUXET8A	1
AOGRYJFBL1G49	1
AOHG0UAMVNL8N	3
AOITINUD2FBNH	3
AOJQSBQLJ4OQG	1
AOLDIYMV8O0W	0
AOLGY0TTWHKRY	0
AOMBD35TCWUA6	0
AOMLI5VSO5675	0
AOMUEIHGPO17D	2
AON93VWBAN10U	2
AOO9WLONQE774	3
AOOW25GF0KR1G	0
AOP47MMLPAN4R	1
AOREJ6M604G7P	0
AOSOG740HXN9P	1
AOU1B0ZO5A2Z7	1
AOUUDODOZZYQL	3
AOZ2EEZ9O0LCJ	0
AP00U4ML1Z9GQ	1
AP3F08PKII6DD	0
AP4IIC6Q4PCPR	1
AP7MUE0N28FZB	1
AP9X34VJ8NWOF	0
APAH50K8XSJT0	1
APBJDB256YBG4	0
APBUI5BC7YD4O	1
APERJHBEYJ4SK	1
APH4EG6DRPMCT	0
APHHRQCV0TYMF	0
APHZO7B1EJBZ1	3
APIGLZZS13RJT	1
APJ27CG41UEVM	1
APJP2VPZWMOIQ	1
APKHV8UPAMFY5	1
APL32S06CLWU3	3
APL767KVWQCY4	1
APLTCX7H7J03V	3
APM86IKM8QP0R	3
APNWE1NHB5YYX	1
APPUSX8RBBJ6K	0
APRM44HMG8C84	0
APRM9DFOTGY4R	1
APRMENT0GOWMH	1
APSEZQ5V207Y6	1
APSQVMFRP6HAG	3
APT3VPFNEMKR3	2
APTQFUSWWCQFN	1
APVLI8PO3OAPN	0
APWEMNLR9FX14	3
APWOIZH8KN3L3	1
APWUKAV5TTKOA	3
APXD5B0GV982O	0
APYHSY5CVS48I	1
APZ0AVU4MJEPU	1
APZ4P3IC9H5WF	1
APZZH41SKNJGE	2
AQ1XULTXP085O	1
AQ27G5KNK1E1V	0
AQ2GRF95WRNV4	1
AQ2RJC9Z25A09	3
AQ3E6VK0BN5P0	3
AQ3KRL08S98UC	1
AQ40BIHNP7Z6G	2
AQ4LEUO1VMJ9W	0
AQ4UOFVNR6QY3	1
AQ709QESYGQ1S	1
AQ8DZOZDL0HCL	3
AQBDG504UBD5J	1
AQELZM3HPNX8O	0
AQG9DHMWQWQFQ	3
AQGJ6JCQHW3SL	0
AQHXS6HGXLFOI	2
AQI5VAS93VYJC	3
AQIALKV98UVE7	1
AQIZIZ5QRBNSQ	0
AQJ4C4IIERHII	1
AQJM3ML99LIT1	3
AQK76URE0WTU5	0
AQKEVW0K7ROW2	0
AQKPPA1E72L6P	1
AQL6N840FZMXI	2
AQM1BHXQYPQG2	0
AQMUHWS43GFI1	0
AQNDFZ25P7G33	1
AQNYU0FAHTLFC	3
AQOFLJ2IOMOO8	0
AQQ66JLSGY7T8	0
AQQ6NLEH6NA25	0
AQQGYZBFHIPBR	1
AQQW1FMOCFK5Z	0
AQRFEV9MY4JOT	1
AQSQ1TLOWTWVV	1
AQTDLVF2QYIOK	0
AQTKDM8P5SZV2	1
AQWKIM4B3XSW2	3
AQXG8FJANG281	1
AQY5SO6CY1IGJ	0
AQYN32KSZCOVN	1
AQYV8LPD68CGL	1
AQYVFWLLCZOXS	3
AQYY2OH4BRCZG	3
AQYYG09O1KV62	3
AQZF1VMGYSBBL	0
AQZQE5TS5FE4N	0
AR0Z2AVWQ8F1Q	3
AR1419TJAI1Z8	2
AR16U0KP4VD8R	3
AR26CU6QB26L	0
AR2V6KHGB2BKM	1
AR5TEL2TAIA1C	3
AR62PBHTBXIF9	1
AR701NWMHZGR2	0
AR8FKPQTWL3UC	0
AR9PYSGCC4A0C	1
ARAT4C6VUDUF7	2
ARCNX80X9JYI2	1
ARCXVZIY4QEO5	0
ARD0W6U2KN9MV	3
AREMQGGF4IGDN	1
ARFUQAF36NUFH	3
ARG4FWI9MFWVO	3
ARGSBKB6URF10	2
ARHRAJZ1GXU58	3
ARI42YYJ0QCTQ	1
ARIOULB7R4WTV	1
ARJ3Y8ZRV3WWQ	1
ARJ771PHHPW69	1
ARJDSIGYCMZ5R	1
ARKJXTG3MA6UF	1
ARKRKPLKDVB4A	1
ARLKV3PDAKQ65	1
ARNY0FUYM4ZG	3
ARO9OZS14HV4	0
AROA6VMK9QSB7	1
ARPUVNKS9MBEE	1
ARQ4L6BMH41SX	1
ARQSUGTXUFO0A	2
ARQVWC9U6U46A	1
ARSVYME8NM4J1	1
ARSXOHFV9HG6C	1
ARSZW27UETJAY	3
ARTDONNYC91E0	3
ARTXAWD584MAC	0
ARUE5AXR1K0XG	3
ARUWE49F6B5WR	1
ARXIGHAWK0B7Q	1
ARY42ED8FM4A4	1
ARYAVAJPECXKS	1
ARZ8J4NMQ0US5	0
ARZDOU921Y1P5	1
AS0Z2EKE587CW	3
AS1CYOUZE86G3	3
AS1I8JXXD0CM8	0
AS23OA2CJ9B4H	0
AS2JDYZCS8E0B	1
AS3EZZ9SBS5S8	3
AS3M6M3KFZY47	0
AS3MQURT4VXU4	3
AS4URFO7F2O89	1
AS55HGGR5JOJT	0
AS5A2TI7GHSS4	3
AS5RF13A4STQ5	1
AS690ZYXA6XCF	2
AS7YPRH7A7G5Q	1
AS96Q80OXS7HS	0
AS9DIBSZPUJKB	1
ASA3QBJ9GM3CJ	2
ASBMILXOJQRRT	3
ASCPLPTZA5JDH	3
ASCZLT6EAHERE	3
ASDKFBPOIQJK4	3
ASEW08C24UFWZ	3
ASFVAN2NQ9Q06	1
ASFZ4VSL6ZX3F	3
ASG1KIOZDWEHC	3
ASGKP8FDPZ30C	1
ASH1CVL48HMY9	0
ASH85IEL943AL	0
ASIE2Y0NNWZDM	3
ASIZ95477NASM	1
ASJA756Y774AL	1
ASJUJB13I0CXH	1
ASL42Q7LYJWFV	3
ASLE4JJ37ZAOW	1
ASNF2DP3BTADD	1
ASP9ZO2ST57ZO	2
ASR4JHN1LYEH6	1
ASREPDUX07ZBE	3
ASSCM10AMCLWJ	3
ASSQO7HOW3H1I	0
ASUW1OMWDO4YS	0
ASVDMYBLUIVSH	3
ASVMSFESKIC7M	0
ASXYC8ECP5A2Z	0
ASYJNKC8X8CI7	0
ASYQ98QGLG86A	0
ASYXZ0M6H6PBT	3
ASYYFNL5ENDJE	3
ASZB7GZXIUIT2	1
ASZBBEZT2GTQ9	0
ASZEH8XP0VFF2	2
AT2C2LE4LBLHF	0
AT4Y8DBEEKGV4	3
AT5TTJX3RUQZI	3
AT6QHLT5IJRC4	0
AT7GHJNZX68ZK	1
AT7T0CPPCNRA1	1
AT8PQRM3HXOWC	1
ATA8T0FOMGN5W	1
ATAOFHN60Y08K	3
ATB33FX8MV50A	1
ATDS5LPF2JL6	1
ATEFC8YP9UUD1	1
ATF50E2DDXCOC	1
ATFKJLL0D641Z	3
ATG38MK0X3S7W	0
ATHFACGRSWHXT	0
ATJ7T95HMN12D	1
ATJKKEWPK0O2G	0
ATK3R3K5FLBE3	1
ATKBC3OEPC2UU	0
ATKPPHQTVFPTP	3
ATNDZWKJYBU9Y	3
ATNTZ5623MU58	0
ATP2Y053GDQ75	1
ATPCIS7FFNJSS	1
ATSNUMMG8KJVM	0
ATV79G6J5Y7VY	2
ATWDCYVND935I	1
ATXG8CZXLS0ZL	3
ATY2GPXM5KOVM	1
AU1LLNZYUX8MM	0
AU2AGZPL5ZX2A	1
AU2J32U2ZD37X	0
AU4KADTG2LKB8	2
AU52ECKTZG49O	2
AU5B3AJTZFYIQ	0
AU605Z6OSYDMI	2
AU6DXQENFV3AO	3
AU6GAPS5YQY3M	3
AU7JGPGKP5M6Z	2
AU8BUZFVPCZMN	1
AU97TIT5QC74	2
AUAMQCYM2S7KT	1
AUCF1BCZROFB7	0
AUD1JPCPUQZRY	1
AUE0Y5F05SI7T	0
AUEXD60LCPSMW	3
AUFATM46AUXP1	3
AUFQ2DN4G1UR5	0
AUGIN02JXHF8V	0
AUH6WGIC7M6ZZ	1
AUHO0IIN9THFN	1
AUKNNCG89ATXO	1
AUM9OVDBGMP6N	1
AUMIWTCGYSUVX	3
AUPSF2LYKO2ZW	0
AUR6QO5DJB56	1
AURQ3S1FYW9DJ	0
AUS91AXFGUS7U	1
AUTPE2O5W63HQ	3
AUUEIFVY1CGBL	2
AUUFQ02CPZS0T	0
AUV6SCWVC0IS2	2
AUVVZVQ8N4RYW	0
AUYIA2AJKAPWR	1
AUYUYAS4W9RX1	3
AUYWXPRPUCCDN	1
AUZ8ZQMGHH57V	2
AUZW5QVJAU3GM	1
AV0VTM4ZHBOEL	0
AV1QPV28N5XNR	0
AV2KGC76804ZR	1
AV3AUFSA1DXVZ	1
AV410VQUE6QSN	1
AV49HBUTRNQDV	1
AV4IYRP2JQQ6G	1
AV53F95L890PI	2
AV54CIZPVCFX7	0
AV68EAVESMFB1	1
AV7E4VN2EKTOE	1
AV8FJOT9U9HXY	1
AV8P41HEN0AMT	2
AV9K5AYYVFA9	0
AV9X330TSNAG1	3
AVA02X16CWZLC	3
AVCLZD6OSWV0I	2
AVD4SILZ5H3L4	3
AVDPQTYU96NGI	0
AVENZHG2X8EKH	2
AVG0EHF4KM94I	0
AVGGNSSM4M9K	2
AVGH1EW1AYS4P	1
AVGRPJV04W6YW	0
AVH5S2CCPMP5I	3
AVHVTBN0MG5AZ	2
AVIA07ZGR8GZS	0
AVK64BFN0FNTQ	3
AVKFCOBOMMS6V	2
AVKH0KEZ1N24N	0
AVLF6BNSJINWP	0
AVLLVM1W48M00	2
AVM3G52ZUO978	3
AVMU5448N1WDL	0
AVNFB3JMN7SFN	0
AVNFV4UZ7O5EL	1
AVO8RXO1Z85Z3	1
AVPYH46EFAJUC	2
AVRAT9BBYQKKE	3
AVRSUV2ZTNJPY	1
AVSB9WUYZ8FQ6	1
AVSM60QK0M30Y	0
AVT6SKH74CGS7	1
AVTD2ZV9AUE3H	0
AVU1ILDDYW301	3
AVUYQ5OVFFWVI	1
AVW9P34UG7XSM	3
AVX7BKD3XRUGE	0
AVXEORTO113VS	3
AVXWQBEV3FUZW	1
AVZX8Y9QZHQT1	2
AW0F5WO40SHW0	2
AW0Q1DSLQA22V	3
AW19TQSUT8DZQ	3
AW1WA3R75S6IX	1
AW35DKZB8F0B9	0
AW4JE5JOOO930	0
AW74QZOCFWSMO	0
AW7PSS17RGM6P	3
AW7QSSX44418H	3
AW8N8CCY0I2UV	3
AWCAEMH383JY9	0
AWDDS4ABP4U7Q	1
AWE37O06OGAGN	1
AWEKEF7AYKZCB	1
AWGB1DWZ6U1FP	1
AWJKD1JSMKD9W	0
AWK7BS68QRF0F	0
AWKMRH9NIMLDT	1
AWKYBY7Y3E5VN	0
AWN87V7EMXF69	1
AWND2PX20RHWH	0
AWNJSJXQQHQNZ	0
AWNM26TST5TZT	0
AWPS3AU2EC4VS	1
AWQVZZB4UR55M	1
AWQWVFKC2RRN	3
AWRHVD1SXGSCY	3
AWS3N2TGYV232	1
AWSV4OF0ZOUKW	0
AWTOZXN8QZ5KH	2
AWU6ZWDUHDYTW	1
AWUF5GL6Q47R9	1
AWXM1CJ0F4SYY	0
AWY86J40OOOY3	0
AWYMGAG0KFYON	0
AWZJH452ZADA7	1
AX0DSLVHPZOB2	0
AX0DVHDY2J2UE	1
AX0L760ZHIZ67	1
AX0N1OJBSVJSC	1
AX13U5G896J1Z	0
AX3DFDQSEFUBW	3
AX3MHYS57PZBQ	2
AX3NM18HYF4DV	3
AX3ZM4167HTYD	1
AX58TU59E4ZSQ	1
AX5DURTJCLGMR	1
AX6JQPS6A7184	1
AX6Z93GUFDE1D	1
AXBGYVVO9C1DI	0
AXD8FHZRS5DV5	1
AXDYN195334LU	0
AXFHGOQHD7HNC	1
AXGDDPQS571TY	1
AXHO3E10QHF1S	3
AXIC1G534LXLP	1
AXKNMOECIV3ZA	1
AXKTC9FEVLY0W	3
AXL19PWYTC7GO	2
AXL7CZ1MI6KXP	3
AXLQWA6S9HVP2	0
AXLUHXWGVV68G	1
AXMKAORHPBHXA	1
AXNIPH95JFA	3
AXNNJB5BWPFRM	3
AXPBDHZ0ZXX3E	3
AXQE6BYU93DEH	0
AXS4UWR0FYRSG	1
AXSA8A06M0PR0	3
AXTF773YFSCN2	2
AXU349ZXVKIC5	1
AXW988UR1O5CE	0
AXWC4RD8UZVXI	1
AXWQGFSVTLYJE	0
AXY7PBP18XJJ0	1
AY021C8WVRSWY	2
AY094PIVYYGUP	1
AY0KRV7SNKLVH	1
AY2ROA3QBEGWD	1
AY2XE03OKCAGA	1
AY3HITUOV2UZD	0
AY40AUGYLQ7WX	0
AY4FDXMBMTOIJ	3
AY4YHX2TTBF8Z	1
AY6DR5S7ZIVWC	2
AY6F6J9UOBFQW	0
AY6GPNMHZC4YK	1
AYC0XQ49O5N3G	3
AYCZ1JT9ZK2FV	0
AYDFENIJEJHDL	1
AYE7P1MSRG75	0
AYFY88FOJTDFM	2
AYG373EDCD7E3	0
AYGS2GKR3PEEE	1
AYH5DAYXJCHSY	1
AYHI6N24E51XG	1
AYHPVK4NTYQB	0
AYIPQZVZ65FVA	3
AYJ2SUARBHXDF	3
AYJANEHH1QYF2	2
AYKPM8KRER4TI	3
AYL0DJQ6DJFYH	0
AYL8AYACL8ALM	0
AYN6RIP4I28DR	2
AYNHWVWXWHB2A	1
AYO05NGM2EX8T	3
AYP4R3K5BMC91	0
AYPF8LVUFBBC3	1
AYPKYR6Y4RPH4	2
AYPOPFZCKRPAH	2
AYXAZNPV1EQ6I	0
AYXNHI4OJL4PE	3
AYXOYE0VPR4GN	1
AZ16Z7DIK5HGO	1
AZ1WFZ8SI40BO	0
AZ314RZ3VJSJ6	1
AZ4AVP5DYOSX3	3
AZ4B6QL1K5674	2
AZ4Y5MYBPAA9A	0
AZ4Z5GF45C836	1
AZ50852ZXJ163	1
AZ54V6YQC0CAK	3
AZ5WEIETJKEOC	1
AZ722V85MXJ6Y	1
AZ784ADTYFNAP	1
AZ837LBSJLMUK	3
AZ97F7V58V634	1
AZAV2SIHOKH8N	3
AZB5SUIZRSZZ	1
AZBAVFINZ7M1D	2
AZBMAT9K1YUD1	2
AZBOSZ46HRP4A	1
AZCG4AS40X55P	0
AZFGCMWGCT1HG	0
AZFJSQQV5OOZS	0
AZGDWJ7YDETUV	2
AZGFIBEPXL8VT	3
AZGM1NPDZFM7B	1
AZGR6DS9EJOBU	1
AZHPIBVMJEMS7	0
AZI206H8O5OUX	0
AZI6FJVNU73QU	1
AZITQ3B1HTYCR	2
AZJEC9WIT26ZD	1
AZJWR5QHCC7RQ	3
AZJZJASH3Q5KZ	3
AZKDX7I05QBC3	1
AZM6G4LFLP2XC	1
AZMKYD3S76ZMV	1
AZNS7TH82KH9K	0
AZNSAA7E32NYR	0
AZOW5RYV11EPD	3
AZPU73G6DBPJ6	1
AZQMCPLOMGEUX	3
AZSKQWQM6BJDF	1
AZSZN38S1LZPB	3
AZY9N8RKSHY25	0
AZYSHS9D1PDCZ	0
AZZANAELY4O62	0
